neighbourhood,latitude,longitude,room_type,accommodates,number_of_reviews,review_scores_rating,host_is_superhost,availability_30,availability_365,amenity_count,desc_word_count,bedrooms_per_guest,bathrooms_per_guest,beds_per_guest,log_price
Outer Sunset,37.75771832480117,-122.50186608625332,Private room,4,162,4.9,t,7,264,32,51,0.25,0.25,0.5,4.290459441148391
Outer Mission,37.72979,-122.44791,Private room,1,13,4.77,f,0,58,34,23,1.0,1.0,1.0,3.9318256327243257
South of Market,37.7880767,-122.3896032,Entire home/apt,3,5,5.0,f,0,318,40,70,0.3333333333333333,0.3333333333333333,0.6666666666666666,6.396929655216146
Outer Mission,37.7321695,-122.4381584,Entire home/apt,4,3,5.0,f,7,7,34,72,0.5,0.5,0.75,5.808142489980444
Bernal Heights,37.74073324587487,-122.42311257753936,Entire home/apt,10,0,0.0,f,30,365,10,67,0.4,0.2,0.4,5.583496308781699
Western Addition,37.78641,-122.42302,Entire home/apt,2,0,0.0,t,30,365,13,8,0.5,0.5,0.5,5.0106352940962555
Twin Peaks,37.75647216901217,-122.44303595582892,Entire home/apt,4,17,4.88,t,10,160,46,69,0.5,0.25,0.5,6.366470447731438
Pacific Heights,37.79095,-122.44489,Entire home/apt,2,138,4.63,t,0,333,29,23,0.5,0.5,0.5,4.787491742782046
Downtown/Civic Center,37.78533,-122.41411,Private room,2,74,4.53,t,18,300,20,85,0.5,0.0,0.5,4.59511985013459
Castro/Upper Market,37.75860826964732,-122.44003275778896,Entire home/apt,2,180,4.92,t,9,316,58,86,0.5,0.5,0.5,5.25227342804663
Crocker Amazon,37.7113,-122.44475,Entire home/apt,8,282,4.87,t,14,73,38,43,0.375,0.25,0.625,4.990432586778736
Noe Valley,37.74533,-122.42489,Entire home/apt,6,5,5.0,t,14,158,13,65,0.5,0.3333333333333333,0.5,5.375278407684165
Outer Sunset,37.75861323195664,-122.4803451821208,Entire home/apt,6,20,4.95,f,0,14,59,88,0.5,0.3333333333333333,0.6666666666666666,5.4638318050256105
Mission,37.76493,-122.40559,Entire home/apt,2,381,4.82,f,7,221,34,29,0.5,0.5,0.5,5.099866427824199
Marina,37.799494,-122.434135,Private room,4,0,0.0,f,25,76,20,71,0.25,0.25,0.5,5.318119993844216
Bernal Heights,37.74049,-122.41637,Entire home/apt,4,30,4.7,t,9,221,37,39,0.25,0.25,0.5,4.700480365792417
South of Market,37.78555,-122.39549,Entire home/apt,3,13,4.92,t,13,348,55,34,0.6666666666666666,0.3333333333333333,0.6666666666666666,5.272999558563747
Inner Richmond,37.780889483505625,-122.46065338657884,Private room,2,45,4.82,t,4,316,35,73,0.5,0.5,0.5,4.418840607796598
Nob Hill,37.79046997319745,-122.40908511110848,Entire home/apt,2,0,0.0,f,0,7,20,11,0.0,0.5,0.5,5.717027701406222
Downtown/Civic Center,37.7884146,-122.4215935,Private room,2,0,0.0,f,30,365,34,49,0.5,0.5,0.5,5.572154032177765
Mission,37.75253,-122.40858,Private room,3,94,4.64,f,0,55,46,78,0.3333333333333333,0.5,0.6666666666666666,3.4339872044851463
Lakeshore,37.7248,-122.47402,Private room,1,5,5.0,f,0,254,23,81,1.0,1.0,1.0,3.9512437185814275
Downtown/Civic Center,37.78773770354714,-122.41179360750168,Entire home/apt,2,0,0.0,f,28,363,45,80,0.5,0.5,0.5,6.429719478039138
Mission,37.75308,-122.41771,Private room,1,0,0.0,f,28,363,14,62,1.0,1.0,1.0,4.477336814478207
Western Addition,37.78353,-122.44369,Private room,1,117,4.86,f,7,342,51,53,1.0,1.0,1.0,4.276666119016055
Downtown/Civic Center,37.77439433155615,-122.42219767449131,Private room,2,57,4.18,f,23,357,18,75,0.5,0.5,0.5,4.68213122712422
Western Addition,37.77806,-122.42364,Private room,2,15,4.53,f,22,350,18,50,0.5,0.5,0.5,4.624972813284271
Bayview,37.71647,-122.38993,Private room,2,62,4.81,f,12,12,57,83,0.5,0.5,0.5,4.465908118654584
Excelsior,37.7273438,-122.4106213,Entire home/apt,6,7,5.0,f,17,352,6,59,0.5,0.3333333333333333,0.5,5.703782474656201
Bernal Heights,37.7422025254352,-122.40842203159444,Entire home/apt,6,0,0.0,f,0,153,57,18,0.5,0.25,0.5,5.365976015021851
Ocean View,37.7177254,-122.4709917,Private room,2,0,0.0,f,16,351,14,22,0.5,0.5,0.5,4.859812404361672
Castro/Upper Market,37.76274,-122.44492,Entire home/apt,5,23,5.0,f,14,112,67,84,0.6,0.5,0.6,5.860786223465865
Downtown/Civic Center,37.78787,-122.41042,Entire home/apt,4,0,0.0,t,16,222,50,75,0.0,0.25,0.5,5.41610040220442
Excelsior,37.72716,-122.40977,Entire home/apt,2,211,4.9,t,6,238,45,74,0.5,0.5,0.5,4.406719247264253
Western Addition,37.77735311145105,-122.4240640435738,Private room,4,25,4.28,f,7,300,17,50,0.25,0.25,0.75,4.919980925828125
Outer Richmond,37.78104,-122.49449,Entire home/apt,4,7,5.0,t,1,205,42,68,0.5,0.5,0.5,4.820281565605037
Excelsior,37.73111,-122.41482,Private room,2,182,4.92,t,10,322,41,74,0.5,0.75,0.5,4.0943445622221
Mission,37.76909,-122.42368,Private room,1,16,5.0,t,16,166,22,81,1.0,1.0,1.0,4.189654742026425
Downtown/Civic Center,37.78541,-122.41053,Private room,2,4,4.75,f,0,141,18,80,0.5,0.5,0.5,5.099866427824199
Ocean View,37.72104,-122.44923,Entire home/apt,6,5,5.0,f,15,145,28,84,0.5,0.16666666666666666,0.5,5.783825182329737
Western Addition,37.7747403,-122.4358161,Entire home/apt,2,0,0.0,f,10,335,35,6,0.0,0.5,0.5,4.442651256490317
Russian Hill,37.80121,-122.41339,Entire home/apt,2,684,4.82,f,5,226,47,76,0.5,0.5,0.5,5.017279836814924
Russian Hill,37.80604,-122.42302,Entire home/apt,4,283,4.97,t,9,51,38,49,0.25,0.25,0.5,5.424950017481403
Downtown/Civic Center,37.7884146,-122.4215935,Private room,2,0,0.0,f,30,365,35,49,0.5,0.5,0.5,5.572154032177765
Marina,37.804,-122.43947,Private room,2,22,5.0,t,4,314,45,90,0.5,0.5,0.5,5.7745515455444085
Glen Park,37.73711,-122.43525,Entire home/apt,2,440,4.89,t,9,142,45,80,0.5,0.5,0.5,4.795790545596741
Downtown/Civic Center,37.7884146,-122.4215935,Private room,2,0,0.0,f,30,365,35,62,0.5,0.5,0.5,5.572154032177765
Mission,37.74946,-122.41802,Entire home/apt,8,2,5.0,f,0,119,42,69,0.5,0.375,0.5,5.44673737166631
Financial District,37.78602958403447,-122.40412189479284,Entire home/apt,2,1,5.0,f,28,363,39,84,0.5,0.5,1.0,5.8971538676367405
Mission,37.763948,-122.4212883,Private room,2,0,0.0,f,0,212,53,61,0.5,0.5,0.5,4.634728988229636
Inner Sunset,37.75052,-122.46653,Entire home/apt,6,15,4.93,t,2,42,38,41,0.5,0.3333333333333333,0.8333333333333334,6.163314804034641
Downtown/Civic Center,37.7884146,-122.4215935,Private room,2,1,5.0,f,30,365,34,46,0.5,0.5,0.5,5.572154032177765
Russian Hill,37.80549999999999,-122.4205787,Entire home/apt,4,0,0.0,f,0,180,14,86,0.25,0.25,0.25,6.214608098422191
Mission,37.75423,-122.42412,Entire home/apt,3,1,4.0,f,18,258,15,54,0.3333333333333333,0.3333333333333333,0.6666666666666666,4.605170185988092
Haight Ashbury,37.77196,-122.44437,Entire home/apt,8,56,4.93,t,3,261,62,83,0.375,0.3125,0.375,6.19644412779452
Castro/Upper Market,37.75852,-122.4356,Entire home/apt,4,237,4.95,t,9,288,67,74,0.25,0.25,0.5,5.631211781821365
Excelsior,37.71959,-122.42941,Private room,1,8,5.0,t,15,165,42,89,1.0,1.0,1.0,3.9889840465642745
Chinatown,37.79102,-122.40678,Private room,4,6,4.67,f,9,208,32,66,0.25,0.25,0.5,5.204006687076795
Downtown/Civic Center,37.7873983946546,-122.41464548838816,Entire home/apt,4,18,4.83,t,13,61,30,52,0.0,0.25,0.5,5.062595033026967
Inner Richmond,37.78436,-122.47446,Entire home/apt,2,158,4.94,t,3,13,47,78,0.5,0.5,1.0,5.049856007249537
Inner Richmond,37.77608489990234,-122.4555206298828,Private room,1,517,4.88,t,13,323,24,44,1.0,1.0,1.0,4.51085950651685
West of Twin Peaks,37.73609,-122.44816,Entire home/apt,4,1,4.0,f,18,348,8,71,0.25,0.25,0.0,4.912654885736052
Parkside,37.74385369509232,-122.47582977217031,Private room,1,4,5.0,t,1,241,40,73,1.0,1.0,1.0,3.9318256327243257
Downtown/Civic Center,37.7874,-122.41308,Private room,2,257,4.54,f,27,298,24,78,0.0,0.5,0.5,4.700480365792417
Outer Sunset,37.75518,-122.50224,Entire home/apt,4,89,4.81,f,0,328,47,71,0.5,0.25,0.5,5.393627546352362
Inner Sunset,37.7596,-122.47675,Private room,4,70,4.71,f,11,319,26,86,0.25,0.25,0.75,4.762173934797756
Downtown/Civic Center,37.78557,-122.41064,Private room,3,66,4.86,f,20,232,43,54,0.3333333333333333,0.3333333333333333,1.0,4.770684624465665
Mission,37.75011,-122.41426,Entire home/apt,2,6,5.0,f,0,44,29,42,1.0,0.5,0.5,4.700480365792417
Western Addition,37.78457,-122.43177,Entire home/apt,2,32,4.7,f,0,335,23,0,0.5,0.5,0.5,5.062595033026967
Outer Sunset,37.74882,-122.48012,Shared room,2,17,5.0,t,0,213,16,83,0.5,0.5,0.5,3.6109179126442243
Noe Valley,37.75244,-122.43127,Entire home/apt,2,126,4.82,f,0,214,21,43,0.5,0.5,0.5,4.859812404361672
Downtown/Civic Center,37.7889904,-122.4127915,Entire home/apt,4,4,5.0,f,0,180,22,66,0.25,0.25,0.5,5.857933154483459
Nob Hill,37.79082002888226,-122.41802389406564,Entire home/apt,2,2,5.0,f,8,12,33,28,0.0,0.5,0.5,5.062595033026967
Financial District,37.79033,-122.4047,Private room,4,115,4.72,f,17,147,21,87,0.25,0.25,0.5,5.099866427824199
Inner Richmond,37.77972,-122.45147,Entire home/apt,6,31,4.97,t,0,48,77,69,0.5,0.5833333333333334,1.0,6.52795791762255
Noe Valley,37.7516837,-122.4258032,Private room,2,0,0.0,f,22,352,10,14,0.5,0.75,0.5,4.48863636973214
Downtown/Civic Center,37.78673296645075,-122.41312843307772,Entire home/apt,4,9,5.0,t,15,63,30,52,0.0,0.25,0.5,5.062595033026967
Outer Sunset,37.75369,-122.48291,Entire home/apt,4,1,5.0,f,0,91,44,90,0.75,0.5,0.75,5.991464547107982
Chinatown,37.7904,-122.40855,Private room,4,498,4.92,t,2,306,35,89,0.25,0.25,0.25,5.062595033026967
Nob Hill,37.79241,-122.41953,Private room,2,5,4.8,f,0,274,15,38,0.5,0.5,0.5,4.477336814478207
Inner Richmond,37.77859,-122.44793,Entire home/apt,10,154,4.95,t,15,72,50,76,0.4,0.4,0.4,6.717804695023691
Western Addition,37.7813,-122.43354,Entire home/apt,1,8,4.63,f,0,335,29,18,1.0,1.0,1.0,4.787491742782046
Potrero Hill,37.76053,-122.39495,Entire home/apt,2,83,4.87,t,2,314,29,81,0.5,0.5,0.5,5.247024072160486
West of Twin Peaks,37.74558202348935,-122.46480088141593,Entire home/apt,6,1,5.0,f,0,184,45,64,0.6666666666666666,0.5,0.6666666666666666,6.244166900663736
Outer Sunset,37.76148,-122.49266,Entire home/apt,2,79,4.92,t,7,25,52,76,0.5,0.5,2.0,4.812184355372417
Downtown/Civic Center,37.78794,-122.4125,Entire home/apt,2,1,5.0,f,28,363,47,83,0.5,0.5,0.5,5.342334251964811
Visitacion Valley,37.71167,-122.39885,Entire home/apt,4,266,4.7,f,30,270,36,60,0.0,0.25,0.5,4.787491742782046
Western Addition,37.77618392039871,-122.42824212082692,Entire home/apt,2,6,4.83,f,3,4,26,70,0.5,0.5,0.5,5.062595033026967
Inner Sunset,37.76063537597656,-122.47610473632812,Entire home/apt,13,168,4.77,f,6,296,65,82,0.3076923076923077,0.19230769230769232,0.6153846153846154,5.87493073085203
Inner Richmond,37.7789918,-122.4741372,Entire home/apt,4,2,5.0,f,15,104,49,64,0.5,0.25,0.75,6.118097198041348
Outer Richmond,37.774636407312464,-122.48889990760946,Entire home/apt,3,38,4.95,t,21,251,28,76,0.3333333333333333,0.3333333333333333,0.3333333333333333,5.272999558563747
Outer Sunset,37.7472647,-122.4934708,Private room,2,2,5.0,f,20,345,52,79,0.5,0.5,0.5,4.406719247264253
Bernal Heights,37.739,-122.41786,Entire home/apt,10,11,5.0,f,0,29,68,80,0.5,0.3,0.4,6.054439346269371
North Beach,37.80126,-122.40576,Entire home/apt,6,8,4.75,f,0,218,64,14,0.3333333333333333,0.16666666666666666,0.5,5.135798437050262
Haight Ashbury,37.76791,-122.44643,Entire home/apt,3,528,4.86,t,10,51,30,52,0.3333333333333333,0.3333333333333333,0.3333333333333333,4.962844630259907
Marina,37.805202,-122.445206,Entire home/apt,10,83,4.93,t,8,291,73,75,0.4,0.4,0.5,6.904750769961838
Downtown/Civic Center,37.7787601,-122.4222545,Entire home/apt,2,3,5.0,f,15,213,34,54,0.0,0.5,0.5,4.9344739331306915
Mission,37.76735,-122.42075,Private room,2,29,4.17,f,19,354,26,59,0.5,0.5,0.5,4.343805421853684
Inner Sunset,37.76434,-122.46266,Entire home/apt,2,2,4.0,f,0,311,11,70,0.5,0.5,0.5,4.61512051684126
South of Market,37.77766,-122.4143,Hotel room,4,0,0.0,f,24,346,23,40,0.25,0.25,0.0,5.4116460518550396
Noe Valley,37.755706787109375,-122.42703247070312,Entire home/apt,6,22,4.91,t,0,39,45,79,0.5,0.3333333333333333,0.5,6.20455776256869
Lakeshore,37.73177,-122.48911,Private room,2,7,4.43,f,0,283,36,25,0.5,0.5,0.5,3.912023005428146
Castro/Upper Market,37.76345,-122.42713,Entire home/apt,4,5,4.8,f,0,222,33,56,0.5,0.25,0.5,5.886104031450156
Presidio,37.79183,-122.45,Entire home/apt,2,1,5.0,f,23,358,21,66,1.0,2.0,1.0,6.214608098422191
Castro/Upper Market,37.76373,-122.43594,Entire home/apt,4,35,4.91,t,1,110,42,71,0.5,0.5,0.5,6.0112671744041615
Downtown/Civic Center,37.78899,-122.41279,Entire home/apt,4,0,0.0,t,19,308,50,69,0.25,0.25,0.5,5.652489180268651
Downtown/Civic Center,37.7885,-122.41112,Entire home/apt,2,1,5.0,t,0,3,21,91,0.0,0.5,0.5,4.605170185988092
Castro/Upper Market,37.766075,-122.437706,Entire home/apt,4,10,4.9,t,0,60,26,85,0.5,0.25,0.5,5.541263545158426
Mission,37.74917,-122.417,Entire home/apt,11,8,4.75,f,9,219,60,92,0.6363636363636364,0.45454545454545453,0.6363636363636364,5.886104031450156
Western Addition,37.78667,-122.44221,Private room,1,11,5.0,t,0,176,71,51,1.0,1.0,1.0,4.700480365792417
Noe Valley,37.747669,-122.425255,Private room,2,316,4.98,t,5,217,51,77,0.5,0.5,0.5,4.330733340286331
South of Market,37.77174323834394,-122.39226763084228,Entire home/apt,3,1,5.0,f,0,212,46,74,0.3333333333333333,0.3333333333333333,0.6666666666666666,5.298317366548036
Haight Ashbury,37.76529,-122.44437,Entire home/apt,2,659,4.99,t,3,91,42,75,0.5,0.5,0.5,5.043425116919247
North Beach,37.80512,-122.41524,Private room,1,42,4.88,f,1,285,34,46,1.0,1.5,1.0,4.04305126783455
Western Addition,37.78927,-122.42226,Private room,2,0,0.0,f,30,365,36,49,0.5,0.5,0.5,5.572154032177765
South of Market,37.78573912900136,-122.39505372805216,Private room,1,4,5.0,t,2,305,45,47,1.0,1.0,1.0,4.382026634673881
Castro/Upper Market,37.75912,-122.44117,Entire home/apt,4,0,0.0,f,30,365,44,84,1.0,0.875,1.0,7.01301578963963
Mission,37.76076,-122.4241,Entire home/apt,5,38,4.79,f,21,125,45,82,0.6,0.4,0.6,5.978885764901122
Ocean View,37.71887940020262,-122.45536917833718,Entire home/apt,10,8,5.0,t,24,344,53,82,0.4,0.2,0.6,6.159095388491933
Nob Hill,37.79149,-122.41101,Entire home/apt,2,4,5.0,t,4,287,57,35,0.0,0.5,0.5,5.442417710521793
Nob Hill,37.79184,-122.40965,Hotel room,2,78,4.59,f,28,363,22,74,0.5,0.5,0.5,5.318119993844216
South of Market,37.7690435,-122.4034142,Entire home/apt,5,10,5.0,f,0,212,37,81,0.4,0.4,0.4,5.655991810819852
Mission,37.760314302701104,-122.42100975629918,Entire home/apt,2,0,0.0,f,0,304,10,41,0.5,0.5,1.0,4.584967478670572
Downtown/Civic Center,37.78728003066088,-122.4092574737874,Entire home/apt,4,2,5.0,t,27,355,13,69,0.0,0.25,0.5,5.700443573390687
Ocean View,37.716029178504414,-122.45337653034198,Entire home/apt,6,2,5.0,t,25,242,55,75,0.5,0.3333333333333333,0.5,5.53338948872752
Noe Valley,37.7547,-122.43121,Entire home/apt,2,4,4.5,f,2,2,52,73,0.5,0.5,0.5,5.123963979403259
Potrero Hill,37.75693,-122.3995,Entire home/apt,2,1,5.0,f,30,365,10,37,0.5,0.5,0.5,4.912654885736052
Mission,37.76296,-122.42,Entire home/apt,2,23,4.22,f,7,318,24,49,0.5,0.5,0.5,4.356708826689592
Inner Richmond,37.77582,-122.47378,Entire home/apt,3,6,5.0,t,3,157,49,77,0.6666666666666666,0.8333333333333334,1.6666666666666667,5.541263545158426
West of Twin Peaks,37.73901,-122.45972,Private room,2,34,4.88,t,0,243,33,69,0.5,0.5,0.5,4.04305126783455
Russian Hill,37.79930403959026,-122.41259052390832,Private room,2,4,5.0,t,2,107,29,54,0.5,0.5,0.5,4.844187086458591
Bayview,37.73417,-122.4015,Entire home/apt,3,13,4.92,f,22,291,13,55,0.3333333333333333,0.3333333333333333,0.6666666666666666,4.605170185988092
Potrero Hill,37.75974,-122.39655,Entire home/apt,4,13,5.0,t,15,211,57,74,0.5,0.25,0.5,5.135798437050262
Outer Sunset,37.76116,-122.48542,Entire home/apt,4,4,4.5,f,0,335,45,57,0.25,0.25,0.5,4.394449154672439
South of Market,37.7690435,-122.4034142,Entire home/apt,4,6,5.0,f,1,191,22,41,0.5,0.5,0.5,5.991464547107982
Nob Hill,37.79518,-122.42098,Entire home/apt,10,0,0.0,f,30,365,45,75,0.4,0.2,0.4,5.978885764901122
Mission,37.76077,-122.42561,Entire home/apt,4,424,4.96,f,10,102,78,58,0.25,0.25,0.5,4.882801922586371
Castro/Upper Market,37.7588133,-122.4320595,Entire home/apt,2,4,4.25,f,0,334,51,41,0.5,0.5,0.5,5.811140992976701
Marina,37.79693,-122.44216,Entire home/apt,4,303,4.95,t,16,311,70,74,0.25,0.25,0.5,5.934894195619588
Nob Hill,37.79351,-122.41629,Private room,1,0,0.0,f,29,364,9,69,1.0,1.0,1.0,4.663439094112067
Outer Sunset,37.75138,-122.4935,Private room,2,312,4.89,t,5,176,54,71,0.5,0.5,0.5,4.189654742026425
Ocean View,37.72556,-122.47085,Entire home/apt,7,0,0.0,f,30,365,4,17,0.2857142857142857,0.14285714285714285,0.5714285714285714,4.31748811353631
Mission,37.7508,-122.41927,Private room,2,91,4.88,t,12,162,64,56,0.5,0.5,0.5,4.709530201312334
Marina,37.79795,-122.43064,Entire home/apt,12,11,4.73,f,29,358,49,86,0.3333333333333333,0.16666666666666666,0.4166666666666667,5.627621113690637
Outer Mission,37.73232,-122.44834,Private room,1,12,4.75,f,29,269,57,37,2.0,1.0,2.0,4.0943445622221
Nob Hill,37.79171,-122.41435,Entire home/apt,3,8,4.88,f,2,2,11,50,0.0,0.3333333333333333,0.6666666666666666,5.393627546352362
Downtown/Civic Center,37.7884146,-122.4215935,Private room,2,0,0.0,f,30,365,35,71,0.5,0.5,0.5,5.572154032177765
Crocker Amazon,37.71137,-122.43826,Private room,2,320,4.96,t,11,62,32,66,0.5,0.5,0.5,4.454347296253507
Bernal Heights,37.74672864231257,-122.42352316017268,Entire home/apt,3,22,4.91,t,6,140,30,91,0.3333333333333333,0.3333333333333333,0.3333333333333333,5.730099782973574
Western Addition,37.78024,-122.44424,Entire home/apt,9,127,4.87,t,6,108,44,72,0.3333333333333333,0.3333333333333333,0.4444444444444444,5.966146739123692
Outer Mission,37.7136488,-122.4483831,Entire home/apt,4,35,4.97,t,0,209,53,87,0.5,0.25,0.5,5.135798437050262
Excelsior,37.72258,-122.43453,Entire home/apt,3,153,4.92,f,20,355,40,74,0.3333333333333333,0.3333333333333333,0.3333333333333333,4.990432586778736
Castro/Upper Market,37.75986,-122.43832,Entire home/apt,2,0,0.0,f,0,153,28,72,0.5,0.5,0.5,5.2832037287379885
Outer Mission,37.71267,-122.44828,Entire home/apt,2,1,5.0,t,0,69,6,10,0.5,0.5,0.5,4.219507705176107
Pacific Heights,37.79038,-122.42417,Private room,2,24,4.79,t,5,327,28,71,0.5,0.5,0.5,4.68213122712422
Downtown/Civic Center,37.7884146,-122.4215935,Private room,2,4,4.0,f,30,365,36,40,0.5,0.5,0.5,5.736572297479192
Downtown/Civic Center,37.7888,-122.4094,Entire home/apt,4,14,4.86,t,16,16,34,79,0.0,0.25,1.0,5.407171771460119
Bayview,37.73369,-122.39097,Private room,1,5,4.2,f,0,243,12,40,1.0,1.0,1.0,4.127134385045092
Pacific Heights,37.79033,-122.4442,Entire home/apt,4,0,0.0,f,24,359,9,61,0.5,0.25,0.5,5.68697535633982
Mission,37.74991,-122.42286,Entire home/apt,6,8,4.63,t,0,335,49,75,0.5,0.3333333333333333,0.5,5.87493073085203
Potrero Hill,37.7639,-122.39472,Entire home/apt,4,182,4.68,t,1,268,53,41,0.25,0.25,0.5,4.48863636973214
Chinatown,37.79230650041446,-122.408029932422,Entire home/apt,4,0,0.0,f,2,100,20,11,0.25,0.25,0.5,5.583496308781699
Downtown/Civic Center,37.78706,-122.40925,Entire home/apt,3,11,5.0,t,0,7,21,73,0.0,0.3333333333333333,0.6666666666666666,4.605170185988092
Glen Park,37.74047324803343,-122.42988806253996,Entire home/apt,2,9,4.89,f,1,336,51,77,0.5,0.5,0.5,4.867534450455582
Mission,37.760919,-122.41671,Entire home/apt,6,7,4.86,f,0,208,28,68,0.5,0.5,0.8333333333333334,6.1092475827643655
Downtown/Civic Center,37.7884146,-122.4215935,Private room,2,1,3.0,f,30,365,34,47,0.5,0.5,0.5,5.572154032177765
North Beach,37.7999111,-122.4093793,Private room,2,4,3.75,f,0,56,19,80,0.5,0.5,0.5,3.828641396489095
Inner Richmond,37.78336612231625,-122.4723984117458,Entire home/apt,12,69,4.96,t,9,325,78,66,0.25,0.16666666666666666,0.5,6.173786103901937
Chinatown,37.7924079061813,-122.4078821955508,Entire home/apt,2,0,0.0,f,0,7,20,11,0.0,0.5,0.5,5.717027701406222
Excelsior,37.72506,-122.40767,Entire home/apt,4,12,5.0,f,23,239,31,68,0.5,0.25,0.5,5.10594547390058
Russian Hill,37.7993,-122.41903,Entire home/apt,6,21,5.0,f,9,330,43,66,0.3333333333333333,0.25,0.3333333333333333,5.739792912179234
Pacific Heights,37.79373,-122.42655,Entire home/apt,2,14,4.5,f,17,289,36,71,0.0,0.5,0.5,4.663439094112067
Chinatown,37.79215,-122.40765,Entire home/apt,2,1,5.0,f,0,88,20,11,0.0,0.5,0.5,5.564520407322694
Parkside,37.74098365821647,-122.49143978199496,Entire home/apt,6,90,4.96,t,12,290,43,89,0.5,0.3333333333333333,0.5,5.631211781821365
Twin Peaks,37.74928,-122.44407,Entire home/apt,4,1,5.0,t,0,204,64,85,0.25,0.25,0.0,4.787491742782046
Inner Richmond,37.77663,-122.456,Entire home/apt,1,5,5.0,f,0,58,28,78,0.0,1.0,1.0,4.110873864173311
Russian Hill,37.80076652425145,-122.41456643124047,Private room,2,4,5.0,t,3,335,23,78,0.5,0.5,0.5,5.087596335232384
Outer Sunset,37.76086305497667,-122.478082956456,Entire home/apt,4,0,0.0,f,6,91,47,77,0.5,0.25,0.5,4.882801922586371
Western Addition,37.77401,-122.43051,Private room,1,181,4.91,t,8,202,44,75,1.0,1.0,1.0,4.343805421853684
Mission,37.75553,-122.41424,Entire home/apt,6,210,4.97,t,16,132,49,66,0.5,0.25,0.5,6.152732694704104
Pacific Heights,37.78855,-122.44154,Private room,4,132,4.97,t,6,241,40,163,0.5,0.25,0.5,5.480638923341991
Downtown/Civic Center,37.77876,-122.42225,Entire home/apt,2,2,5.0,t,21,218,34,54,0.0,0.0,0.5,5.099866427824199
Haight Ashbury,37.77453,-122.44096,Entire home/apt,10,1,5.0,f,0,240,31,69,0.5,0.2,0.5,6.20455776256869
Visitacion Valley,37.712,-122.39997,Entire home/apt,2,32,4.72,f,27,57,39,37,0.5,0.5,0.5,4.23410650459726
Bernal Heights,37.74403,-122.41755,Private room,2,319,4.98,t,2,129,45,74,1.0,0.5,1.0,4.430816798843313
Noe Valley,37.7476,-122.43197,Entire home/apt,4,183,4.97,t,5,52,56,65,0.5,0.25,0.5,5.877735781779639
Ocean View,37.7194221,-122.4589093,Entire home/apt,4,2,4.0,f,0,89,27,21,0.5,0.25,0.5,4.605170185988092
Mission,37.76818854057132,-122.41864413747828,Entire home/apt,2,2,4.5,t,0,201,24,76,0.5,0.5,0.5,4.90527477843843
Inner Sunset,37.7548,-122.4591,Entire home/apt,4,456,4.86,t,7,269,32,47,0.0,0.25,0.75,4.5217885770490405
Bayview,37.7355,-122.38807,Private room,1,18,4.0,f,4,212,18,79,1.0,2.0,1.0,3.7612001156935624
Mission,37.75591,-122.41838,Private room,1,21,5.0,t,13,195,57,82,1.0,1.0,1.0,4.736198448394496
Russian Hill,37.80219,-122.4158,Entire home/apt,2,0,0.0,f,29,178,28,50,0.5,0.5,1.0,4.875197323201151
Ocean View,37.71597,-122.45397,Entire home/apt,4,27,4.65,f,0,240,17,72,0.5,0.375,0.5,5.278114659230517
Haight Ashbury,37.76732,-122.44858,Entire home/apt,8,78,4.91,t,7,310,49,155,0.375,0.1875,0.5,5.541263545158426
Mission,37.74866,-122.42346,Entire home/apt,2,6,4.67,f,8,336,18,22,0.5,0.5,0.5,5.062595033026967
Inner Sunset,37.75868,-122.46985,Entire home/apt,2,510,4.98,t,0,36,63,60,0.0,0.5,0.5,5.043425116919247
North Beach,37.80345,-122.41221,Entire home/apt,4,0,0.0,f,4,325,36,42,0.5,0.25,0.5,5.752572638825633
Inner Richmond,37.781926,-122.471538,Entire home/apt,8,8,4.75,f,30,269,73,77,0.0,0.375,0.125,5.749392985908253
Downtown/Civic Center,37.7787601,-122.4222545,Private room,2,1,4.0,f,8,112,31,76,0.5,0.5,0.5,5.429345628954441
Financial District,37.79543,-122.40136,Entire home/apt,2,0,0.0,f,28,363,42,71,0.5,0.5,0.5,6.60934924316738
Bernal Heights,37.74707,-122.40607,Entire home/apt,3,275,4.89,f,12,328,16,37,0.3333333333333333,0.3333333333333333,0.3333333333333333,4.90527477843843
Russian Hill,37.80223,-122.4172,Entire home/apt,3,0,0.0,f,29,179,20,74,0.6666666666666666,0.6666666666666666,0.6666666666666666,6.4457198193855785
Marina,37.8011,-122.43895,Entire home/apt,2,0,0.0,f,0,209,11,50,0.5,0.5,0.5,4.68213122712422
Western Addition,37.78408304396888,-122.42666785800412,Entire home/apt,6,0,0.0,t,12,275,54,77,0.5,0.3333333333333333,0.5,5.365976015021851
Castro/Upper Market,37.76249,-122.42926,Entire home/apt,2,273,4.98,t,9,145,28,88,0.5,0.5,1.0,5.017279836814924
Chinatown,37.79104,-122.40702,Entire home/apt,2,2,5.0,t,0,4,11,69,0.0,0.5,0.5,4.844187086458591
Lakeshore,37.73256,-122.49149,Private room,1,414,4.96,t,20,213,45,77,1.0,1.0,1.0,4.3694478524670215
Haight Ashbury,37.771625293388446,-122.43757503810296,Entire home/apt,12,66,4.8,t,6,177,52,46,0.4166666666666667,0.20833333333333334,0.5,5.988961416889864
Mission,37.75188,-122.42416,Entire home/apt,5,18,4.94,t,0,96,41,60,0.4,0.2,0.4,5.66988092298052
Downtown/Civic Center,37.78866381097406,-122.411618929184,Entire home/apt,4,4,5.0,t,22,116,47,79,0.25,0.25,0.5,5.459585514144159
Russian Hill,37.7985,-122.41146,Private room,1,0,0.0,f,0,333,28,65,1.0,1.0,1.0,3.970291913552122
Outer Richmond,37.77895,-122.48498,Private room,2,18,4.17,f,0,332,42,78,0.5,0.5,0.5,3.8066624897703196
South of Market,37.77539,-122.41233,Entire home/apt,10,53,5.0,t,10,128,69,83,0.4,0.4,0.4,6.96979066990159
Western Addition,37.77395,-122.43641,Entire home/apt,4,185,4.86,t,0,235,37,84,0.0,0.25,0.5,4.90527477843843
Outer Sunset,37.76424,-122.47715,Entire home/apt,3,9,5.0,t,0,237,53,78,0.3333333333333333,0.3333333333333333,0.6666666666666666,4.762173934797756
South of Market,37.7690435,-122.4034142,Entire home/apt,3,6,5.0,f,0,50,51,87,0.3333333333333333,0.3333333333333333,0.6666666666666666,5.652489180268651
Downtown/Civic Center,37.7889904,-122.4127915,Entire home/apt,4,0,0.0,t,5,8,20,82,0.25,0.25,0.5,5.908082938168931
Parkside,37.745602,-122.477783,Entire home/apt,3,98,4.8,f,24,255,34,85,0.6666666666666666,0.3333333333333333,0.6666666666666666,4.90527477843843
Nob Hill,37.78932,-122.41853,Private room,2,16,4.44,f,21,355,22,72,0.5,0.0,0.5,4.454347296253507
Mission,37.75428,-122.42457,Entire home/apt,3,2,3.5,f,22,262,15,74,0.3333333333333333,0.3333333333333333,0.3333333333333333,4.605170185988092
Outer Sunset,37.751834850120886,-122.49190215021372,Private room,2,2,4.0,t,0,169,37,61,0.5,0.5,0.5,4.59511985013459
South of Market,37.7748888,-122.4120146,Private room,1,0,0.0,f,23,358,7,77,1.0,1.0,1.0,4.553876891600541
Pacific Heights,37.79441,-122.4295,Entire home/apt,2,5,4.2,t,29,364,28,41,0.5,0.5,0.5,5.697093486505405
Downtown/Civic Center,37.78713,-122.40972,Entire home/apt,2,4,5.0,t,0,3,21,91,0.0,0.5,0.5,4.844187086458591
Mission,37.75575,-122.40595,Private room,2,1,5.0,t,5,265,12,86,0.5,1.75,0.0,4.174387269895637
Haight Ashbury,37.76498,-122.44416,Entire home/apt,3,19,5.0,t,0,109,29,72,0.3333333333333333,0.3333333333333333,0.6666666666666666,4.787491742782046
West of Twin Peaks,37.7421,-122.46293,Entire home/apt,2,218,4.94,t,8,132,27,87,0.0,0.5,0.5,4.727387818712341
Western Addition,37.77683,-122.43633,Entire home/apt,5,85,4.96,f,0,13,44,75,0.6,0.4,0.6,6.331501849893691
Ocean View,37.7205655,-122.4651704,Entire home/apt,2,12,5.0,t,3,328,47,15,0.5,0.5,0.5,5.0106352940962555
Russian Hill,37.79979,-122.4162,Entire home/apt,6,73,5.0,t,24,55,46,76,0.5,0.16666666666666666,0.5,5.703782474656201
Western Addition,37.78718144572171,-122.44077327165542,Entire home/apt,2,1,1.0,f,27,362,29,57,0.5,0.5,0.5,5.303304908059076
North Beach,37.7984,-122.4042,Entire home/apt,2,17,4.88,t,4,172,37,81,0.5,0.5,0.5,4.700480365792417
South of Market,37.78268,-122.39338,Private room,2,192,4.96,t,9,284,47,69,0.5,0.5,0.5,4.875197323201151
Haight Ashbury,37.77234,-122.44622,Entire home/apt,5,186,4.97,t,27,210,79,34,0.2,0.2,0.6,5.225746673713202
Noe Valley,37.74745559692383,-122.4314193725586,Entire home/apt,5,151,4.92,t,2,276,63,53,0.4,0.4,0.8,5.855071922202427
Western Addition,37.7719,-122.43036,Private room,2,184,4.71,f,7,102,53,76,0.5,0.5,0.5,4.51085950651685
Outer Sunset,37.75175,-122.50419,Entire home/apt,4,397,4.95,f,11,62,43,84,0.5,0.25,0.5,5.541263545158426
Pacific Heights,37.79186,-122.42429,Entire home/apt,2,39,4.88,t,24,258,31,0,0.5,0.5,0.5,4.875197323201151
Financial District,37.79803,-122.40391,Entire home/apt,2,10,4.7,f,5,185,31,88,0.5,0.5,0.5,4.605170185988092
Downtown/Civic Center,37.78691,-122.41014,Entire home/apt,4,1,5.0,t,30,63,38,52,0.0,0.25,0.5,4.897839799950911
North Beach,37.80076,-122.40599,Entire home/apt,3,6,5.0,f,0,300,39,34,0.3333333333333333,0.3333333333333333,0.6666666666666666,4.90527477843843
Noe Valley,37.75565,-122.427,Entire home/apt,3,14,5.0,t,0,209,48,74,0.6666666666666666,0.3333333333333333,0.6666666666666666,5.3471075307174685
Downtown/Civic Center,37.78659,-122.41119,Entire home/apt,4,13,4.92,f,30,356,13,30,0.0,0.25,0.5,5.641907070938114
Outer Richmond,37.77295,-122.5073,Entire home/apt,4,216,4.99,t,9,121,76,65,0.5,0.375,0.5,5.602118820879701
Potrero Hill,37.759869,-122.402878,Entire home/apt,4,232,4.97,t,13,287,61,76,0.5,0.25,0.5,5.846438775057725
Inner Sunset,37.75022374352377,-122.4727082628097,Entire home/apt,4,21,4.81,f,12,336,55,81,0.5,0.25,0.5,5.568344503761097
Outer Richmond,37.7737032,-122.4974451,Private room,2,0,0.0,f,26,174,10,41,0.5,0.5,0.5,5.093750200806762
Parkside,37.74314947509653,-122.49982954256444,Entire home/apt,5,54,4.89,t,9,143,53,79,0.4,0.2,0.6,5.298317366548036
Bayview,37.72887,-122.38391,Private room,1,3,5.0,f,30,270,74,22,1.0,1.0,2.0,4.2626798770413155
Western Addition,37.77213999457249,-122.43042077170412,Private room,2,205,4.8,t,5,113,35,82,0.5,1.5,0.5,4.543294782270004
Mission,37.75233,-122.42441,Entire home/apt,2,5,5.0,f,4,326,9,68,0.5,0.5,0.5,4.6443908991413725
Noe Valley,37.75563,-122.42649,Private room,2,0,0.0,f,0,129,13,89,0.5,0.5,0.5,4.477336814478207
Outer Richmond,37.78037,-122.503,Entire home/apt,2,6,4.83,t,0,9,58,77,1.0,1.0,1.0,5.641907070938114
South of Market,37.78022,-122.39752,Entire home/apt,2,60,4.83,t,13,244,13,89,0.5,0.5,0.5,4.394449154672439
Potrero Hill,37.75539,-122.39977,Entire home/apt,2,99,4.84,t,8,59,34,35,0.5,0.5,1.0,5.111987788356544
Outer Sunset,37.75672561017743,-122.47769601235396,Entire home/apt,6,0,0.0,f,0,212,9,79,0.5,0.3333333333333333,0.5,5.700443573390687
Excelsior,37.716614,-122.43145,Private room,1,122,4.84,t,0,305,41,54,1.0,1.0,1.0,3.9512437185814275
Marina,37.80514,-122.43617,Entire home/apt,16,65,5.0,t,16,298,75,61,0.375,0.3125,0.4375,8.000349495324684
North Beach,37.80095,-122.40801,Private room,2,15,4.4,f,11,331,17,60,0.5,0.5,0.5,5.220355825078324
Outer Richmond,37.7812,-122.49791,Entire home/apt,12,4,5.0,f,0,17,26,84,0.4166666666666667,0.4166666666666667,0.5,6.9411900550683745
Outer Sunset,37.762110819077954,-122.49359986927132,Private room,1,0,0.0,f,29,179,8,82,1.0,1.0,1.0,4.356708826689592
Ocean View,37.71839770468392,-122.47075153482945,Private room,4,0,0.0,f,0,335,21,69,0.75,0.25,1.0,4.1588830833596715
Marina,37.80211,-122.44024,Entire home/apt,2,12,5.0,f,7,231,55,80,0.5,0.5,0.0,5.017279836814924
Visitacion Valley,37.71159,-122.40027,Private room,2,87,4.7,f,0,133,23,49,0.5,0.5,0.5,3.970291913552122
South of Market,37.77271,-122.42075,Private room,2,398,4.38,f,27,361,18,75,0.5,0.5,0.5,4.6443908991413725
Western Addition,37.77117,-122.43292,Entire home/apt,1,35,4.94,f,0,335,7,21,1.0,1.0,1.0,4.787491742782046
Noe Valley,37.74338,-122.43423,Private room,2,105,4.9,t,9,9,64,80,0.5,0.75,0.5,4.90527477843843
Excelsior,37.73260002938201,-122.40625320673786,Private room,3,14,4.43,f,5,155,34,41,0.3333333333333333,0.6666666666666666,0.6666666666666666,4.060443010546419
Marina,37.80399,-122.43803,Entire home/apt,2,116,5.0,t,4,310,50,91,0.5,0.5,0.5,5.840641657373398
Outer Sunset,37.75096046455136,-122.48764416417256,Private room,2,235,4.85,t,3,270,43,18,0.5,1.0,0.5,4.204692619390966
Downtown/Civic Center,37.789462805860936,-122.40777935678037,Entire home/apt,2,1,5.0,f,28,363,42,78,0.5,0.5,0.5,5.666426688112432
Haight Ashbury,37.76004137858307,-122.44737539974204,Entire home/apt,7,2,5.0,f,2,17,28,81,0.42857142857142855,0.35714285714285715,0.42857142857142855,5.793013608384144
Mission,37.75023,-122.41854,Entire home/apt,4,7,5.0,t,3,153,37,9,0.5,0.25,0.5,4.90527477843843
Mission,37.75903,-122.41457,Entire home/apt,5,121,4.88,t,30,365,24,49,1.0,0.3,1.0,6.60934924316738
Bernal Heights,37.73392215201952,-122.41206601489874,Private room,2,51,4.96,t,12,237,34,73,0.0,0.5,0.0,4.663439094112067
Mission,37.7600837,-122.4198861,Entire home/apt,2,4,5.0,t,0,304,32,9,0.5,0.5,0.5,5.1647859739235145
Excelsior,37.72873,-122.40916,Entire home/apt,4,67,4.9,t,10,50,36,14,0.5,0.25,0.5,5.030437921392435
Outer Mission,37.71918743246869,-122.44502912492766,Entire home/apt,2,0,0.0,f,17,352,3,58,0.0,0.5,0.5,4.553876891600541
Marina,37.80087,-122.43946,Entire home/apt,2,0,0.0,f,28,363,51,71,0.5,0.5,0.5,5.857933154483459
Parkside,37.7419,-122.47562,Private room,2,13,4.85,t,0,184,28,59,0.5,0.5,0.5,4.07753744390572
Ocean View,37.71852,-122.4563,Entire home/apt,7,839,4.82,t,7,278,26,60,0.2857142857142857,0.14285714285714285,0.5714285714285714,4.74493212836325
Outer Sunset,37.74872,-122.49485,Entire home/apt,2,300,4.91,t,6,226,31,76,0.5,0.5,0.5,5.176149732573829
South of Market,37.7812714,-122.4018175,Entire home/apt,2,3,4.67,f,17,257,54,80,0.5,0.5,0.5,5.241747015059643
Downtown/Civic Center,37.7889904,-122.4127915,Entire home/apt,4,0,0.0,f,19,308,48,69,0.25,0.25,0.5,5.652489180268651
Downtown/Civic Center,37.78899,-122.41279,Entire home/apt,6,0,0.0,t,10,283,48,69,0.3333333333333333,0.16666666666666666,0.5,5.793013608384144
Financial District,37.79017635561755,-122.40602420669974,Entire home/apt,2,1,5.0,t,13,18,26,81,0.0,0.5,0.5,5.796057750765372
Outer Sunset,37.76338,-122.47896,Private room,1,130,4.84,t,0,57,39,76,1.0,1.0,1.0,4.248495242049359
Bernal Heights,37.74486,-122.41814,Entire home/apt,2,976,4.89,t,3,3,36,55,0.0,0.5,0.5,4.454347296253507
Lakeshore,37.73491,-122.49097,Entire home/apt,2,64,4.98,t,18,71,29,63,0.5,0.5,0.5,4.672828834461906
Marina,37.8015142,-122.4256185,Hotel room,2,0,0.0,f,29,364,24,43,0.5,0.5,0.0,4.969813299576001
Marina,37.79792621226426,-122.44496257488518,Private room,2,3,5.0,f,6,314,38,67,0.5,0.5,0.5,5.2832037287379885
Downtown/Civic Center,37.7890848,-122.4129685,Entire home/apt,6,1,5.0,f,10,284,49,69,0.3333333333333333,0.16666666666666666,0.5,5.808142489980444
Parkside,37.737960431056166,-122.50756280123566,Entire home/apt,8,10,4.6,f,4,274,46,46,0.375,0.125,0.375,5.820082930352362
Potrero Hill,37.75681,-122.40064,Entire home/apt,4,524,4.8,t,10,272,56,91,0.25,0.25,0.5,5.081404364984463
Potrero Hill,37.765709155113264,-122.4045669409728,Entire home/apt,4,0,0.0,f,30,365,30,29,0.5,0.75,0.5,6.396929655216146
Mission,37.74992,-122.42292,Entire home/apt,6,5,5.0,t,12,304,47,77,0.5,0.3333333333333333,0.5,5.521460917862246
Bayview,37.71926,-122.39355,Entire home/apt,6,20,4.8,f,28,137,23,30,0.3333333333333333,0.16666666666666666,0.3333333333333333,4.574710978503383
Downtown/Civic Center,37.7851394,-122.4097605,Private room,1,3,4.0,f,11,308,44,52,1.0,4.0,1.0,4.31748811353631
Outer Richmond,37.77536,-122.48057,Entire home/apt,6,67,4.69,t,8,69,40,72,0.5,0.4166666666666667,0.5,5.267858159063328
Castro/Upper Market,37.76393,-122.42817,Private room,2,36,4.97,t,21,81,46,71,0.5,0.5,0.5,4.709530201312334
Parkside,37.74314,-122.48702,Entire home/apt,4,37,4.89,f,15,64,51,70,0.5,0.375,0.75,5.293304824724492
Bernal Heights,37.73782,-122.41694,Entire home/apt,2,523,4.97,t,10,10,23,93,0.5,0.5,0.5,4.442651256490317
Downtown/Civic Center,37.787679935112905,-122.40912805346792,Entire home/apt,4,10,4.6,t,18,66,31,52,0.0,0.25,0.5,5.062595033026967
Excelsior,37.72817,-122.417,Entire home/apt,3,34,5.0,t,2,177,50,72,0.6666666666666666,0.3333333333333333,0.6666666666666666,4.553876891600541
Nob Hill,37.7918168276165,-122.4096660095245,Entire home/apt,4,0,0.0,f,2,100,20,11,0.25,0.25,0.5,5.583496308781699
Bernal Heights,37.73622,-122.42032,Entire home/apt,2,13,4.08,f,0,325,23,41,1.0,0.5,0.5,4.189654742026425
South of Market,37.7716190454429,-122.41120391753726,Entire home/apt,4,0,0.0,f,0,246,50,82,0.5,0.25,0.5,5.003946305945459
Downtown/Civic Center,37.7871,-122.41115,Private room,2,122,4.57,f,14,45,16,63,0.5,0.5,0.5,4.499809670330265
Inner Richmond,37.7747,-122.46873,Private room,1,4,5.0,t,0,303,56,83,1.0,1.0,1.0,4.276666119016055
Outer Sunset,37.74709,-122.47622,Private room,2,271,4.91,t,30,270,40,40,0.5,1.0,0.5,4.605170185988092
Inner Sunset,37.75893,-122.4664,Entire home/apt,2,125,4.92,t,8,282,59,42,0.5,0.5,0.5,4.709530201312334
Crocker Amazon,37.71349,-122.4411,Private room,1,2,5.0,f,30,310,31,65,1.0,2.0,0.0,3.912023005428146
Outer Richmond,37.77486,-122.49498,Entire home/apt,4,0,0.0,f,14,54,31,83,0.5,0.375,0.5,5.0689042022202315
Bernal Heights,37.7356264,-122.4131565,Private room,1,2,5.0,f,25,265,52,92,1.0,1.0,1.0,3.970291913552122
Western Addition,37.78010101354426,-122.444586849843,Entire home/apt,7,149,4.99,t,6,21,58,81,0.42857142857142855,0.14285714285714285,0.42857142857142855,5.834810737062605
Downtown/Civic Center,37.78698,-122.41303,Private room,2,1,5.0,f,21,82,20,74,0.5,0.5,0.5,5.117993812416755
Castro/Upper Market,37.76452871392387,-122.43285126972144,Private room,2,1,5.0,f,0,224,10,44,0.5,0.5,0.5,5.2832037287379885
Outer Sunset,37.7601,-122.48161,Private room,4,165,4.93,t,7,313,35,39,0.25,0.25,0.5,4.48863636973214
Western Addition,37.78606163291383,-122.42573362686416,Private room,2,13,5.0,t,14,330,37,77,0.5,0.5,0.5,4.553876891600541
Pacific Heights,37.79039,-122.44014,Private room,2,73,4.95,f,10,133,51,59,0.5,0.5,0.5,5.455321115357702
Downtown/Civic Center,37.7888,-122.40827,Entire home/apt,2,0,0.0,f,28,363,48,72,0.5,0.5,0.5,6.077642243349034
Bayview,37.73791,-122.38596,Entire home/apt,4,366,4.84,f,28,178,43,162,0.5,0.25,0.5,5.220355825078324
Outer Mission,37.72003,-122.44238,Entire home/apt,4,137,4.91,t,6,138,54,83,0.5,0.25,0.5,4.890349128221754
Bernal Heights,37.74810230565189,-122.40469140665024,Entire home/apt,6,3,4.67,t,0,181,31,80,0.6666666666666666,0.3333333333333333,1.1666666666666667,6.175867270105761
Inner Sunset,37.75539,-122.45501,Entire home/apt,8,13,4.92,t,17,157,68,79,0.5,0.375,0.625,7.203405521083095
Noe Valley,37.74648,-122.43035,Entire home/apt,2,162,4.99,t,0,30,22,35,1.0,0.5,1.0,6.115892125483034
West of Twin Peaks,37.72816,-122.45817,Private room,4,187,4.61,t,28,340,35,46,0.5,0.25,0.5,5.293304824724492
Haight Ashbury,37.76392,-122.44741,Entire home/apt,2,101,4.95,t,9,243,70,94,0.5,0.5,0.5,5.087596335232384
Ocean View,37.72146,-122.46114,Entire home/apt,2,0,0.0,f,3,63,14,59,0.5,0.5,0.5,4.02535169073515
Pacific Heights,37.79543906853432,-122.4392265731786,Entire home/apt,4,1,5.0,f,0,0,46,69,0.75,0.5,0.75,6.1092475827643655
Chinatown,37.79187,-122.40679,Private room,6,615,4.95,t,0,292,33,89,0.16666666666666666,0.16666666666666666,0.3333333333333333,4.897839799950911
Glen Park,37.73862,-122.42717,Entire home/apt,4,19,4.89,f,0,282,18,39,0.25,0.25,0.5,4.727387818712341
Crocker Amazon,37.71311,-122.43457,Private room,2,130,4.72,t,6,227,15,33,0.5,0.5,0.5,4.189654742026425
Downtown/Civic Center,37.77897,-122.4232,Entire home/apt,4,1,5.0,f,0,180,32,39,0.25,0.25,0.25,5.209486152841421
Chinatown,37.7912563,-122.4088333,Private room,2,58,4.9,t,6,14,49,71,0.5,0.5,1.0,5.298317366548036
Castro/Upper Market,37.76,-122.4374,Private room,2,47,4.62,f,13,275,25,78,0.0,0.5,0.5,6.745236349484363
Downtown/Civic Center,37.78743,-122.42074,Entire home/apt,2,5,5.0,t,0,110,54,70,0.0,0.5,0.5,4.941642422609304
Downtown/Civic Center,37.78851065425708,-122.40971840980754,Private room,4,13,4.92,t,1,1,14,77,0.0,0.25,0.5,5.857933154483459
Western Addition,37.7744305,-122.4286668,Entire home/apt,4,0,0.0,f,28,363,7,68,0.5,0.25,0.75,5.521460917862246
Downtown/Civic Center,37.7890848,-122.4129685,Entire home/apt,6,5,4.8,f,7,296,50,63,0.5,0.3333333333333333,0.6666666666666666,6.12029741895095
Downtown/Civic Center,37.77938,-122.42154,Entire home/apt,2,40,4.83,t,6,6,31,70,0.5,0.5,0.5,5.3230099791384085
Presidio Heights,37.782387,-122.455185,Private room,2,239,4.94,t,3,40,53,42,0.5,0.5,0.5,4.941642422609304
Outer Sunset,37.74954,-122.50145,Entire home/apt,2,8,5.0,f,27,362,51,95,1.0,0.5,1.0,5.521460917862246
South of Market,37.77177,-122.41093,Entire home/apt,8,1,5.0,f,30,365,32,39,0.625,0.25,0.75,5.541263545158426
Western Addition,37.777975937838406,-122.44537792836356,Entire home/apt,4,13,4.85,t,17,340,38,71,0.5,0.5,0.5,6.551080335043404
Western Addition,37.78697,-122.43396,Private room,2,190,4.83,t,5,290,60,75,0.5,0.75,0.5,4.553876891600541
Outer Sunset,37.76064,-122.49007,Private room,1,52,4.92,f,13,73,55,81,1.0,1.0,1.0,4.174387269895637
Marina,37.79909,-122.42424,Private room,4,264,4.62,f,0,237,20,59,0.25,0.25,0.5,5.003946305945459
Excelsior,37.72317,-122.43415,Entire home/apt,2,12,5.0,t,0,232,33,74,0.5,0.5,0.5,4.406719247264253
Mission,37.75806714293561,-122.41136119415948,Private room,2,34,4.94,t,6,165,38,73,0.5,0.5,0.5,4.897839799950911
Lakeshore,37.73086,-122.48909,Private room,3,48,4.73,f,29,179,40,67,0.3333333333333333,0.3333333333333333,0.6666666666666666,4.110873864173311
Downtown/Civic Center,37.78689782665849,-122.41168385825468,Private room,2,1,1.0,f,7,280,15,53,0.5,0.5,0.5,4.143134726391533
Downtown/Civic Center,37.78473738779027,-122.41034977193326,Entire home/apt,2,0,0.0,f,28,363,48,76,0.5,0.5,0.5,6.035481432524756
Nob Hill,37.7916,-122.41023,Entire home/apt,3,0,0.0,f,28,268,22,30,0.3333333333333333,0.3333333333333333,0.3333333333333333,5.298317366548036
Downtown/Civic Center,37.7884146,-122.4215935,Private room,2,0,0.0,f,30,365,35,71,0.5,0.5,0.5,5.572154032177765
Haight Ashbury,37.77359,-122.439,Entire home/apt,4,1,5.0,f,0,221,31,48,0.5,0.25,0.75,5.517452896464707
Downtown/Civic Center,37.7884146,-122.4215935,Private room,2,0,0.0,f,30,365,35,49,0.5,0.5,0.5,5.572154032177765
Potrero Hill,37.758205,-122.399689,Entire home/apt,3,327,4.93,t,0,130,40,80,0.3333333333333333,0.3333333333333333,0.6666666666666666,5.19295685089021
Bernal Heights,37.73246,-122.41803,Entire home/apt,2,8,4.5,t,0,243,26,74,0.5,0.5,0.5,4.219507705176107
Bernal Heights,37.73937,-122.4182,Entire home/apt,2,21,4.86,t,0,208,38,57,0.5,0.5,0.5,4.68213122712422
Western Addition,37.77432,-122.43644,Private room,2,558,4.96,t,11,222,59,69,0.5,0.5,0.5,4.709530201312334
Western Addition,37.78634,-122.42931,Entire home/apt,4,215,4.86,t,21,249,35,74,0.5,0.25,0.75,5.783825182329737
Downtown/Civic Center,37.7884146,-122.4215935,Private room,2,0,0.0,f,30,365,34,49,0.5,0.5,0.5,5.572154032177765
Chinatown,37.790672904449785,-122.40566426613418,Entire home/apt,2,3,5.0,t,0,4,11,52,0.0,0.5,0.5,4.844187086458591
Inner Sunset,37.76471,-122.45456,Entire home/apt,5,31,4.97,f,30,122,47,69,0.6,0.4,0.6,5.5093883366279774
Nob Hill,37.79225659102424,-122.41796746659706,Entire home/apt,3,0,0.0,t,0,305,13,65,0.3333333333333333,0.3333333333333333,0.3333333333333333,4.875197323201151
Downtown/Civic Center,37.7884146,-122.4215935,Private room,2,0,0.0,f,30,365,35,49,0.5,0.5,0.5,5.572154032177765
North Beach,37.80074,-122.40874,Private room,2,3,3.33,f,0,168,18,66,0.5,1.0,0.5,3.9318256327243257
Downtown/Civic Center,37.78953,-122.41274,Private room,2,110,4.81,f,9,228,20,73,0.5,0.5,0.5,4.48863636973214
Inner Sunset,37.75368538713232,-122.47502902600968,Entire home/apt,3,2,5.0,f,17,18,9,78,0.6666666666666666,0.6666666666666666,0.6666666666666666,5.541263545158426
North Beach,37.8054714,-122.4168419,Entire home/apt,6,0,0.0,t,28,358,45,70,0.3333333333333333,0.3333333333333333,0.5,6.883462586413092
Crocker Amazon,37.7134904,-122.441104,Private room,1,12,4.75,f,29,230,31,65,1.0,2.0,1.0,3.912023005428146
Western Addition,37.78443396847935,-122.43758674726824,Entire home/apt,8,61,4.85,t,0,215,70,67,0.375,0.25,0.5,6.212606095751519
Mission,37.75292,-122.4186,Private room,2,542,4.74,t,9,339,38,83,0.5,0.5,0.5,4.394449154672439
South of Market,37.775085,-122.407234,Entire home/apt,4,54,4.81,t,3,293,55,53,0.5,0.25,0.5,5.455321115357702
Potrero Hill,37.75996,-122.39408,Entire home/apt,6,68,4.85,f,0,327,35,69,0.5,0.25,0.5,6.1092475827643655
Nob Hill,37.79016864702549,-122.4116302143002,Entire home/apt,4,3,5.0,t,19,57,38,68,0.25,0.25,0.5,5.8522024797744745
Inner Richmond,37.78369,-122.46364,Private room,3,426,4.71,f,13,162,20,88,0.3333333333333333,0.6666666666666666,0.6666666666666666,4.143134726391533
Mission,37.75173,-122.40834,Entire home/apt,2,7,5.0,f,13,163,45,26,0.5,0.5,0.5,5.41610040220442
Bayview,37.7350133,-122.3998978,Private room,2,116,4.87,t,3,225,39,73,0.5,0.5,0.5,4.02535169073515
North Beach,37.7991,-122.4048,Shared room,5,426,4.7,t,28,328,27,78,0.2,2.0,1.6,3.6635616461296463
South of Market,37.77766,-122.4143,Hotel room,4,0,0.0,f,26,348,23,44,0.25,0.25,0.0,5.267858159063328
South of Market,37.77166,-122.42293,Private room,2,1,5.0,f,21,150,53,87,0.5,0.5,0.5,4.787491742782046
Western Addition,37.7743013,-122.4373524,Private room,3,3,4.67,f,29,269,14,76,0.6666666666666666,0.5,0.0,5.43372200355424
Crocker Amazon,37.71239,-122.44124,Entire home/apt,4,2,5.0,t,30,365,45,64,0.5,0.25,0.5,5.123963979403259
Mission,37.75534,-122.424,Private room,3,203,4.98,t,9,46,52,70,0.3333333333333333,0.3333333333333333,0.3333333333333333,5.14166355650266
Inner Sunset,37.751492284258426,-122.47503019879989,Entire home/apt,4,0,0.0,f,27,274,26,76,0.25,0.25,0.5,4.804021044733257
Downtown/Civic Center,37.7885796,-122.4159416,Hotel room,8,0,0.0,t,30,324,22,24,0.25,0.25,0.0,6.236369590203704
Ocean View,37.71313,-122.4611,Entire home/apt,2,386,4.95,t,10,60,40,56,0.5,0.5,0.5,5.0106352940962555
Lakeshore,37.73296,-122.49358,Private room,1,338,4.92,t,7,200,43,78,1.0,1.0,1.0,4.356708826689592
Excelsior,37.7183169,-122.4290447,Entire home/apt,5,31,4.97,t,6,204,47,72,0.4,0.2,0.6,5.093750200806762
Chinatown,37.79205,-122.408,Entire home/apt,4,2,5.0,f,2,81,19,11,0.25,0.25,0.5,5.662960480135946
Glen Park,37.74078,-122.42679,Entire home/apt,2,112,4.96,t,3,168,39,49,0.5,0.5,1.0,4.867534450455582
Western Addition,37.7877,-122.42401,Private room,2,1,5.0,t,28,259,11,77,0.5,0.5,0.5,5.117993812416755
Inner Sunset,37.7512854,-122.47598,Entire home/apt,2,0,0.0,f,14,307,19,78,0.5,0.5,0.0,4.454347296253507
Downtown/Civic Center,37.7889904,-122.4127915,Private room,6,0,0.0,f,8,55,33,70,0.3333333333333333,0.16666666666666666,0.5,5.66988092298052
Downtown/Civic Center,37.788372883884016,-122.40935449548586,Entire home/apt,2,0,0.0,f,19,56,24,68,0.0,0.5,1.0,5.43372200355424
Downtown/Civic Center,37.7888,-122.40926,Entire home/apt,4,17,4.88,f,30,357,21,82,0.0,0.25,0.5,5.771441123130016
Excelsior,37.72862,-122.42703,Private room,2,217,4.97,t,4,287,43,46,0.5,0.5,0.5,4.31748811353631
Outer Sunset,37.76473,-122.47777,Private room,2,1,5.0,f,18,78,24,4,0.5,0.5,0.5,4.060443010546419
Downtown/Civic Center,37.78226,-122.41084,Private room,2,0,0.0,f,8,254,27,69,0.5,0.5,0.5,5.153291594497779
Russian Hill,37.80614,-122.41996,Entire home/apt,5,5,4.6,t,0,244,20,74,0.2,0.2,0.4,5.736572297479192
Outer Sunset,37.75627,-122.48366,Entire home/apt,2,68,4.93,t,21,253,39,77,0.5,0.5,0.5,4.77912349311153
Outer Richmond,37.77799,-122.4829,Entire home/apt,2,302,4.91,t,5,293,58,73,0.5,0.5,0.5,4.897839799950911
Mission,37.75139435697348,-122.4235290560743,Private room,2,0,0.0,f,1,225,12,78,0.5,0.5,0.5,5.501258210544727
Outer Sunset,37.74756,-122.48892,Entire home/apt,4,36,4.67,f,0,335,36,82,0.25,0.25,0.75,4.867534450455582
Pacific Heights,37.79076323999546,-122.4226014985341,Private room,2,20,4.85,t,5,287,25,71,0.5,0.5,0.5,4.454347296253507
Inner Richmond,37.77361190829659,-122.4681591232788,Entire home/apt,4,103,4.94,f,4,197,37,67,0.5,0.25,0.75,5.278114659230517
Downtown/Civic Center,37.7787601,-122.4222545,Entire home/apt,2,2,4.5,f,23,220,34,54,0.0,0.0,0.5,4.919980925828125
Downtown/Civic Center,37.78722,-122.41154,Private room,2,0,0.0,f,0,322,16,49,0.5,0.5,0.5,4.143134726391533
Mission,37.76121,-122.41922,Private room,1,329,5.0,t,3,325,69,70,1.0,1.0,1.0,4.68213122712422
Castro/Upper Market,37.76342,-122.4327,Private room,2,280,4.87,t,9,315,30,43,0.5,0.5,0.5,4.77912349311153
Western Addition,37.77128,-122.43393,Entire home/apt,4,11,4.64,f,0,21,66,16,0.5,0.25,1.0,5.493061443340548
Downtown/Civic Center,37.7787601,-122.4222545,Entire home/apt,2,0,0.0,f,23,221,35,54,0.0,0.5,0.5,5.062595033026967
Financial District,37.78931,-122.40588,Private room,4,253,4.32,f,19,231,13,85,0.25,0.25,0.5,4.574710978503383
South of Market,37.78372,-122.40657,Entire home/apt,2,16,4.81,t,2,155,51,69,0.5,0.5,0.5,5.043425116919247
Downtown/Civic Center,37.7884146,-122.4215935,Private room,2,0,0.0,f,30,365,35,49,0.5,0.5,0.5,5.572154032177765
South of Market,37.77495,-122.41271,Private room,1,0,0.0,f,27,362,13,91,1.0,1.5,1.0,4.584967478670572
Downtown/Civic Center,37.78604159153471,-122.416805875919,Private room,3,1,5.0,f,0,243,38,74,0.3333333333333333,0.3333333333333333,0.6666666666666666,3.6888794541139363
Downtown/Civic Center,37.78797,-122.41372,Entire home/apt,4,6,5.0,t,22,116,47,79,0.25,0.25,0.5,5.459585514144159
Financial District,37.7882187,-122.4030532,Entire home/apt,4,0,0.0,f,16,271,43,68,0.25,0.25,0.5,6.656726524178391
Ocean View,37.71237,-122.46814,Private room,2,153,4.71,t,24,262,30,82,0.5,0.5,0.5,4.189654742026425
South of Market,37.78394,-122.39467,Private room,2,154,4.94,t,3,288,46,74,0.5,0.5,0.5,4.859812404361672
Bernal Heights,37.73458,-122.41779,Entire home/apt,4,12,4.83,f,24,226,67,50,0.5,0.5,0.5,5.247024072160486
Inner Sunset,37.76176,-122.45366,Entire home/apt,4,174,4.92,t,12,87,43,86,0.25,0.25,0.5,5.0689042022202315
Pacific Heights,37.79569,-122.43727,Entire home/apt,8,6,5.0,t,11,312,60,38,0.5,0.625,0.625,7.989560449333865
Inner Richmond,37.78252,-122.47489,Entire home/apt,2,193,4.95,t,3,266,29,73,0.5,0.5,0.5,5.14166355650266
Haight Ashbury,37.76589,-122.44677,Entire home/apt,2,21,4.62,f,0,274,18,55,0.0,0.5,0.5,4.418840607796598
Bayview,37.73306,-122.39551,Entire home/apt,8,26,5.0,t,10,43,46,75,0.5,0.25,0.625,5.598421958998375
Western Addition,37.77780547395286,-122.44301545788832,Entire home/apt,2,0,0.0,t,4,76,3,33,0.5,0.5,0.5,4.442651256490317
Mission,37.75148,-122.40832,Private room,2,161,4.46,f,0,290,17,71,0.5,0.75,0.5,3.5553480614894135
Bernal Heights,37.73696563897328,-122.42252968804992,Private room,5,1,5.0,t,7,312,65,74,0.2,0.2,0.6,5.135798437050262
Outer Sunset,37.75499,-122.50457,Entire home/apt,2,214,4.97,t,4,203,27,65,0.0,0.5,0.5,4.7535901911063645
Noe Valley,37.74332,-122.42707,Entire home/apt,4,251,4.73,t,4,185,30,65,0.5,0.25,0.5,5.003946305945459
Noe Valley,37.7517929,-122.4406435,Entire home/apt,6,0,0.0,f,0,243,50,71,0.5,0.25,0.5,5.983936280687191
Castro/Upper Market,37.76684410243335,-122.43080372767454,Private room,1,0,0.0,t,0,324,15,76,1.0,1.0,1.0,4.442651256490317
Downtown/Civic Center,37.78720699330789,-122.4093918469886,Entire home/apt,4,1,5.0,t,30,68,40,52,0.0,0.25,0.5,4.897839799950911
South of Market,37.77792,-122.41052,Private room,2,405,4.87,t,2,132,65,75,0.5,0.75,0.5,4.499809670330265
Outer Sunset,37.75787,-122.47853,Entire home/apt,6,16,4.94,t,26,45,56,75,0.5,0.16666666666666666,0.5,5.971261839790462
Twin Peaks,37.74758,-122.44549,Entire home/apt,4,5,4.4,t,5,167,47,79,0.5,0.375,1.0,5.198497031265826
Bernal Heights,37.73638982421163,-122.42312358834538,Entire home/apt,5,12,5.0,t,7,217,66,74,0.2,0.2,0.6,5.117993812416755
South of Market,37.7792313,-122.4038531,Entire home/apt,2,0,0.0,t,0,276,41,73,0.5,0.5,1.0,4.976733742420574
Outer Sunset,37.75819,-122.49494,Entire home/apt,3,340,4.81,t,9,276,40,85,0.3333333333333333,0.3333333333333333,0.6666666666666666,4.897839799950911
Marina,37.79977,-122.42607,Private room,2,331,4.94,t,7,306,11,39,0.5,0.5,0.5,4.605170185988092
North Beach,37.80024,-122.40591,Entire home/apt,4,23,5.0,f,0,266,30,36,0.5,0.25,0.75,5.0106352940962555
Outer Mission,37.71831028018746,-122.44760119652688,Private room,2,2,5.0,t,20,158,37,56,0.5,0.5,0.5,4.532599493153256
Nob Hill,37.79035,-122.42053,Private room,1,16,4.69,f,0,323,19,38,1.0,1.0,1.0,4.343805421853684
Western Addition,37.78603,-122.42494,Private room,2,2,5.0,f,19,294,5,68,0.5,0.5,0.5,5.683579767338681
Lakeshore,37.73131,-122.48793,Private room,2,7,4.71,f,10,345,38,25,0.5,0.5,0.5,3.8501476017100584
Outer Sunset,37.76150351943475,-122.48049110494492,Entire home/apt,1,103,4.91,t,21,252,29,70,1.0,1.0,1.0,4.770684624465665
Chinatown,37.79141,-122.40724,Entire home/apt,2,7,4.71,t,11,11,35,78,0.0,0.5,1.0,4.927253685157205
Crocker Amazon,37.71122,-122.43705,Entire home/apt,2,2,5.0,t,29,89,55,66,0.5,0.5,0.5,4.394449154672439
Marina,37.79981,-122.42833,Private room,2,3,4.33,t,0,22,16,60,0.5,0.5,0.5,4.553876891600541
Mission,37.75301,-122.40803,Private room,1,96,4.29,f,6,249,53,69,1.0,1.5,1.0,3.4965075614664802
Parkside,37.74315693748507,-122.50457857095968,Entire home/apt,6,36,4.97,t,17,235,55,82,0.5,0.16666666666666666,0.5,5.62040086571715
Mission,37.76058345663174,-122.4167128466617,Private room,2,0,0.0,t,1,61,33,69,0.5,0.5,1.0,4.795790545596741
South of Market,37.77518398844472,-122.41746108398736,Private room,2,0,0.0,f,29,269,15,70,0.5,1.0,0.5,3.9318256327243257
Mission,37.75899,-122.4238,Entire home/apt,2,11,5.0,t,2,184,29,89,0.5,0.5,0.5,5.170483995038151
Glen Park,37.73777,-122.43529,Entire home/apt,4,17,4.94,t,0,239,38,78,0.5,0.25,0.5,5.8664680569332965
Downtown/Civic Center,37.7808814,-122.4132786,Entire home/apt,2,0,0.0,f,6,156,40,66,1.0,0.5,1.0,4.941642422609304
Castro/Upper Market,37.76768559975337,-122.43788761670936,Entire home/apt,4,3,4.67,f,27,177,32,78,0.5,0.25,0.5,6.214608098422191
Noe Valley,37.7481438,-122.4358852,Entire home/apt,4,5,5.0,f,12,130,51,69,0.5,0.25,0.75,6.1463292576688975
Outer Mission,37.7158479,-122.4453194,Entire home/apt,5,173,4.8,t,14,345,41,91,0.4,0.2,0.6,4.7535901911063645
Outer Mission,37.7328,-122.44816,Entire home/apt,6,41,4.83,t,8,299,48,79,0.5,0.5,0.5,5.298317366548036
Inner Sunset,37.760853,-122.463737,Private room,2,310,4.98,t,8,30,40,65,0.5,0.5,0.5,4.700480365792417
Russian Hill,37.79844767767726,-122.40860619050504,Entire home/apt,6,48,4.73,f,0,243,53,75,0.5,0.16666666666666666,0.5,6.0867747269123065
Castro/Upper Market,37.75714,-122.43419,Entire home/apt,2,9,4.78,t,0,330,44,85,0.5,0.5,0.5,4.941642422609304
West of Twin Peaks,37.72891,-122.4652,Entire home/apt,6,94,4.98,t,8,66,46,33,0.3333333333333333,0.16666666666666666,0.5,5.075173815233827
Outer Richmond,37.77781,-122.48889,Entire home/apt,2,22,5.0,t,0,224,59,75,0.5,0.5,0.5,4.804021044733257
Nob Hill,37.7919,-122.41946,Private room,2,12,4.75,f,11,346,6,36,0.5,0.5,0.5,4.189654742026425
Glen Park,37.73389,-122.4324,Entire home/apt,10,227,4.78,t,1,241,61,68,0.3,0.2,0.5,6.1092475827643655
Parkside,37.73811,-122.48949,Entire home/apt,6,229,4.89,t,19,158,44,83,0.5,0.3333333333333333,0.5,5.5053315359323625
Outer Sunset,37.75769,-122.47922,Entire home/apt,7,328,4.89,t,5,278,50,73,0.42857142857142855,0.2857142857142857,0.5714285714285714,5.497168225293202
Outer Mission,37.72373,-122.4403,Private room,1,0,0.0,f,23,83,19,89,1.0,1.0,1.0,6.856461984594587
Nob Hill,37.79114,-122.41073,Private room,2,128,4.76,f,0,224,20,73,0.5,0.5,0.5,4.68213122712422
Excelsior,37.72411,-122.40801,Entire home/apt,10,232,4.88,t,8,107,45,100,0.4,0.3,0.6,5.872117789475416
Mission,37.7562229,-122.4147266,Private room,1,3,5.0,t,29,29,50,77,1.0,1.5,1.0,5.2832037287379885
Russian Hill,37.80418,-122.42042,Entire home/apt,4,17,5.0,t,0,276,20,63,0.25,0.25,0.5,4.90527477843843
Outer Sunset,37.75382,-122.47651,Private room,2,0,0.0,f,0,70,31,52,0.5,0.75,0.5,4.143134726391533
Castro/Upper Market,37.75891876220703,-122.43477630615234,Private room,1,31,4.86,t,2,300,51,89,1.0,1.5,1.0,4.406719247264253
Potrero Hill,37.75968059517693,-122.4006450146926,Private room,2,0,0.0,t,0,141,47,54,0.5,0.5,0.5,4.6443908991413725
Outer Sunset,37.75916,-122.47749,Private room,2,3,4.67,f,2,236,38,71,0.5,0.5,0.5,3.970291913552122
Downtown/Civic Center,37.78551,-122.40752,Private room,2,0,0.0,f,7,286,22,69,0.5,0.5,0.5,4.6443908991413725
Nob Hill,37.79233,-122.40968,Entire home/apt,4,0,0.0,f,2,81,19,11,0.25,0.25,0.5,5.662960480135946
Bernal Heights,37.74124,-122.41455,Entire home/apt,2,152,4.98,t,8,291,48,27,0.5,0.5,0.5,4.844187086458591
Marina,37.80614,-122.43857,Entire home/apt,8,0,0.0,f,29,364,58,41,0.375,0.3125,1.0,6.309918278226516
South of Market,37.777099258650175,-122.41213871664549,Entire home/apt,2,1,5.0,f,28,268,34,74,0.5,0.5,0.5,5.298317366548036
Western Addition,37.77297,-122.42713,Entire home/apt,2,7,5.0,t,3,109,34,84,0.5,0.5,0.5,5.598421958998375
Outer Sunset,37.76137309234521,-122.4896966985737,Private room,1,1,4.0,f,30,365,42,73,1.0,1.0,1.0,4.356708826689592
Downtown/Civic Center,37.78753,-122.40927,Entire home/apt,4,35,4.97,t,0,4,21,86,0.0,0.25,0.5,4.553876891600541
Bayview,37.73351,-122.38944,Private room,2,0,0.0,f,30,365,8,24,0.5,1.0,0.5,4.219507705176107
Outer Sunset,37.74838829113793,-122.4898288026452,Entire home/apt,8,0,0.0,t,12,149,62,72,0.5,0.25,0.625,5.808142489980444
South of Market,37.78173,-122.39676,Entire home/apt,2,43,4.77,t,17,257,12,89,0.5,0.5,0.5,4.394449154672439
Outer Sunset,37.75771,-122.50032,Entire home/apt,4,403,4.87,t,16,166,46,80,0.5,0.25,0.5,5.0238805208462765
Noe Valley,37.74567,-122.43227,Entire home/apt,2,31,4.71,f,0,304,65,70,0.5,0.5,0.5,4.948759890378168
Lakeshore,37.72036540189434,-122.4734914762722,Entire home/apt,5,3,5.0,f,10,176,51,74,0.6,0.2,1.0,5.568344503761097
Bernal Heights,37.74299,-122.40814,Entire home/apt,4,47,4.94,t,0,212,45,61,0.5,0.25,0.5,5.521460917862246
Inner Sunset,37.75876,-122.46663,Entire home/apt,4,378,4.64,f,13,113,33,75,0.5,0.5,0.5,5.19295685089021
Nob Hill,37.79437073999004,-122.4174499777494,Entire home/apt,5,20,5.0,t,16,248,32,47,0.4,0.3,0.6,6.025865973825314
Haight Ashbury,37.7620402,-122.4470998,Entire home/apt,8,41,4.98,t,11,17,72,46,0.375,0.1875,0.625,5.808142489980444
Chinatown,37.79092,-122.40788,Private room,2,67,4.7,f,22,164,13,20,0.5,0.75,0.5,5.081404364984463
Western Addition,37.7879469971816,-122.4251837917047,Entire home/apt,6,29,5.0,f,12,221,52,81,0.5,0.4166666666666667,0.5,6.628041376179533
South of Market,37.77559,-122.40918,Private room,2,234,4.96,t,10,146,58,76,0.5,0.5,0.5,4.770684624465665
Visitacion Valley,37.71139672518184,-122.3985533027773,Entire home/apt,4,1,5.0,f,0,46,23,47,0.5,0.25,0.5,4.276666119016055
Outer Richmond,37.78275,-122.48148,Private room,1,4,5.0,t,0,175,21,79,1.0,1.0,0.0,4.060443010546419
Ocean View,37.71690785284558,-122.46812097081828,Entire home/apt,5,122,4.98,t,10,181,54,75,0.6,0.4,0.6,5.272999558563747
Bernal Heights,37.74442,-122.42287,Entire home/apt,3,7,4.86,t,16,351,41,81,1.0,0.3333333333333333,1.0,5.1647859739235145
South of Market,37.77552,-122.38932,Entire home/apt,2,3,5.0,f,17,343,46,78,0.5,0.5,0.5,6.580639137284949
Western Addition,37.77395,-122.42404,Entire home/apt,4,87,4.92,f,29,360,47,59,0.25,0.25,0.5,5.278114659230517
Russian Hill,37.80117315176185,-122.4219342542942,Entire home/apt,4,5,5.0,t,1,84,59,66,0.5,0.25,0.75,5.389071729816501
Marina,37.8009199,-122.4258129,Private room,6,6,4.33,f,27,339,9,27,0.0,0.16666666666666666,0.0,5.707110264748875
Western Addition,37.78645,-122.43827,Entire home/apt,6,252,4.82,t,0,89,56,27,0.5,0.4166666666666667,0.5,6.476972362889683
Downtown/Civic Center,37.7787601,-122.4222545,Private room,2,0,0.0,f,0,97,7,70,0.5,0.5,0.5,7.368970402194793
Haight Ashbury,37.773022983376016,-122.44484202477132,Entire home/apt,8,0,0.0,f,29,269,12,72,0.5,0.25,0.5,6.38856140554563
Castro/Upper Market,37.76328882373894,-122.43850325992526,Entire home/apt,6,0,0.0,t,20,108,36,80,0.5,0.5,1.0,5.986452005284438
Mission,37.7512,-122.41586,Private room,2,104,4.83,t,8,233,42,80,0.5,0.5,0.5,4.553876891600541
Haight Ashbury,37.765819,-122.452055,Entire home/apt,8,9,5.0,t,0,315,54,73,0.625,0.4375,0.625,5.8916442118257715
Russian Hill,37.79752,-122.41215,Entire home/apt,2,5,4.0,f,0,234,34,71,0.0,0.5,1.0,4.248495242049359
Noe Valley,37.75232,-122.43193,Entire home/apt,4,66,4.8,t,0,332,70,58,0.5,0.375,0.75,5.198497031265826
West of Twin Peaks,37.73398,-122.45504,Private room,1,69,4.62,f,30,365,27,91,1.0,0.0,0.0,4.330733340286331
Bernal Heights,37.74474,-122.42089,Entire home/apt,4,105,4.87,f,22,357,17,90,0.5,0.5,0.5,5.521460917862246
Downtown/Civic Center,37.7884146,-122.4215935,Private room,2,0,0.0,f,30,365,35,49,0.5,0.5,0.5,5.572154032177765
Bernal Heights,37.73883,-122.41796,Entire home/apt,4,122,4.93,f,10,117,70,82,0.5,0.25,0.5,5.3612921657094255
Bayview,37.71625582405476,-122.38963608970197,Private room,5,0,0.0,f,22,33,52,10,0.4,0.4,0.4,5.501258210544727
North Beach,37.79817,-122.40611,Entire home/apt,2,71,4.93,f,10,10,39,81,0.5,0.5,0.5,5.8944028342648505
Western Addition,37.78611373901367,-122.4463882446289,Hotel room,3,2,4.0,f,23,355,10,85,0.3333333333333333,0.3333333333333333,0.6666666666666666,6.073044534100405
Castro/Upper Market,37.76092,-122.42687,Entire home/apt,5,5,5.0,f,23,173,14,44,0.4,0.4,0.6,5.752572638825633
South of Market,37.77678009277589,-122.4073257571297,Private room,2,0,0.0,f,23,83,9,44,0.5,5.0,0.5,4.007333185232471
Noe Valley,37.74891,-122.43194,Entire home/apt,5,354,4.85,t,5,5,37,75,0.4,0.2,0.6,5.4116460518550396
Western Addition,37.77548,-122.43234,Entire home/apt,4,0,0.0,f,0,123,19,49,0.5,0.25,0.75,4.890349128221754
Outer Richmond,37.7790947,-122.4945621,Entire home/apt,2,93,4.62,f,14,151,45,66,0.5,0.5,1.5,4.948759890378168
Downtown/Civic Center,37.7884146,-122.4215935,Private room,2,0,0.0,f,30,365,34,14,0.5,0.5,0.5,5.572154032177765
Excelsior,37.71789,-122.43813,Entire home/apt,4,142,4.82,t,15,158,41,40,0.5,0.25,0.5,4.672828834461906
Excelsior,37.71797,-122.43917,Entire home/apt,5,430,4.9,t,12,240,42,84,0.4,0.2,0.6,5.017279836814924
Ocean View,37.71964,-122.46543,Private room,2,32,4.75,t,18,49,30,74,0.5,0.5,0.5,4.465908118654584
Nob Hill,37.79173,-122.41015,Entire home/apt,2,3,5.0,f,26,361,28,44,0.5,0.5,0.5,5.0238805208462765
Western Addition,37.77166,-122.43671,Private room,4,4,5.0,t,12,315,8,46,0.0,0.25,0.5,5.8971538676367405
Crocker Amazon,37.71094,-122.43134,Entire home/apt,6,226,4.74,t,21,351,33,80,0.6666666666666666,0.16666666666666666,0.5,4.890349128221754
Mission,37.75444,-122.42473,Entire home/apt,2,42,4.7,f,27,362,39,78,1.0,0.5,0.5,4.787491742782046
Downtown/Civic Center,37.78904,-122.41335,Entire home/apt,2,434,4.6,f,13,280,24,78,0.0,0.5,0.5,6.779921907472252
Western Addition,37.77133,-122.43612,Private room,2,861,4.93,t,0,224,41,80,0.5,0.5,0.5,4.59511985013459
Outer Mission,37.71653,-122.44396,Entire home/apt,3,218,4.9,t,9,116,67,79,0.3333333333333333,0.3333333333333333,0.3333333333333333,4.787491742782046
Outer Sunset,37.75058,-122.48564,Entire home/apt,4,114,4.95,t,4,177,47,78,0.5,0.25,0.5,5.187385805840755
Downtown/Civic Center,37.77988,-122.42172,Entire home/apt,4,54,4.74,t,14,14,20,70,0.25,0.25,0.5,5.220355825078324
Downtown/Civic Center,37.78671414259941,-122.41169615211489,Private room,2,84,4.88,t,18,148,22,67,0.5,0.5,0.5,5.3706380281276624
Excelsior,37.72225,-122.41058,Private room,2,285,4.76,t,0,296,19,79,0.5,0.5,0.5,4.127134385045092
North Beach,37.80644,-122.41687,Entire home/apt,2,0,0.0,f,28,363,52,79,0.5,0.5,0.5,5.840641657373398
Downtown/Civic Center,37.7851394,-122.4097605,Private room,1,1,5.0,f,0,285,43,52,1.0,4.0,1.0,4.31748811353631
Western Addition,37.7755,-122.42937,Entire home/apt,3,14,4.93,f,13,253,22,0,0.6666666666666666,0.3333333333333333,0.6666666666666666,4.890349128221754
Bayview,37.73064,-122.38995,Entire home/apt,3,26,4.96,f,15,350,46,67,0.3333333333333333,0.3333333333333333,0.3333333333333333,5.241747015059643
Haight Ashbury,37.77311,-122.44181,Entire home/apt,1,0,0.0,f,23,83,26,24,0.0,1.0,1.0,5.0238805208462765
Excelsior,37.72608,-122.42405,Entire home/apt,1,15,5.0,t,29,269,51,69,1.0,1.0,1.0,5.231108616854587
Western Addition,37.77723,-122.4243,Entire home/apt,4,12,5.0,f,2,318,45,79,0.5,0.5,0.5,5.8998973535824915
Outer Sunset,37.75424,-122.50553,Entire home/apt,4,0,0.0,f,30,270,16,77,0.5,0.25,0.75,5.5053315359323625
Western Addition,37.77035810389658,-122.42925991848392,Entire home/apt,8,21,4.81,f,0,255,44,71,0.375,0.375,0.5,5.966146739123692
Downtown/Civic Center,37.7884146,-122.4215935,Private room,2,0,0.0,f,30,365,36,49,0.5,0.5,0.5,5.572154032177765
Mission,37.75332,-122.41788,Private room,1,0,0.0,t,28,363,26,62,4.0,1.0,1.0,4.382026634673881
Downtown/Civic Center,37.7884146,-122.4215935,Private room,2,0,0.0,f,30,365,35,70,0.5,0.5,0.5,5.572154032177765
Crocker Amazon,37.70976,-122.44522,Private room,2,57,4.58,f,29,121,15,36,0.5,0.5,0.5,4.23410650459726
Potrero Hill,37.75765,-122.39104,Entire home/apt,2,1,5.0,f,1,39,38,69,0.5,0.5,0.5,5.60947179518496
Pacific Heights,37.78946,-122.43538,Entire home/apt,6,83,4.9,t,29,346,18,0,0.5,0.4166666666666667,0.6666666666666666,6.802394763324311
Excelsior,37.73158,-122.40616,Private room,2,15,5.0,f,8,343,40,60,0.5,0.5,0.5,4.04305126783455
Haight Ashbury,37.76645,-122.44793,Entire home/apt,4,62,4.97,t,0,76,49,80,0.25,0.25,0.5,4.8283137373023015
Haight Ashbury,37.77031,-122.44948,Private room,2,625,4.53,t,20,348,24,24,0.5,1.0,0.5,4.356708826689592
Downtown/Civic Center,37.78612,-122.41434,Entire home/apt,2,7,4.86,t,0,213,17,70,0.5,0.5,0.5,4.499809670330265
Downtown/Civic Center,37.7889904,-122.4127915,Entire home/apt,6,0,0.0,t,10,283,48,69,0.3333333333333333,0.16666666666666666,0.5,5.793013608384144
Outer Mission,37.72733144715673,-122.4460082128644,Entire home/apt,5,67,4.97,t,5,31,70,24,0.6,0.6,0.6,5.700443573390687
Nob Hill,37.79202,-122.42089,Private room,2,11,4.82,f,0,305,13,36,0.5,0.5,0.5,4.189654742026425
Western Addition,37.78355,-122.43062,Entire home/apt,2,586,4.92,t,11,335,29,66,0.5,0.5,0.5,5.056245805348308
Bernal Heights,37.738391203564255,-122.41494945314074,Entire home/apt,6,7,5.0,f,10,160,32,77,0.6666666666666666,0.4166666666666667,0.6666666666666666,6.068425588244111
Mission,37.75102,-122.41685,Private room,1,6,5.0,f,0,76,44,78,1.0,1.0,1.0,4.23410650459726
Mission,37.75757,-122.41825,Entire home/apt,4,6,5.0,t,0,213,64,77,0.5,0.25,0.5,5.480638923341991
Downtown/Civic Center,37.78464,-122.41088,Shared room,4,295,4.66,f,30,242,35,63,0.25,0.25,1.0,3.713572066704308
Ocean View,37.7219,-122.4499,Private room,2,0,0.0,f,19,354,12,91,0.5,0.5,0.5,4.174387269895637
Western Addition,37.78101,-122.4321,Private room,1,31,4.84,f,0,314,23,17,1.0,1.0,1.0,4.007333185232471
Downtown/Civic Center,37.7884146,-122.4215935,Private room,2,1,3.0,f,30,365,35,46,0.5,0.5,0.5,5.572154032177765
Downtown/Civic Center,37.78504,-122.41254,Private room,2,174,4.64,f,30,240,41,54,0.5,0.5,0.5,4.465908118654584
Western Addition,37.774845,-122.436333,Entire home/apt,3,25,4.76,t,17,244,40,37,0.6666666666666666,0.3333333333333333,0.6666666666666666,5.7430031878094825
Downtown/Civic Center,37.78787,-122.41042,Entire home/apt,4,5,5.0,f,0,180,24,27,0.25,0.25,0.5,5.521460917862246
Ocean View,37.72363739204296,-122.46041159044564,Private room,2,2,5.0,t,22,82,43,35,0.5,0.5,0.5,4.454347296253507
Lakeshore,37.73252,-122.47547,Entire home/apt,2,42,4.81,t,17,174,49,31,0.0,0.5,0.5,4.897839799950911
Crocker Amazon,37.71066,-122.44345,Private room,2,21,4.9,t,8,8,29,40,0.5,0.5,0.5,4.219507705176107
Bayview,37.73457,-122.39348,Private room,1,54,4.9,t,13,348,53,15,1.0,1.0,1.0,4.189654742026425
Twin Peaks,37.75899,-122.44726,Entire home/apt,6,47,4.87,f,20,355,49,84,0.5,0.4166666666666667,0.5,7.037905963447182
Ocean View,37.72496,-122.46135,Entire home/apt,7,0,0.0,f,0,306,40,77,0.42857142857142855,0.42857142857142855,0.42857142857142855,5.598421958998375
Inner Sunset,37.75654,-122.46552,Entire home/apt,4,417,4.9,t,10,296,44,79,0.5,0.25,0.5,5.351858133476067
Downtown/Civic Center,37.7884146,-122.4215935,Private room,2,1,5.0,f,30,365,35,70,0.5,0.5,0.5,5.572154032177765
Pacific Heights,37.78963,-122.446,Private room,2,125,4.95,t,6,293,36,50,0.5,0.5,0.5,5.3981627015177525
Western Addition,37.77466,-122.43716,Entire home/apt,6,1,5.0,t,30,365,18,35,0.5,0.3333333333333333,0.5,6.726233402358747
Western Addition,37.77651849522423,-122.44214812941355,Private room,1,74,4.97,t,3,9,64,79,1.0,1.0,1.0,4.61512051684126
Noe Valley,37.74768829345703,-122.42521667480467,Private room,2,433,4.96,t,3,227,49,76,0.5,0.5,0.5,4.442651256490317
Outer Sunset,37.75547,-122.48016,Entire home/apt,6,148,4.88,t,7,35,50,50,0.3333333333333333,0.3333333333333333,0.6666666666666666,5.384495062789089
Bayview,37.73371,-122.39944,Entire home/apt,4,2,5.0,f,6,49,27,75,0.5,0.25,0.5,4.990432586778736
Outer Sunset,37.76319,-122.49608,Entire home/apt,4,148,4.84,t,6,108,26,82,0.5,0.25,0.75,5.204006687076795
Western Addition,37.7772,-122.42697,Entire home/apt,4,5,5.0,t,0,262,36,72,0.25,0.25,0.5,4.941642422609304
Noe Valley,37.74955,-122.43591,Entire home/apt,3,202,4.84,t,2,322,39,73,0.3333333333333333,0.3333333333333333,0.6666666666666666,5.58724865840025
Mission,37.75025869731763,-122.41292509782014,Private room,2,29,4.93,t,1,6,40,93,0.5,0.5,1.0,4.5217885770490405
Mission,37.75121,-122.40993,Private room,1,121,4.54,f,0,332,44,66,1.0,1.0,1.0,3.6888794541139363
Noe Valley,37.75256,-122.4257,Entire home/apt,5,52,4.88,f,5,7,69,68,0.4,0.4,0.6,6.054439346269371
Pacific Heights,37.78792,-122.44379,Entire home/apt,3,215,4.8,t,0,327,29,30,0.3333333333333333,0.3333333333333333,0.3333333333333333,5.087596335232384
Western Addition,37.7861631,-122.4284746,Private room,1,1,5.0,f,0,254,26,71,1.0,1.0,1.0,4.110873864173311
Haight Ashbury,37.77257,-122.44973,Private room,2,163,4.96,t,12,174,30,47,0.5,1.0,0.5,4.31748811353631
Bayview,37.73579,-122.38472,Entire home/apt,6,41,4.93,t,27,288,68,66,0.5,0.5,0.5,6.169610732491456
North Beach,37.80249,-122.40909,Private room,2,28,4.93,t,27,168,36,68,0.5,0.5,0.5,5.579729825986222
West of Twin Peaks,37.7284095,-122.4575383,Private room,1,10,4.8,t,0,164,44,32,1.0,1.0,1.0,4.007333185232471
Outer Sunset,37.76348,-122.47867,Entire home/apt,5,8,5.0,t,5,44,48,82,0.4,0.2,0.6,5.262690188904886
Haight Ashbury,37.774923221523785,-122.44059859696338,Entire home/apt,8,2,5.0,f,28,363,35,63,0.5,0.375,0.5,5.978885764901122
Outer Sunset,37.76457,-122.47961,Private room,2,129,4.8,t,26,262,34,67,0.5,0.5,1.0,4.248495242049359
Bayview,37.73643,-122.38969,Private room,2,29,4.93,f,4,36,55,69,0.5,0.5,0.5,3.9889840465642745
Noe Valley,37.74647,-122.43051,Entire home/apt,2,0,0.0,t,0,119,8,85,0.5,0.75,0.5,6.089044875446846
Outer Sunset,37.75433,-122.47838,Private room,2,272,4.97,t,6,230,47,24,0.5,1.0,0.5,4.276666119016055
Chinatown,37.79065,-122.40489,Private room,2,19,4.37,f,26,239,32,64,0.5,0.5,0.5,5.056245805348308
Inner Sunset,37.76315,-122.47293,Entire home/apt,2,45,4.8,t,2,156,30,154,0.5,0.5,0.5,4.90527477843843
Outer Mission,37.72257,-122.43874,Entire home/apt,4,0,0.0,f,30,365,7,33,0.5,0.25,0.5,5.10594547390058
South of Market,37.7721601,-122.4110158,Entire home/apt,4,0,0.0,f,30,365,11,78,0.5,0.25,1.0,5.41610040220442
Presidio Heights,37.78373,-122.44935,Entire home/apt,8,16,4.75,f,0,299,51,81,0.25,0.25,0.5,5.963579343618446
Downtown/Civic Center,37.78899,-122.41279,Entire home/apt,6,0,0.0,t,10,283,48,69,0.3333333333333333,0.16666666666666666,0.5,5.793013608384144
Downtown/Civic Center,37.78902,-122.41001,Entire home/apt,3,5,5.0,t,0,8,21,76,0.0,0.3333333333333333,0.6666666666666666,5.298317366548036
Inner Richmond,37.78238,-122.47629,Private room,2,4,4.0,f,0,212,11,78,0.5,0.5,0.0,4.382026634673881
Outer Mission,37.72277,-122.43882,Private room,3,141,4.65,f,15,165,25,49,0.3333333333333333,0.3333333333333333,0.6666666666666666,3.9318256327243257
Bernal Heights,37.745853,-122.419228,Entire home/apt,4,7,5.0,t,0,196,46,78,0.5,0.25,0.5,5.187385805840755
Downtown/Civic Center,37.7884146,-122.4215935,Private room,2,0,0.0,f,30,365,35,47,0.5,0.5,0.5,5.572154032177765
Haight Ashbury,37.7696,-122.44924,Entire home/apt,4,39,4.92,f,0,59,41,48,0.25,0.375,0.25,5.605802066295998
Nob Hill,37.79007,-122.41083,Entire home/apt,2,7,5.0,f,21,52,26,77,0.0,0.5,0.5,4.859812404361672
Inner Richmond,37.77588,-122.46895,Entire home/apt,4,4,4.0,f,0,297,16,52,0.5,0.25,0.5,4.875197323201151
Haight Ashbury,37.76066,-122.44981,Private room,1,0,0.0,f,21,223,13,71,1.0,1.5,1.0,4.3694478524670215
West of Twin Peaks,37.74311,-122.45086,Entire home/apt,2,309,4.94,t,29,60,35,149,0.5,0.5,0.5,6.405228458030842
Mission,37.75748,-122.42204,Entire home/apt,7,21,4.9,f,29,364,43,56,0.5714285714285714,0.2857142857142857,0.5714285714285714,6.317164686747284
Inner Richmond,37.78614,-122.47544,Entire home/apt,9,5,4.8,t,11,173,64,72,0.5555555555555556,0.5,0.5555555555555556,6.934397209928558
Castro/Upper Market,37.7632546,-122.4369838,Private room,2,65,4.97,t,1,34,43,84,0.5,0.5,0.5,4.897839799950911
Downtown/Civic Center,37.7884146,-122.4215935,Private room,2,0,0.0,f,30,365,35,62,0.5,0.5,0.5,5.572154032177765
Parkside,37.74306,-122.47725,Entire home/apt,4,174,4.87,f,14,342,31,81,0.25,0.25,0.5,5.214935757608986
Visitacion Valley,37.71018,-122.40372,Entire home/apt,1,6,5.0,t,0,149,36,57,1.0,1.0,1.0,4.276666119016055
Pacific Heights,37.7962,-122.42666,Entire home/apt,2,15,4.87,f,3,307,12,34,0.5,0.5,0.5,4.955827057601261
Mission,37.75639068673546,-122.42203305976248,Entire home/apt,2,0,0.0,f,0,201,43,71,0.5,0.5,0.5,4.74493212836325
South of Market,37.77028,-122.4025,Entire home/apt,2,0,0.0,f,0,332,62,78,0.5,0.5,0.5,5.318119993844216
Parkside,37.74344194366393,-122.47373141130127,Private room,2,4,5.0,t,2,337,44,31,0.5,0.75,0.5,4.0943445622221
Outer Mission,37.72604445375029,-122.43453844204667,Private room,1,12,5.0,t,30,270,9,50,1.0,1.0,1.0,4.23410650459726
Diamond Heights,37.73591,-122.44311,Entire home/apt,6,25,4.96,f,0,8,70,76,0.5,0.3333333333333333,1.0,5.948034989180646
Western Addition,37.78267,-122.42476,Entire home/apt,4,9,4.89,t,11,315,36,63,0.5,0.25,0.25,5.1647859739235145
South of Market,37.77332,-122.39009,Entire home/apt,2,0,0.0,t,0,315,50,41,0.5,0.5,0.5,5.342334251964811
Outer Mission,37.73218,-122.43726,Private room,1,449,4.92,t,3,316,27,23,1.0,1.0,1.0,4.442651256490317
Excelsior,37.72545,-122.42687,Entire home/apt,2,127,4.88,t,21,67,36,76,0.5,0.5,0.5,4.6913478822291435
Downtown/Civic Center,37.7884146,-122.4215935,Private room,2,0,0.0,f,30,365,34,47,0.5,0.5,0.5,5.572154032177765
Outer Sunset,37.74921290545479,-122.5029635574766,Entire home/apt,2,56,5.0,t,5,56,47,85,0.5,0.5,0.5,5.272999558563747
Downtown/Civic Center,37.7886655763782,-122.40923582031648,Entire home/apt,4,0,0.0,t,0,3,6,79,0.0,0.25,0.5,5.231108616854587
Inner Sunset,37.76149684174903,-122.47374674786336,Private room,1,0,0.0,f,0,45,14,85,1.0,2.0,1.0,3.713572066704308
West of Twin Peaks,37.728857745184094,-122.46578438835536,Private room,4,15,4.8,t,29,179,43,61,0.5,0.5,0.75,5.342334251964811
Downtown/Civic Center,37.7884549,-122.4133224,Entire home/apt,4,0,0.0,f,23,358,43,44,0.5,0.375,0.25,6.907755278982137
Bernal Heights,37.7407,-122.42001,Entire home/apt,2,41,4.93,t,0,179,34,36,0.5,0.5,1.0,4.700480365792417
Financial District,37.78789,-122.4024,Entire home/apt,3,4,4.75,t,0,328,41,75,0.3333333333333333,0.3333333333333333,0.3333333333333333,5.598421958998375
Downtown/Civic Center,37.7884146,-122.4215935,Private room,2,3,4.0,f,30,365,35,73,0.5,0.5,0.5,5.572154032177765
Western Addition,37.77698,-122.44192,Entire home/apt,4,82,4.48,t,6,80,61,38,0.5,0.25,0.5,5.459585514144159
Haight Ashbury,37.77085,-122.44814,Private room,4,664,4.63,t,22,352,22,24,0.25,0.5,0.5,4.584967478670572
Russian Hill,37.80127,-122.41362,Entire home/apt,4,99,4.99,t,9,33,25,75,0.5,0.5,0.5,6.052089168924417
Downtown/Civic Center,37.789541,-122.411411,Private room,2,2,5.0,f,28,76,16,76,0.5,0.5,0.5,5.181783550292085
Potrero Hill,37.75305,-122.39995,Entire home/apt,8,12,4.83,f,0,212,41,69,0.375,0.25,0.5,5.480638923341991
Castro/Upper Market,37.76008224487305,-122.43833923339844,Entire home/apt,4,21,5.0,t,3,140,38,72,0.5,0.5,0.5,5.6937321388027
Inner Richmond,37.784,-122.47453,Private room,2,2,5.0,t,24,359,33,87,0.5,0.5,0.5,4.6913478822291435
North Beach,37.79920132970702,-122.40695039250085,Private room,2,0,0.0,f,0,278,18,83,0.5,1.0,0.5,3.7376696182833684
Financial District,37.78931,-122.40588,Private room,2,350,4.39,f,15,209,15,69,0.5,0.5,0.5,4.382026634673881
Outer Sunset,37.74931,-122.47838,Private room,3,555,4.92,t,7,328,31,76,0.3333333333333333,0.3333333333333333,0.3333333333333333,4.23410650459726
Chinatown,37.79723306346075,-122.40850086823392,Private room,2,0,0.0,f,0,111,19,82,0.0,1.0,0.5,3.713572066704308
Mission,37.75795,-122.41748,Private room,4,2,5.0,t,21,113,33,64,0.5,0.25,0.5,5.389071729816501
Castro/Upper Market,37.76858,-122.42896,Entire home/apt,16,29,4.79,t,2,266,46,74,0.625,0.25,0.8125,7.165493475060845
Downtown/Civic Center,37.7884146,-122.4215935,Private room,2,7,4.29,f,30,365,35,71,0.5,0.5,0.5,5.572154032177765
Pacific Heights,37.79486,-122.42672,Entire home/apt,2,0,0.0,f,0,298,40,78,0.5,0.5,0.5,5.459585514144159
West of Twin Peaks,37.72562,-122.45883,Private room,1,6,4.83,f,29,121,33,87,1.0,1.0,2.0,4.812184355372417
Western Addition,37.78408,-122.44436,Entire home/apt,4,39,4.85,t,0,207,44,36,0.25,0.25,0.5,4.418840607796598
Haight Ashbury,37.77333,-122.43793,Private room,2,57,4.79,t,21,351,8,54,0.0,0.5,0.5,5.62040086571715
North Beach,37.80407,-122.40901,Private room,5,27,4.85,t,7,301,53,80,0.4,0.2,0.4,5.860786223465865
Outer Richmond,37.77927,-122.47931,Entire home/apt,2,3,5.0,f,27,362,39,93,0.5,0.5,0.5,4.787491742782046
Western Addition,37.77993,-122.43442,Private room,4,3,5.0,f,10,309,26,67,0.25,0.25,0.5,5.961005339623274
Western Addition,37.78562,-122.44413,Entire home/apt,16,64,4.98,f,2,167,44,44,0.375,0.28125,0.5,7.4360278163518485
Pacific Heights,37.79442,-122.44469,Entire home/apt,4,8,5.0,t,0,243,49,70,0.75,0.5,0.75,7.4377951216719325
South of Market,37.7771596,-122.4088976,Private room,4,49,4.24,f,20,338,31,83,0.5,0.25,0.5,5.318119993844216
Potrero Hill,37.76151,-122.3965,Entire home/apt,4,54,4.98,t,1,34,55,77,0.25,0.25,0.5,5.768320995793772
Castro/Upper Market,37.7678124,-122.4293507,Entire home/apt,12,44,4.8,t,3,274,40,74,0.4166666666666667,0.16666666666666666,0.5,6.2766434893416445
Russian Hill,37.798268559056936,-122.42076996216232,Entire home/apt,2,0,0.0,f,29,269,6,42,0.0,0.5,0.5,5.0106352940962555
Noe Valley,37.74344559771088,-122.42615529330762,Entire home/apt,5,37,4.97,t,0,185,56,80,0.4,0.2,0.6,6.251903883165888
Castro/Upper Market,37.76017,-122.44277,Entire home/apt,2,16,5.0,t,8,11,58,61,0.5,0.5,0.5,5.389071729816501
Outer Richmond,37.77988,-122.48488,Entire home/apt,4,274,4.7,t,5,325,35,0,0.25,0.25,0.5,4.976733742420574
South of Market,37.77732,-122.41015,Private room,1,11,4.91,f,0,243,51,24,1.0,1.0,1.0,4.875197323201151
South of Market,37.7771791,-122.4076208,Private room,2,1,5.0,f,0,180,10,62,0.5,1.0,0.5,3.7376696182833684
Inner Richmond,37.77815,-122.45789,Entire home/apt,2,293,4.78,t,14,83,33,27,0.5,0.5,0.5,4.890349128221754
Ocean View,37.72239601526199,-122.45185151108709,Private room,2,0,0.0,f,30,365,20,88,0.5,0.5,0.5,4.30406509320417
Western Addition,37.7782,-122.44126,Entire home/apt,2,51,4.88,t,2,5,62,83,0.5,1.0,0.5,5.181783550292085
West of Twin Peaks,37.74277,-122.45686,Entire home/apt,2,78,4.91,t,1,306,39,79,0.0,0.5,0.5,5.087596335232384
Downtown/Civic Center,37.7862505,-122.4154684,Entire home/apt,2,0,0.0,t,0,243,46,85,0.5,0.5,0.5,5.030437921392435
Mission,37.77109,-122.42305,Entire home/apt,2,43,5.0,t,4,32,48,50,0.5,0.5,0.5,5.220355825078324
Downtown/Civic Center,37.7884146,-122.4215935,Private room,2,0,0.0,f,30,365,35,49,0.5,0.5,0.5,5.572154032177765
Bernal Heights,37.73281,-122.42668,Private room,1,28,4.96,f,0,255,31,5,1.0,2.0,1.0,4.31748811353631
South of Market,37.77373731536954,-122.41031983731818,Private room,2,135,4.27,f,20,317,46,53,0.5,2.0,0.5,4.836281906951478
Chinatown,37.7953623676022,-122.40557598540651,Private room,2,0,0.0,t,0,128,12,9,0.5,0.5,0.5,3.6888794541139363
Outer Sunset,37.76274442982475,-122.5056791166482,Entire home/apt,4,71,4.94,t,14,145,28,85,0.5,0.25,0.75,5.313205979041787
Downtown/Civic Center,37.78671244505496,-122.41169615211489,Private room,4,0,0.0,t,26,158,23,67,0.25,0.25,0.5,6.142037405587356
Western Addition,37.7719,-122.43092,Private room,2,0,0.0,f,0,243,42,68,0.5,1.0,0.5,4.6913478822291435
Ocean View,37.71228,-122.46666,Private room,2,117,4.5,t,23,358,30,85,0.5,0.5,0.5,4.442651256490317
Castro/Upper Market,37.76007843017578,-122.43843841552734,Entire home/apt,5,25,4.88,t,0,273,36,52,0.4,0.4,0.4,5.707110264748875
Western Addition,37.77312,-122.43689,Entire home/apt,2,156,4.92,f,5,130,49,82,0.5,0.5,0.5,5.605802066295998
Mission,37.76486,-122.42205,Entire home/apt,2,102,4.78,f,2,152,50,77,0.5,0.5,1.0,4.700480365792417
Chinatown,37.79143753425915,-122.40752680529803,Entire home/apt,4,2,4.5,t,5,5,25,83,0.25,0.25,0.5,5.713732805509369
Mission,37.76252,-122.42486,Entire home/apt,2,4,4.5,t,0,92,11,73,0.5,0.5,0.5,5.111987788356544
Financial District,37.78931,-122.4058,Private room,4,29,3.79,f,14,342,16,55,0.25,0.25,0.5,4.890349128221754
Downtown/Civic Center,37.7889904,-122.4127915,Private room,4,0,0.0,f,20,76,35,68,0.25,0.25,0.5,5.25227342804663
Lakeshore,37.73281,-122.48006,Entire home/apt,6,10,4.6,t,8,139,32,88,0.5,0.3333333333333333,0.5,5.030437921392435
Excelsior,37.72729,-122.42926,Private room,2,98,4.67,t,29,364,16,87,1.0,0.5,0.5,4.499809670330265
Presidio,37.79802,-122.44742,Entire home/apt,2,26,4.88,t,0,242,48,70,0.0,0.5,0.5,5.4116460518550396
Ocean View,37.70950380000001,-122.4624159,Private room,1,0,0.0,t,0,332,8,75,1.0,1.0,1.0,3.912023005428146
Nob Hill,37.7944577,-122.4183985,Entire home/apt,2,1,5.0,f,0,132,41,74,0.5,0.5,0.5,5.003946305945459
Nob Hill,37.79525,-122.41931,Private room,1,7,5.0,t,0,335,18,0,0.0,1.0,1.0,4.430816798843313
Mission,37.75472,-122.40635,Entire home/apt,6,9,5.0,t,7,174,54,9,0.6666666666666666,0.3333333333333333,0.6666666666666666,5.241747015059643
Outer Sunset,37.7516,-122.50727,Entire home/apt,10,125,4.69,t,21,242,47,52,0.4,0.2,0.6,6.643789733147672
Mission,37.75585,-122.42081,Private room,1,92,4.73,f,29,364,15,43,2.0,2.0,1.0,4.454347296253507
Russian Hill,37.80492,-122.41994,Private room,1,281,4.81,t,28,337,21,76,1.0,1.0,1.0,4.532599493153256
South of Market,37.77895,-122.40278,Entire home/apt,5,9,5.0,f,5,50,38,74,0.2,0.2,0.0,5.8944028342648505
Marina,37.802628268117566,-122.44318302380104,Entire home/apt,2,2,5.0,t,0,149,46,36,0.5,0.5,0.5,5.572154032177765
Haight Ashbury,37.76394,-122.45119,Entire home/apt,2,56,4.96,t,12,221,39,38,0.5,0.5,0.5,5.337538079701318
Potrero Hill,37.75784,-122.38972,Entire home/apt,2,57,4.95,t,0,243,42,83,0.5,0.5,0.5,5.849324779946859
Noe Valley,37.75279,-122.43861,Entire home/apt,2,1,4.0,f,23,358,17,88,0.5,0.5,0.5,5.631211781821365
Western Addition,37.7743,-122.43032,Entire home/apt,4,27,4.89,t,0,89,33,44,0.5,0.5,0.0,5.921578419643816
Western Addition,37.77094,-122.43078,Private room,1,4,4.75,f,10,60,18,0,1.0,2.0,1.0,4.406719247264253
Parkside,37.73681,-122.49748,Private room,1,3,5.0,f,8,68,13,79,1.0,1.0,1.0,4.1588830833596715
Financial District,37.78931,-122.40588,Private room,2,30,4.37,f,0,159,13,84,0.5,0.0,0.5,3.912023005428146
Downtown/Civic Center,37.7884146,-122.4215935,Private room,2,0,0.0,f,30,365,35,80,0.5,0.5,0.5,5.572154032177765
Excelsior,37.71816342755337,-122.42799722314544,Private room,2,1,5.0,f,0,139,13,79,0.5,0.5,0.5,5.298317366548036
Outer Sunset,37.74750634872677,-122.4891472784908,Entire home/apt,4,9,4.89,t,9,47,34,88,0.5,0.25,0.5,5.4510384535657
North Beach,37.79872,-122.40654,Entire home/apt,2,12,4.83,f,3,313,44,34,0.5,0.5,1.0,5.0106352940962555
Excelsior,37.725216746556015,-122.41541441812916,Entire home/apt,6,33,4.76,f,14,239,33,48,0.3333333333333333,0.16666666666666666,0.5,4.77912349311153
Haight Ashbury,37.76544,-122.44535,Entire home/apt,2,16,4.19,f,0,106,22,77,0.0,0.5,0.5,4.418840607796598
Mission,37.75924,-122.40843,Private room,2,177,4.89,t,2,9,36,67,0.5,0.5,0.5,4.532599493153256
Castro/Upper Market,37.75957,-122.44044,Entire home/apt,2,57,4.86,t,0,131,33,122,0.5,0.5,0.5,4.8283137373023015
South of Market,37.7731,-122.42077,Private room,2,148,4.36,f,18,352,18,75,0.5,0.5,0.5,4.709530201312334
Marina,37.79987873710253,-122.4396143487341,Entire home/apt,6,16,5.0,t,9,251,37,72,0.3333333333333333,0.3333333333333333,0.5,6.639875833826536
Inner Sunset,37.76149,-122.46516,Entire home/apt,1,2,5.0,t,8,53,24,77,1.0,1.0,1.0,4.962844630259907
Outer Sunset,37.7543361,-122.5042332,Private room,2,60,4.92,t,7,56,46,79,0.5,0.5,0.5,4.430816798843313
Castro/Upper Market,37.7619,-122.43621,Private room,2,6,5.0,f,9,257,25,78,0.0,0.5,1.0,6.620073206530356
Mission,37.766732769706486,-122.41953343080928,Private room,1,1,5.0,f,0,228,44,93,1.0,1.0,2.0,4.382026634673881
Inner Richmond,37.78376,-122.47475,Private room,2,3,5.0,f,19,354,12,77,0.5,0.5,0.5,4.382026634673881
Haight Ashbury,37.77141,-122.43873,Entire home/apt,2,0,0.0,f,0,332,46,63,1.0,0.5,0.5,5.68697535633982
Mission,37.76214,-122.40566,Private room,2,288,4.98,t,5,27,52,75,0.5,0.5,0.5,4.634728988229636
Russian Hill,37.80562,-122.41879,Entire home/apt,4,17,5.0,t,0,300,18,67,0.25,0.25,0.5,4.90527477843843
South of Market,37.7704306,-122.4131086,Entire home/apt,2,1,5.0,f,9,252,15,72,0.5,0.5,0.5,4.812184355372417
Mission,37.76646,-122.41827,Private room,1,1,5.0,t,29,364,42,11,1.0,1.5,1.0,5.0238805208462765
Potrero Hill,37.75949,-122.40308,Entire home/apt,2,0,0.0,f,19,344,55,41,0.5,0.5,0.5,5.0238805208462765
Downtown/Civic Center,37.78444,-122.42021,Entire home/apt,2,0,0.0,f,28,363,45,76,0.5,0.5,0.5,5.8522024797744745
Downtown/Civic Center,37.78703059444368,-122.4109559199263,Entire home/apt,4,2,5.0,t,30,84,39,52,0.0,0.25,0.5,4.912654885736052
Parkside,37.74347077128174,-122.48450566020249,Entire home/apt,4,128,4.46,f,0,29,42,76,0.5,0.25,0.5,4.927253685157205
Western Addition,37.7781,-122.42401,Private room,2,36,4.17,f,29,364,17,50,0.5,0.5,0.5,4.5217885770490405
Western Addition,37.77273,-122.43017,Private room,2,20,5.0,t,5,245,35,63,0.5,0.5,0.5,4.442651256490317
Parkside,37.74022848875693,-122.50614596137696,Entire home/apt,6,7,5.0,f,11,34,56,69,0.5,0.3333333333333333,0.5,6.342121418721152
Russian Hill,37.8023752,-122.4144885,Entire home/apt,2,5,5.0,t,0,238,21,83,0.5,0.5,0.5,5.298317366548036
Russian Hill,37.80015766052233,-122.41235017776488,Entire home/apt,4,0,0.0,f,27,267,10,14,0.75,0.5,0.5,5.703782474656201
Noe Valley,37.7527,-122.43294,Entire home/apt,5,270,4.72,f,9,344,37,45,0.2,0.2,0.2,5.288267030694535
North Beach,37.8054714,-122.4168419,Entire home/apt,4,0,0.0,f,27,361,45,70,0.0,0.25,0.25,6.210600077024653
Twin Peaks,37.75204,-122.45008,Entire home/apt,6,249,4.88,t,13,245,48,78,0.3333333333333333,0.16666666666666666,0.5,5.645446897643238
Mission,37.76448,-122.42349,Entire home/apt,2,314,4.8,t,5,303,36,83,1.0,0.5,1.0,5.030437921392435
Mission,37.75217,-122.40954,Private room,2,101,4.59,f,0,184,12,0,0.5,0.75,0.5,4.31748811353631
Presidio Heights,37.78986,-122.45094,Entire home/apt,4,17,4.88,f,29,89,60,29,0.5,0.5,0.5,5.793013608384144
Downtown/Civic Center,37.7884146,-122.4215935,Private room,2,0,0.0,f,30,365,35,53,0.5,0.5,0.5,5.572154032177765
Outer Sunset,37.75846,-122.47699,Private room,2,106,4.85,t,7,24,34,74,0.5,0.5,0.5,4.564348191467836
South of Market,37.78814,-122.38972,Entire home/apt,4,2,5.0,f,0,57,32,70,0.5,0.5,0.5,5.579729825986222
Financial District,37.79035,-122.40619,Hotel room,2,1417,4.31,f,28,361,17,85,0.5,0.5,0.5,4.6913478822291435
Downtown/Civic Center,37.7759224564705,-122.41904742783092,Private room,2,3,2.0,f,0,170,13,32,0.5,0.5,0.5,4.04305126783455
Noe Valley,37.74348,-122.4261,Private room,2,86,4.88,t,24,24,46,28,0.5,0.5,0.5,4.356708826689592
North Beach,37.80547,-122.41684,Entire home/apt,4,0,0.0,t,27,361,47,70,0.0,0.25,0.25,6.315358001522335
Downtown/Civic Center,37.78876,-122.41095,Entire home/apt,4,48,4.9,t,15,15,32,79,0.0,0.25,0.5,5.407171771460119
Bayview,37.7352,-122.40411,Entire home/apt,2,1,5.0,f,17,295,17,81,0.0,0.5,0.5,4.219507705176107
Western Addition,37.78697969606299,-122.43677701627335,Entire home/apt,4,1,5.0,f,0,205,32,77,0.5,0.25,0.5,5.298317366548036
Mission,37.75323,-122.4075,Entire home/apt,8,82,4.85,f,0,12,30,73,0.375,0.1875,0.625,5.886104031450156
Nob Hill,37.79577,-122.41718,Entire home/apt,1,22,4.73,t,0,335,23,17,1.0,1.0,1.0,4.394449154672439
Russian Hill,37.7995,-122.42172,Entire home/apt,6,13,4.54,f,0,147,54,79,0.5,0.3333333333333333,0.5,5.703782474656201
West of Twin Peaks,37.73386,-122.4638,Private room,2,129,4.64,t,29,269,25,74,0.5,1.5,0.5,4.174387269895637
Mission,37.749,-122.42244,Private room,2,200,4.93,t,15,246,42,77,0.5,0.5,1.5,4.3694478524670215
South of Market,37.78318,-122.39133,Entire home/apt,2,1,5.0,f,0,106,54,67,0.5,0.5,0.5,4.5217885770490405
Outer Sunset,37.75257,-122.50561,Entire home/apt,2,260,4.82,f,1,214,49,27,0.5,0.75,0.5,4.543294782270004
Marina,37.79793,-122.4418,Private room,4,87,4.98,t,4,108,34,39,0.25,0.375,0.25,6.345636360828596
Downtown/Civic Center,37.78746,-122.41312,Entire home/apt,2,75,4.47,f,25,296,24,78,0.0,0.5,0.5,6.906754778648554
Outer Sunset,37.7557,-122.50333,Entire home/apt,2,234,4.93,t,12,71,30,91,0.5,0.5,0.5,4.897839799950911
Potrero Hill,37.76241,-122.3972,Entire home/apt,4,130,4.92,t,2,49,40,79,0.5,0.25,0.5,6.1092475827643655
Downtown/Civic Center,37.78906866271574,-122.41165116266788,Private room,2,0,0.0,f,5,319,14,41,0.5,0.5,0.5,4.143134726391533
Inner Richmond,37.78118,-122.46387,Entire home/apt,4,0,0.0,t,0,274,53,73,0.5,0.25,0.75,4.882801922586371
Mission,37.76101549164206,-122.40708940786892,Entire home/apt,7,26,5.0,t,8,17,64,65,0.5714285714285714,0.2857142857142857,0.5714285714285714,6.045005314036012
Nob Hill,37.793583,-122.41539,Entire home/apt,2,18,4.24,f,1,336,14,53,0.0,0.5,0.5,4.605170185988092
Western Addition,37.77999,-122.43987,Private room,1,12,5.0,f,4,305,39,53,1.0,1.0,1.0,3.828641396489095
Outer Mission,37.71887,-122.44323,Entire home/apt,4,28,4.46,f,18,151,28,67,0.5,0.5,0.5,4.61512051684126
North Beach,37.80226,-122.40818,Entire home/apt,4,191,4.96,t,11,12,52,33,0.5,0.25,0.5,5.988961416889864
Russian Hill,37.8055,-122.42058,Private room,6,25,4.96,t,12,78,34,80,0.3333333333333333,0.16666666666666666,0.5,5.846438775057725
Parkside,37.74433,-122.50363,Entire home/apt,4,169,4.96,t,1,47,50,42,0.5,0.25,0.5,5.438079308923196
Western Addition,37.78979,-122.42469,Private room,2,81,4.81,t,29,172,55,78,0.5,1.5,0.5,4.897839799950911
Excelsior,37.72416,-122.40415,Entire home/apt,2,12,5.0,t,21,226,33,30,0.5,0.5,1.0,4.770684624465665
Noe Valley,37.75322,-122.43647,Entire home/apt,2,185,4.89,t,11,345,32,42,0.5,0.5,0.5,5.7430031878094825
Downtown/Civic Center,37.7787601,-122.4222545,Entire home/apt,2,0,0.0,t,23,220,34,54,0.0,0.0,0.5,5.003946305945459
Mission,37.75404,-122.42388,Entire home/apt,2,8,4.38,f,0,238,21,59,0.0,0.5,0.5,4.787491742782046
South of Market,37.77673,-122.40949,Private room,1,9,4.89,f,0,304,50,24,1.0,1.0,1.0,4.68213122712422
Downtown/Civic Center,37.78403,-122.4092,Entire home/apt,2,4,5.0,f,7,275,46,74,0.5,0.5,0.5,4.927253685157205
Downtown/Civic Center,37.77951,-122.42188,Private room,2,0,0.0,f,30,365,10,77,0.5,0.5,0.5,5.342334251964811
Lakeshore,37.73491,-122.4898,Entire home/apt,10,0,0.0,f,14,349,37,42,0.4,0.4,0.1,5.857933154483459
Marina,37.7995186,-122.4425178,Entire home/apt,4,3,3.67,f,16,262,35,88,0.5,0.25,0.5,5.484796933490655
Potrero Hill,37.75522400915634,-122.39849231182195,Entire home/apt,6,77,4.99,t,10,327,37,80,0.5,0.3333333333333333,0.5,5.924255797414532
Downtown/Civic Center,37.78979,-122.40907,Entire home/apt,2,44,4.86,t,0,4,24,51,0.0,0.5,0.5,4.844187086458591
Outer Sunset,37.75617,-122.4786,Entire home/apt,2,47,4.77,t,15,43,39,78,0.5,0.5,0.5,4.882801922586371
Lakeshore,37.736842,-122.4875902,Entire home/apt,5,103,4.94,t,6,189,55,86,0.4,0.2,0.6,5.135798437050262
Outer Sunset,37.76185761284503,-122.48981894745432,Private room,1,2,5.0,f,17,352,9,9,1.0,1.0,1.0,4.007333185232471
Outer Mission,37.73119,-122.45014,Private room,1,102,4.88,t,13,54,42,78,1.0,2.0,1.0,4.04305126783455
Potrero Hill,37.76497,-122.39798,Entire home/apt,4,106,4.9,t,9,273,43,47,0.5,0.5,0.5,6.0063531596017325
Mission,37.75737012736486,-122.41035743503843,Private room,1,27,4.78,f,8,39,20,51,1.0,0.0,1.0,3.7376696182833684
Western Addition,37.7774,-122.43823,Entire home/apt,2,21,5.0,t,12,186,55,75,0.5,0.5,0.5,5.278114659230517
Western Addition,37.78745443461002,-122.42258285163226,Private room,2,0,0.0,f,30,365,36,49,0.5,0.5,0.5,5.572154032177765
Bernal Heights,37.73388,-122.41822,Shared room,4,23,4.91,t,14,349,56,80,0.75,0.5,0.75,5.521460917862246
Downtown/Civic Center,37.7884146,-122.4215935,Private room,2,0,0.0,f,30,365,35,62,0.5,0.5,0.5,5.572154032177765
Chinatown,37.79102,-122.40698,Entire home/apt,2,4,5.0,f,0,150,32,34,0.5,0.5,0.5,4.812184355372417
Mission,37.7665977,-122.4181501,Entire home/apt,2,8,4.63,f,10,314,41,46,0.0,0.5,0.5,4.941642422609304
Western Addition,37.78661,-122.43355,Entire home/apt,2,66,4.95,t,5,31,47,18,0.5,0.5,0.5,5.66988092298052
North Beach,37.805898561861554,-122.41790282424846,Entire home/apt,2,0,0.0,f,28,363,46,71,0.5,0.5,0.5,6.137727054086234
South of Market,37.77405,-122.41869,Entire home/apt,2,138,4.96,t,8,133,39,72,0.5,0.5,0.5,5.560681631015528
Mission,37.76047,-122.42013,Entire home/apt,1,4,4.5,f,0,123,31,82,1.0,1.0,1.0,4.454347296253507
Nob Hill,37.79193,-122.42138,Private room,2,8,4.88,f,2,257,11,47,0.5,0.5,0.5,4.787491742782046
Downtown/Civic Center,37.7876055,-122.4214594,Entire home/apt,4,1,5.0,f,30,268,10,52,0.25,0.25,0.5,5.793013608384144
Bernal Heights,37.74267,-122.40745,Private room,2,68,4.76,t,4,280,56,99,0.5,0.5,0.5,4.59511985013459
Bernal Heights,37.734196,-122.416054,Entire home/apt,2,13,4.46,t,0,208,50,76,0.5,0.5,0.5,4.762173934797756
Parkside,37.74536,-122.47367,Private room,3,85,4.74,f,26,173,33,82,0.0,0.3333333333333333,0.3333333333333333,4.0943445622221
Downtown/Civic Center,37.77714026204765,-122.4185157579248,Entire home/apt,2,2,4.5,t,0,162,66,35,0.0,0.5,0.5,4.941642422609304
Bayview,37.73452,-122.39793,Entire home/apt,3,309,4.95,t,17,161,56,72,0.3333333333333333,0.3333333333333333,0.6666666666666666,5.220355825078324
West of Twin Peaks,37.73489,-122.44433,Entire home/apt,8,9,5.0,t,0,62,49,79,0.5,0.3125,0.75,6.037870919922137
Potrero Hill,37.7629,-122.3888,Entire home/apt,2,4,4.5,f,1,76,34,62,0.5,0.75,0.5,5.703782474656201
Outer Richmond,37.77324,-122.50189,Private room,2,21,5.0,t,5,281,45,79,0.5,0.5,0.5,5.0106352940962555
Haight Ashbury,37.775145672861264,-122.43933575300974,Entire home/apt,6,0,0.0,t,29,364,52,77,0.5,0.5,0.5,6.406879986069314
Outer Sunset,37.76432,-122.48151,Entire home/apt,4,436,4.93,t,6,179,50,87,0.25,0.25,0.5,4.90527477843843
Downtown/Civic Center,37.77778,-122.42264,Entire home/apt,2,1,5.0,f,30,365,11,77,0.5,0.5,0.5,5.793013608384144
Ocean View,37.71785732650761,-122.46963980230294,Private room,1,14,4.86,f,24,262,42,48,1.0,1.5,1.0,4.382026634673881
Outer Richmond,37.77964,-122.48,Entire home/apt,8,142,4.46,f,30,365,36,74,0.375,0.125,0.25,5.480638923341991
Excelsior,37.720047566714655,-122.43056138444187,Entire home/apt,5,3,5.0,t,1,144,48,82,0.4,0.4,0.4,4.700480365792417
Mission,37.7667,-122.4179,Private room,1,11,5.0,t,2,161,42,76,1.0,1.5,1.0,4.204692619390966
Inner Richmond,37.77988217826439,-122.45025113224985,Entire home/apt,2,2,5.0,t,0,294,5,21,0.0,0.5,0.5,4.248495242049359
Nob Hill,37.7961162,-122.415967,Private room,2,8,4.88,f,4,48,12,62,0.5,0.5,0.5,4.727387818712341
Excelsior,37.71932,-122.43664,Private room,1,125,4.8,f,11,245,30,74,1.0,1.0,1.0,4.127134385045092
Visitacion Valley,37.70982,-122.40633,Private room,4,63,4.73,t,13,332,22,57,0.25,0.125,0.5,4.007333185232471
Inner Sunset,37.76056325438542,-122.4652843121174,Entire home/apt,2,11,5.0,f,6,127,35,50,0.5,0.5,0.5,5.37989735354046
Outer Sunset,37.76358,-122.47846,Private room,3,196,4.7,t,1,59,35,79,0.3333333333333333,0.3333333333333333,0.6666666666666666,4.276666119016055
Excelsior,37.72369,-122.42865,Private room,4,165,4.92,t,14,111,68,78,0.5,0.25,0.5,4.442651256490317
Crocker Amazon,37.71316346263242,-122.43795134573016,Private room,1,0,0.0,f,12,104,28,40,1.0,1.5,1.0,3.8066624897703196
Pacific Heights,37.7908479,-122.435288,Entire home/apt,2,4,4.0,f,6,335,35,5,0.0,0.5,0.5,4.553876891600541
Downtown/Civic Center,37.7889904,-122.4127915,Entire home/apt,4,4,5.0,t,19,308,48,69,0.25,0.25,0.5,5.75890177387728
Outer Mission,37.72275,-122.43947,Private room,1,107,4.87,f,8,283,33,22,1.0,1.0,1.0,4.110873864173311
Outer Richmond,37.78416,-122.48058,Private room,2,3,5.0,t,13,250,49,85,0.5,0.5,0.5,4.499809670330265
Haight Ashbury,37.77597,-122.44249,Entire home/apt,2,292,4.76,t,2,173,32,43,0.5,0.5,0.5,5.0369526024136295
Ocean View,37.7211974694312,-122.4497002660125,Private room,1,0,0.0,f,13,348,20,88,1.0,1.0,1.0,4.23410650459726
Haight Ashbury,37.76875,-122.44732,Entire home/apt,2,20,4.9,f,1,147,33,48,0.5,0.5,0.5,5.476463551931511
North Beach,37.8054714,-122.4168419,Entire home/apt,6,1,5.0,t,28,354,42,70,0.3333333333333333,0.3333333333333333,0.5,6.98933526597456
Haight Ashbury,37.77408,-122.43977,Entire home/apt,8,1,3.0,f,30,365,50,79,0.5,0.25,0.0,6.336825731146441
Noe Valley,37.75154,-122.42581,Entire home/apt,6,34,4.85,f,30,365,39,78,0.5,0.16666666666666666,0.6666666666666666,5.62040086571715
South of Market,37.7742931,-122.3912079,Entire home/apt,3,12,5.0,t,30,169,64,74,0.3333333333333333,0.3333333333333333,0.6666666666666666,6.278521424165844
Castro/Upper Market,37.76342009990894,-122.4304964590332,Entire home/apt,2,0,0.0,f,23,358,8,0,0.5,0.75,0.5,5.545177444479562
Outer Sunset,37.76258,-122.50215,Entire home/apt,3,330,4.85,t,16,237,48,82,0.3333333333333333,0.3333333333333333,1.3333333333333333,4.770684624465665
Outer Richmond,37.7781901218789,-122.4947751468447,Entire home/apt,6,64,4.92,t,29,57,39,74,0.5,0.3333333333333333,0.5,6.163314804034641
North Beach,37.80598,-122.41713,Private room,2,0,0.0,f,27,167,21,33,0.5,0.5,0.5,5.420534999272286
Outer Richmond,37.77878,-122.48282,Entire home/apt,2,336,4.92,t,2,208,47,71,0.5,0.5,1.5,5.198497031265826
Mission,37.75543,-122.41866,Entire home/apt,4,10,5.0,t,0,255,54,70,0.5,0.25,0.5,5.62040086571715
Outer Sunset,37.76085,-122.50814,Entire home/apt,2,381,4.87,t,4,184,46,50,0.5,0.5,0.5,5.017279836814924
Mission,37.76658,-122.41996,Private room,1,9,4.89,t,3,243,42,79,1.0,1.5,1.0,4.330733340286331
Marina,37.79908,-122.43774,Private room,4,83,4.94,t,3,79,45,38,0.5,0.5,0.5,5.746203190540153
Haight Ashbury,37.7709967,-122.4490853,Entire home/apt,8,0,0.0,f,30,365,8,66,0.5,0.5,0.5,6.2285110035911835
Excelsior,37.72526,-122.4187,Private room,2,148,4.46,t,0,229,71,60,0.5,0.5,0.5,4.290459441148391
Western Addition,37.78639,-122.44565,Private room,3,523,4.93,t,0,263,26,39,0.6666666666666666,0.3333333333333333,0.6666666666666666,5.231108616854587
Outer Mission,37.7296243,-122.436041,Entire home/apt,4,80,4.73,f,12,341,38,32,0.25,0.25,0.5,5.087596335232384
West of Twin Peaks,37.74067,-122.46516,Entire home/apt,4,4,4.75,t,13,68,28,48,0.5,0.25,0.5,5.455321115357702
Castro/Upper Market,37.75662,-122.43157,Entire home/apt,2,238,4.92,t,11,231,41,74,0.5,0.5,0.5,5.030437921392435
South of Market,37.77454757446024,-122.38962394331868,Entire home/apt,3,4,5.0,f,2,58,33,61,0.3333333333333333,0.5,0.3333333333333333,5.988961416889864
Outer Sunset,37.76088,-122.48459,Entire home/apt,4,104,4.69,t,18,353,26,83,1.0,0.5,1.0,5.236441962829949
Castro/Upper Market,37.76217,-122.43011,Private room,2,0,0.0,f,1,284,7,57,0.5,0.0,0.5,5.2574953720277815
Castro/Upper Market,37.76285,-122.43337,Entire home/apt,2,140,4.97,t,12,163,42,47,0.5,0.5,0.5,5.971261839790462
Western Addition,37.78591,-122.42569,Private room,2,3,4.67,t,9,344,29,77,0.5,0.5,0.5,4.700480365792417
Downtown/Civic Center,37.7889904,-122.4127915,Entire home/apt,4,0,0.0,t,19,308,50,69,0.25,0.25,0.5,5.652489180268651
Pacific Heights,37.79737,-122.42382,Private room,2,401,4.59,f,0,328,19,28,0.5,0.5,0.5,4.787491742782046
Nob Hill,37.79053500662464,-122.41511689383056,Private room,2,92,4.77,f,8,58,58,64,0.5,0.5,0.0,4.290459441148391
Downtown/Civic Center,37.78274,-122.4209,Entire home/apt,2,30,4.87,t,2,281,28,0,0.0,0.5,0.5,4.574710978503383
Western Addition,37.76949,-122.43076,Private room,2,196,4.94,t,8,322,48,79,0.5,1.25,0.5,4.406719247264253
Marina,37.799881,-122.435287,Private room,2,1105,4.72,f,22,355,36,71,0.5,0.5,0.5,5.318119993844216
Lakeshore,37.73547,-122.48561,Entire home/apt,4,248,4.92,t,3,181,53,79,0.5,0.25,0.75,5.147494476813453
Western Addition,37.77360377032405,-122.42564955148664,Private room,6,0,0.0,t,0,319,45,73,0.3333333333333333,0.3333333333333333,0.3333333333333333,6.139884552226255
Haight Ashbury,37.76923,-122.44675,Entire home/apt,3,24,4.96,t,0,200,26,66,0.6666666666666666,0.3333333333333333,0.6666666666666666,5.303304908059076
Haight Ashbury,37.77495,-122.44305,Entire home/apt,6,137,4.7,f,0,269,23,43,0.3333333333333333,0.16666666666666666,0.5,4.7535901911063645
Mission,37.75231,-122.424,Entire home/apt,2,4,5.0,f,11,273,9,80,0.5,0.5,0.5,4.6913478822291435
Russian Hill,37.80005,-122.41692,Entire home/apt,2,7,5.0,t,12,82,16,67,0.5,0.5,0.5,4.90527477843843
Potrero Hill,37.75956,-122.40095,Entire home/apt,5,18,4.94,t,0,141,48,52,0.6,0.4,0.6,6.113682179832232
Haight Ashbury,37.77024,-122.44839,Entire home/apt,10,12,4.92,t,0,15,52,71,0.5,0.3,0.4,6.900730664045173
Noe Valley,37.74498,-122.4367,Entire home/apt,4,103,4.77,f,0,30,41,75,0.5,0.25,0.5,5.303304908059076
Nob Hill,37.79074254814154,-122.40952503258974,Entire home/apt,2,0,0.0,f,0,7,20,11,0.0,0.5,0.5,5.717027701406222
Inner Sunset,37.76556,-122.45332,Entire home/apt,2,16,5.0,f,0,113,45,14,0.5,0.5,0.5,5.204006687076795
Mission,37.75882,-122.41,Entire home/apt,4,3,5.0,t,0,325,51,83,0.25,0.5,0.5,5.69035945432406
Western Addition,37.78725,-122.4429,Entire home/apt,3,13,5.0,f,0,279,44,76,0.3333333333333333,0.3333333333333333,0.3333333333333333,4.875197323201151
Mission,37.75903566018661,-122.41681114596484,Private room,1,1,5.0,t,1,149,28,49,1.0,4.5,1.0,4.941642422609304
Outer Sunset,37.7460651,-122.5073465,Entire home/apt,2,68,4.88,t,5,294,68,89,0.5,0.5,0.5,5.159055299214529
Lakeshore,37.7302,-122.49134,Private room,2,171,4.71,f,30,365,40,79,0.5,0.5,0.5,4.174387269895637
Twin Peaks,37.74952,-122.44851,Entire home/apt,4,118,4.93,t,8,319,20,85,0.5,0.25,0.75,5.793013608384144
Inner Richmond,37.77503,-122.47453,Entire home/apt,5,43,4.98,t,15,337,48,79,0.6,0.4,0.6,6.4692503167957724
Castro/Upper Market,37.76520938350094,-122.43091111325222,Private room,1,0,0.0,t,1,306,31,72,1.0,1.0,1.0,4.442651256490317
Haight Ashbury,37.77396,-122.43931,Entire home/apt,4,20,4.85,f,5,296,17,58,0.5,0.5,0.5,5.030437921392435
Nob Hill,37.79404,-122.42037,Private room,2,25,4.64,f,28,301,12,60,0.5,0.5,0.5,5.247024072160486
Western Addition,37.7798299,-122.436538,Entire home/apt,6,63,5.0,t,2,12,58,74,0.5,0.3333333333333333,0.5,6.532334292222349
Outer Richmond,37.77904,-122.5038,Entire home/apt,4,133,4.9,t,10,49,42,87,0.5,0.25,0.5,5.1298987149230735
Mission,37.75821648609956,-122.4217086899294,Entire home/apt,2,0,0.0,f,0,89,36,74,1.0,0.5,1.0,5.272999558563747
Chinatown,37.79206,-122.40817,Entire home/apt,2,29,5.0,t,0,330,31,88,0.5,0.5,0.5,4.653960350157523
North Beach,37.80547,-122.41684,Entire home/apt,4,0,0.0,t,27,361,47,70,0.0,0.25,0.25,6.315358001522335
Downtown/Civic Center,37.77411,-122.42105,Entire home/apt,6,1,5.0,f,12,329,50,9,0.3333333333333333,0.3333333333333333,0.3333333333333333,5.288267030694535
Downtown/Civic Center,37.7787601,-122.4222545,Private room,2,0,0.0,f,17,110,31,76,0.5,0.5,0.5,5.5254529391317835
Twin Peaks,37.74717,-122.44827,Entire home/apt,5,27,4.78,f,24,174,31,74,0.4,0.4,0.6,6.1224928095143865
Russian Hill,37.79822,-122.41089,Entire home/apt,7,5,5.0,f,9,307,43,80,0.42857142857142855,0.21428571428571427,0.5714285714285714,5.958424693029782
Parkside,37.74217925214533,-122.476181535844,Private room,2,5,4.8,t,4,239,40,59,0.5,1.0,0.5,4.04305126783455
Outer Mission,37.71195,-122.45067,Private room,1,0,0.0,f,23,83,20,81,1.0,1.0,1.0,4.59511985013459
Financial District,37.79723,-122.40524,Entire home/apt,2,2,4.5,t,30,364,18,11,1.0,0.5,1.0,4.718498871295094
Downtown/Civic Center,37.7889904,-122.4127915,Entire home/apt,4,0,0.0,t,19,308,50,69,0.25,0.25,0.5,5.652489180268651
Outer Richmond,37.78345,-122.4876,Entire home/apt,4,248,4.9,f,14,192,46,78,0.25,0.25,0.5,4.9344739331306915
Inner Richmond,37.77507,-122.46685,Private room,2,167,4.83,t,1,327,22,16,0.5,0.5,0.5,4.394449154672439
Bernal Heights,37.74429,-122.4084,Entire home/apt,2,28,4.96,t,0,117,37,68,0.5,0.5,0.5,5.0106352940962555
Ocean View,37.71568587825226,-122.46024197829746,Entire home/apt,4,1,5.0,f,12,58,24,18,0.5,0.25,0.5,4.343805421853684
Chinatown,37.790397,-122.408138,Private room,2,21,4.33,f,24,104,21,66,0.5,0.5,0.5,4.634728988229636
Outer Sunset,37.74617,-122.5087,Entire home/apt,6,153,4.76,f,26,149,15,28,0.5,0.3333333333333333,0.6666666666666666,5.41610040220442
Inner Richmond,37.77614,-122.47758,Entire home/apt,5,46,4.98,f,0,38,30,61,0.6,0.3,0.8,6.1092475827643655
Bernal Heights,37.74563,-122.41378,Private room,2,61,4.77,f,24,85,26,39,0.5,0.5,0.5,4.912654885736052
South of Market,37.78016756397447,-122.41285083672996,Entire home/apt,4,1,5.0,t,27,147,32,75,0.5,0.5,0.0,5.5254529391317835
Twin Peaks,37.75520401537327,-122.45052124133348,Entire home/apt,6,66,4.98,t,10,10,48,87,0.5,0.3333333333333333,0.6666666666666666,5.823045895483019
Ocean View,37.71992013220297,-122.47124638314732,Entire home/apt,4,1,4.0,f,29,364,18,61,0.75,0.5,0.75,5.19295685089021
Chinatown,37.79263380311506,-122.40922071948631,Entire home/apt,4,6,4.83,t,0,47,45,75,0.25,0.25,0.5,5.579729825986222
Financial District,37.79486,-122.3945,Entire home/apt,2,0,0.0,f,28,363,48,65,0.5,0.5,1.0,6.126869184114185
Outer Sunset,37.75356,-122.50363,Entire home/apt,3,4,5.0,t,29,269,17,33,0.6666666666666666,0.3333333333333333,0.6666666666666666,5.247024072160486
Visitacion Valley,37.722697165833885,-122.40274592468946,Entire home/apt,4,8,5.0,f,24,359,35,37,0.5,0.25,0.75,5.030437921392435
Financial District,37.786468505859375,-122.39900207519533,Entire home/apt,2,6,5.0,t,13,232,43,48,0.0,0.5,0.5,5.267858159063328
Noe Valley,37.74705299285206,-122.4295336277909,Entire home/apt,4,2,5.0,f,0,148,42,75,0.5,0.5,0.5,5.886104031450156
South of Market,37.77352,-122.41094,Private room,2,125,4.55,f,24,356,46,73,0.5,2.0,0.5,4.48863636973214
Pacific Heights,37.79255,-122.4252,Entire home/apt,6,51,4.96,f,0,85,70,76,0.6666666666666666,0.75,0.6666666666666666,6.905753276311464
Marina,37.79812,-122.43654,Private room,2,521,4.88,t,4,84,42,56,0.5,0.5,0.5,4.890349128221754
Downtown/Civic Center,37.78532,-122.41443,Entire home/apt,3,0,0.0,f,12,347,14,82,0.3333333333333333,0.3333333333333333,0.3333333333333333,4.709530201312334
Mission,37.76887,-122.4204,Entire home/apt,4,3,4.67,f,30,365,47,32,0.5,0.5,0.5,5.214935757608986
Twin Peaks,37.75745,-122.44518,Entire home/apt,2,56,4.93,t,9,232,67,73,0.5,0.5,0.5,5.0689042022202315
Crocker Amazon,37.71485651103338,-122.43908381783832,Private room,2,30,4.77,t,16,351,35,34,0.5,0.5,0.5,4.248495242049359
Financial District,37.7897117,-122.3989344,Entire home/apt,4,15,5.0,t,5,164,51,80,0.25,0.25,0.5,5.318119993844216
Outer Mission,37.72499511815526,-122.44242811702136,Entire home/apt,4,38,4.95,f,9,57,63,72,0.5,0.25,0.75,5.583496308781699
Nob Hill,37.79359,-122.42042,Private room,2,2,4.5,f,30,303,12,60,0.5,0.5,0.5,5.3471075307174685
Lakeshore,37.72987,-122.47288,Entire home/apt,3,271,4.99,t,1,120,61,79,0.3333333333333333,0.3333333333333333,0.3333333333333333,4.882801922586371
Haight Ashbury,37.76855,-122.44275,Entire home/apt,4,0,0.0,f,0,213,17,7,0.5,0.25,0.5,5.0106352940962555
Inner Sunset,37.7613,-122.46267,Private room,1,29,4.86,f,3,313,41,56,1.0,1.0,1.0,4.007333185232471
Western Addition,37.78742332093579,-122.43450226132396,Private room,2,87,4.93,t,10,155,60,56,0.5,0.5,0.5,4.948759890378168
Mission,37.76666,-122.42423,Entire home/apt,3,28,4.93,t,0,81,47,65,0.6666666666666666,0.3333333333333333,0.6666666666666666,5.135798437050262
Marina,37.80028,-122.42763,Private room,1,6,5.0,t,0,59,38,80,1.0,1.0,1.0,3.970291913552122
Mission,37.75186,-122.40847,Entire home/apt,5,56,5.0,t,30,168,52,47,0.6,0.3,0.6,6.480044561926653
Outer Sunset,37.75216,-122.4841,Entire home/apt,4,211,4.87,t,0,103,37,63,0.5,0.25,0.75,5.1298987149230735
Outer Sunset,37.7513,-122.49381,Private room,4,229,4.76,t,5,235,53,79,0.5,0.25,0.5,4.8283137373023015
South of Market,37.77781298544084,-122.39683140384156,Entire home/apt,4,4,5.0,f,0,71,32,71,0.5,0.5,1.0,6.698268054115413
Inner Sunset,37.76317,-122.47029,Entire home/apt,6,36,4.97,f,21,292,43,88,0.6666666666666666,0.4166666666666667,0.6666666666666666,6.380122536899765
Western Addition,37.78686,-122.43863,Entire home/apt,2,26,4.92,t,1,295,34,171,0.5,0.5,0.5,4.976733742420574
Excelsior,37.72023,-122.42806,Private room,1,15,4.73,t,5,146,47,89,1.0,1.0,1.0,4.110873864173311
Parkside,37.74838,-122.47307,Entire home/apt,4,16,4.81,f,10,152,51,84,0.5,0.25,0.5,5.662960480135946
Financial District,37.79008,-122.40597,Entire home/apt,3,6,4.83,t,0,4,21,50,0.3333333333333333,0.3333333333333333,0.6666666666666666,4.605170185988092
Bernal Heights,37.74705962796416,-122.40637427869824,Entire home/apt,2,207,4.9,t,6,36,34,70,0.5,0.5,0.5,4.634728988229636
Twin Peaks,37.75811,-122.44439,Private room,2,454,4.94,t,11,308,79,60,0.5,0.5,0.5,4.663439094112067
Marina,37.79961,-122.42771,Entire home/apt,1,121,4.31,t,0,185,33,48,1.0,1.0,1.0,4.812184355372417
Outer Sunset,37.75834,-122.50591,Entire home/apt,2,6,5.0,t,26,299,61,32,0.5,0.5,1.0,4.634728988229636
Outer Sunset,37.7639876,-122.4790887,Private room,2,0,0.0,t,24,359,16,80,0.5,0.5,0.0,4.189654742026425
South of Market,37.77349,-122.41111,Private room,2,0,0.0,f,0,141,12,72,0.5,1.0,1.0,4.110873864173311
Potrero Hill,37.759933,-122.404805,Entire home/apt,4,301,4.66,f,24,299,58,72,0.5,0.25,0.5,5.375278407684165
Inner Sunset,37.76061,-122.46559,Entire home/apt,2,35,4.91,t,6,53,38,72,0.5,0.5,0.5,5.081404364984463
Outer Sunset,37.75062,-122.48895,Entire home/apt,1,120,4.94,f,11,19,35,79,1.0,1.0,1.0,4.990432586778736
Inner Sunset,37.76525,-122.45355,Private room,1,5,5.0,f,0,119,42,90,1.0,1.0,1.0,4.442651256490317
South of Market,37.77766,-122.4143,Hotel room,4,0,0.0,f,25,347,23,46,0.25,0.25,0.0,5.318119993844216
Russian Hill,37.79749,-122.41157,Entire home/apt,4,12,4.08,f,29,360,35,70,0.5,0.5,0.5,4.718498871295094
Russian Hill,37.80154,-122.4131,Entire home/apt,4,57,4.89,t,0,73,57,65,0.5,0.625,0.5,6.535241271013659
West of Twin Peaks,37.72662,-122.46434,Private room,1,30,4.87,t,16,251,30,80,1.0,1.0,1.0,4.276666119016055
Mission,37.76779,-122.41845,Private room,1,12,4.92,t,0,208,42,79,1.0,1.5,1.0,4.04305126783455
Outer Richmond,37.77766,-122.50251,Entire home/apt,5,3,3.67,t,0,32,12,82,0.4,0.2,0.6,5.198497031265826
Downtown/Civic Center,37.7852,-122.41267,Private room,3,11,4.45,f,25,233,38,54,0.3333333333333333,0.3333333333333333,0.6666666666666666,4.48863636973214
Russian Hill,37.80133,-122.41418,Private room,4,38,4.79,f,24,119,24,84,0.5,0.25,0.75,4.941642422609304
Mission,37.76109,-122.41836,Private room,2,3,4.67,t,0,209,28,69,0.5,0.5,0.5,4.68213122712422
Nob Hill,37.79641788387542,-122.41158925164042,Entire home/apt,2,1,5.0,f,0,35,20,49,0.5,0.5,0.5,4.605170185988092
South of Market,37.78288,-122.3982,Private room,1,1,5.0,f,0,241,7,72,3.0,1.0,3.0,3.7376696182833684
Downtown/Civic Center,37.7884146,-122.4215935,Private room,2,0,0.0,f,30,365,35,49,0.5,0.5,0.5,5.572154032177765
Downtown/Civic Center,37.78514,-122.40976,Private room,1,0,0.0,f,0,267,42,52,1.0,4.0,1.0,4.634728988229636
Downtown/Civic Center,37.7884146,-122.4215935,Private room,2,2,5.0,f,30,365,36,49,0.5,0.5,0.5,5.572154032177765
Castro/Upper Market,37.76403,-122.4327,Private room,2,8,4.38,f,27,359,44,64,0.5,1.0,0.5,4.499809670330265
Downtown/Civic Center,37.78133,-122.42135,Entire home/apt,3,108,4.88,t,2,337,28,68,0.0,0.3333333333333333,0.3333333333333333,4.844187086458591
Western Addition,37.77178,-122.43491,Entire home/apt,2,2,5.0,f,28,271,36,78,0.5,0.75,0.5,5.3471075307174685
Marina,37.80542,-122.44152,Entire home/apt,4,7,5.0,f,0,331,49,80,0.5,0.375,0.5,5.521460917862246
Inner Richmond,37.7806,-122.46445,Entire home/apt,3,13,4.54,t,0,261,49,70,0.3333333333333333,0.3333333333333333,0.3333333333333333,4.406719247264253
Bernal Heights,37.73606,-122.42367,Entire home/apt,2,353,4.96,t,3,38,38,67,0.5,0.5,0.5,4.867534450455582
Nob Hill,37.79594,-122.41362,Entire home/apt,2,26,5.0,t,0,278,32,85,0.5,0.5,0.5,4.624972813284271
Outer Richmond,37.78216752416751,-122.48047628130074,Entire home/apt,4,45,4.89,t,13,345,48,85,0.5,0.25,0.5,5.135798437050262
Haight Ashbury,37.77612,-122.43908,Private room,1,5,5.0,f,3,271,23,72,1.0,1.0,1.0,4.0943445622221
Mission,37.75089,-122.4175,Private room,2,2,5.0,f,29,179,42,81,0.5,0.5,0.5,4.406719247264253
South of Market,37.78809,-122.39134,Entire home/apt,4,2,5.0,f,29,364,42,40,0.5,0.5,0.5,5.720311776607412
Bernal Heights,37.74038,-122.41327,Entire home/apt,2,93,4.81,f,0,273,32,43,1.0,0.5,1.5,5.087596335232384
Downtown/Civic Center,37.7884146,-122.4215935,Private room,2,0,0.0,f,30,365,35,70,0.5,0.5,0.5,5.572154032177765
North Beach,37.79921,-122.40573,Entire home/apt,1,15,5.0,t,7,184,40,81,1.0,1.0,1.0,5.1298987149230735
Outer Sunset,37.75941,-122.47802,Entire home/apt,2,3,5.0,f,18,258,35,79,0.5,0.5,0.5,4.343805421853684
Downtown/Civic Center,37.78899,-122.41279,Entire home/apt,6,0,0.0,t,10,283,48,69,0.3333333333333333,0.16666666666666666,0.5,5.793013608384144
Castro/Upper Market,37.75939431375224,-122.4416070116394,Entire home/apt,2,8,5.0,t,0,295,33,81,0.0,0.5,0.5,4.700480365792417
Noe Valley,37.7522574557474,-122.42660076982212,Entire home/apt,3,24,4.96,t,12,330,47,74,0.6666666666666666,0.3333333333333333,0.6666666666666666,5.75890177387728
South of Market,37.77529,-122.4125,Entire home/apt,8,7,4.86,f,0,264,40,35,0.5,0.25,0.5,5.3230099791384085
Mission,37.7581265,-122.4137856,Entire home/apt,5,1,5.0,f,0,256,42,75,0.6,0.5,0.6,5.634789603169249
Potrero Hill,37.76014,-122.40344,Entire home/apt,2,4,5.0,f,0,97,19,85,0.5,0.5,0.5,5.991464547107982
Marina,37.80303,-122.43687,Entire home/apt,6,1,5.0,f,0,268,37,71,0.5,0.3333333333333333,0.6666666666666666,6.802394763324311
Potrero Hill,37.75944,-122.38813,Entire home/apt,4,9,5.0,f,0,303,40,73,0.5,0.25,0.5,5.517452896464707
South of Market,37.780119995174246,-122.41084563602838,Entire home/apt,2,1,5.0,f,29,364,12,69,0.5,0.5,0.5,5.0106352940962555
Excelsior,37.72686,-122.42014,Private room,2,242,4.02,t,0,324,47,76,0.5,0.5,0.5,4.04305126783455
Nob Hill,37.79247846910378,-122.41705102606034,Entire home/apt,6,8,4.75,t,26,354,30,32,0.5,0.3333333333333333,0.5,6.439350371100098
Russian Hill,37.80061,-122.41355,Private room,1,124,4.82,f,0,300,26,45,1.0,1.5,1.0,4.060443010546419
Mission,37.75094,-122.41332,Entire home/apt,6,65,4.98,t,3,69,56,49,0.5,0.5,0.5,6.309918278226516
South of Market,37.7798,-122.41034,Entire home/apt,2,11,4.91,t,13,229,38,73,0.0,0.5,0.5,4.919980925828125
South of Market,37.77825835564212,-122.40650523814288,Private room,1,3,5.0,f,8,104,24,86,1.0,2.0,1.0,3.7376696182833684
Mission,37.76615,-122.42009,Private room,1,10,4.9,t,0,131,42,80,1.0,1.5,1.0,4.394449154672439
Financial District,37.79026,-122.4034,Entire home/apt,4,56,4.96,t,3,40,28,71,0.0,0.25,0.5,5.062595033026967
Outer Mission,37.72696,-122.44825,Private room,4,29,4.83,f,16,351,59,69,0.25,0.25,0.25,4.59511985013459
Noe Valley,37.74601,-122.43109,Entire home/apt,6,0,0.0,f,1,336,64,65,0.5,0.4166666666666667,0.6666666666666666,6.1903154058531475
Downtown/Civic Center,37.7878653,-122.4104163,Entire home/apt,4,1,5.0,f,18,225,49,75,0.0,0.25,0.5,5.365976015021851
South of Market,37.78098,-122.39753,Entire home/apt,2,48,4.77,t,0,176,12,89,0.5,1.0,0.5,4.499809670330265
Haight Ashbury,37.76802070862294,-122.44282790192672,Entire home/apt,2,0,0.0,f,0,335,7,19,0.0,0.5,0.5,4.882801922586371
Haight Ashbury,37.7736174,-122.445814,Entire home/apt,9,0,0.0,f,28,363,49,76,0.4444444444444444,0.2222222222222222,0.4444444444444444,6.198478716492308
Outer Sunset,37.75783037301577,-122.4994291606441,Private room,2,75,4.93,t,18,256,11,14,0.5,0.5,0.5,4.07753744390572
Western Addition,37.7715714868979,-122.43053999652108,Private room,2,148,4.97,t,16,328,50,74,0.5,0.5,0.5,4.499809670330265
Mission,37.76081,-122.41894,Private room,4,292,4.71,t,11,239,29,78,0.25,0.25,0.5,4.836281906951478
Castro/Upper Market,37.7676121,-122.4312108,Entire home/apt,4,1,3.0,f,0,244,28,5,0.75,0.25,0.75,5.293304824724492
Parkside,37.73469,-122.49552,Entire home/apt,6,121,4.78,f,16,156,58,92,0.5,0.3333333333333333,0.6666666666666666,5.14166355650266
Western Addition,37.78791,-122.42588,Private room,2,37,4.68,f,20,286,17,60,0.5,0.5,0.5,5.209486152841421
Nob Hill,37.79104,-122.41551,Entire home/apt,2,31,4.87,f,0,203,26,19,0.5,0.5,0.5,4.74493212836325
Haight Ashbury,37.77513,-122.44428,Entire home/apt,6,6,5.0,t,3,94,50,83,0.5,0.25,0.5,5.075173815233827
Inner Richmond,37.78397,-122.46476,Entire home/apt,4,130,4.96,t,0,9,51,66,0.25,0.25,0.25,5.986452005284438
Chinatown,37.79662,-122.4091,Entire home/apt,2,112,4.93,f,0,58,39,66,0.5,0.5,0.5,5.638354669333745
Potrero Hill,37.75596587217742,-122.40262588381,Entire home/apt,3,32,4.94,t,0,288,42,85,0.3333333333333333,0.3333333333333333,0.6666666666666666,4.9344739331306915
Excelsior,37.7157,-122.43735,Private room,4,0,0.0,f,0,331,42,79,0.25,0.25,0.5,5.1647859739235145
Ocean View,37.7204,-122.44803,Private room,2,3,5.0,t,0,141,37,56,0.5,0.5,0.5,4.477336814478207
Downtown/Civic Center,37.7878525456739,-122.41934730267464,Entire home/apt,2,35,4.89,t,0,140,71,78,0.5,0.5,0.5,5.755742213586912
Western Addition,37.77703,-122.44039,Private room,2,310,4.81,t,7,314,50,35,0.5,0.5,1.0,4.553876891600541
Outer Richmond,37.77886,-122.48851,Entire home/apt,11,16,5.0,t,11,74,65,88,0.2727272727272727,0.18181818181818182,0.6363636363636364,6.059123195581797
Marina,37.79593,-122.44277,Entire home/apt,4,1,5.0,t,0,316,45,71,0.5,0.625,0.5,7.640123172695364
Potrero Hill,37.75612,-122.40199,Entire home/apt,2,136,4.96,t,1,60,37,47,0.5,0.5,0.5,5.501258210544727
Nob Hill,37.79528,-122.41884,Entire home/apt,4,16,4.88,f,0,75,21,25,0.75,0.25,0.75,4.6913478822291435
Inner Richmond,37.77564,-122.46332,Private room,3,94,4.79,t,1,331,63,65,0.3333333333333333,0.5,0.6666666666666666,4.969813299576001
Noe Valley,37.75275,-122.4412,Entire home/apt,4,173,4.96,t,15,58,31,150,0.5,0.25,0.5,6.1092475827643655
Castro/Upper Market,37.76714,-122.43748,Entire home/apt,5,379,4.78,t,1,83,29,36,0.4,0.2,0.4,5.60947179518496
Ocean View,37.71964,-122.46565,Private room,2,2,3.0,t,28,363,21,75,0.5,0.5,0.5,4.51085950651685
Bayview,37.73902213035056,-122.38678933809268,Entire home/apt,4,1,5.0,f,30,365,41,81,0.5,0.375,0.5,4.969813299576001
Downtown/Civic Center,37.7868,-122.41143,Entire home/apt,4,73,4.97,t,0,6,14,43,0.0,0.25,0.5,5.247024072160486
Downtown/Civic Center,37.7884146,-122.4215935,Private room,2,2,2.5,f,30,365,35,80,0.5,0.5,0.5,5.572154032177765
Downtown/Civic Center,37.78424,-122.41621,Entire home/apt,2,3,5.0,f,2,242,23,69,0.0,0.5,0.5,4.343805421853684
Outer Sunset,37.76138,-122.4883,Private room,1,4,4.5,f,30,365,43,73,1.0,1.0,1.0,4.3694478524670215
Crocker Amazon,37.71248,-122.43083,Entire home/apt,3,107,4.99,t,2,109,79,74,0.3333333333333333,0.3333333333333333,0.6666666666666666,4.948759890378168
Downtown/Civic Center,37.7889904,-122.4127915,Entire home/apt,6,30,4.8,f,7,295,52,63,0.5,0.3333333333333333,0.5,6.056784013228625
Downtown/Civic Center,37.7884146,-122.4215935,Private room,2,0,0.0,f,30,365,35,70,0.5,0.5,0.5,5.572154032177765
Potrero Hill,37.76265,-122.4037,Entire home/apt,3,24,4.96,f,21,81,40,41,0.3333333333333333,0.3333333333333333,0.6666666666666666,6.056784013228625
Western Addition,37.77514,-122.437,Entire home/apt,4,1,5.0,f,8,267,34,32,0.5,0.25,0.75,4.882801922586371
Noe Valley,37.75183,-122.44259,Entire home/apt,2,2,5.0,f,0,148,39,39,0.5,0.5,0.0,4.6913478822291435
West of Twin Peaks,37.74303,-122.469,Entire home/apt,4,424,4.91,t,15,318,35,57,0.25,0.25,0.5,4.795790545596741
Excelsior,37.72005,-122.42884,Entire home/apt,5,251,4.84,f,19,349,40,73,0.4,0.2,0.6,5.19295685089021
Downtown/Civic Center,37.78888,-122.41134,Entire home/apt,4,0,0.0,t,30,68,39,52,0.0,0.25,0.5,4.897839799950911
Western Addition,37.77028,-122.43156,Entire home/apt,4,68,4.62,f,0,21,67,30,0.5,0.25,1.0,5.41610040220442
Inner Richmond,37.77685,-122.46878,Private room,2,0,0.0,t,0,253,53,79,0.5,0.75,0.5,4.356708826689592
Crocker Amazon,37.71144272570382,-122.43546379666296,Entire home/apt,4,107,4.93,t,10,224,25,90,0.5,0.375,0.5,5.0689042022202315
Visitacion Valley,37.71962,-122.40233,Private room,4,0,0.0,t,20,108,72,72,0.5,0.5,0.5,5.123963979403259
Visitacion Valley,37.7198,-122.40119,Entire home/apt,2,24,4.96,t,8,134,38,78,0.5,0.5,0.5,5.10594547390058
Excelsior,37.72957,-122.41016,Private room,1,9,5.0,t,14,254,46,76,1.0,1.0,1.0,4.51085950651685
Parkside,37.74131,-122.47647,Private room,2,0,0.0,t,0,161,27,59,0.5,0.5,0.5,4.07753744390572
Castro/Upper Market,37.7678124,-122.4293507,Entire home/apt,10,34,4.85,t,3,288,43,72,0.5,0.2,0.6,6.486160788944089
South of Market,37.77968,-122.39698,Entire home/apt,2,77,4.94,t,5,211,13,89,0.5,0.5,0.5,4.890349128221754
Noe Valley,37.74892,-122.42976,Entire home/apt,4,2,5.0,f,0,59,16,67,0.5,0.25,0.5,5.703782474656201
Bernal Heights,37.74424,-122.41059,Entire home/apt,4,8,4.88,t,0,215,19,34,0.75,0.25,0.75,5.37989735354046
South of Market,37.78647,-122.39386,Entire home/apt,5,2,5.0,t,0,310,27,74,0.4,0.4,0.4,5.10594547390058
Outer Mission,37.72585,-122.44167,Entire home/apt,4,53,4.94,t,9,233,49,75,0.5,0.25,0.5,5.10594547390058
Castro/Upper Market,37.76357,-122.44429,Entire home/apt,3,2,5.0,f,0,111,38,74,0.3333333333333333,0.6666666666666666,0.6666666666666666,5.298317366548036
Downtown/Civic Center,37.77481,-122.42142,Entire home/apt,4,3,5.0,f,0,123,57,44,0.5,0.5,0.5,5.41610040220442
Downtown/Civic Center,37.77967,-122.42187,Private room,2,0,0.0,f,29,364,10,77,0.5,0.5,0.5,5.739792912179234
Castro/Upper Market,37.76006,-122.44389,Entire home/apt,6,7,4.86,f,0,243,47,35,0.5,0.5,0.5,5.703782474656201
Inner Richmond,37.7810806,-122.4703533,Entire home/apt,2,121,4.93,t,30,275,36,73,0.5,0.5,0.5,4.68213122712422
Outer Sunset,37.76134,-122.48304,Entire home/apt,4,481,4.75,t,3,235,71,50,0.25,0.25,0.25,5.0238805208462765
Outer Mission,37.731412,-122.4406024,Entire home/apt,2,16,4.5,f,18,39,27,81,0.5,0.5,0.5,4.727387818712341
Parkside,37.73726,-122.48046,Entire home/apt,4,203,4.89,t,3,222,52,77,0.0,0.25,0.5,4.532599493153256
Ocean View,37.71472,-122.46901,Private room,2,232,4.85,t,5,324,35,72,0.5,0.5,0.5,4.59511985013459
Outer Richmond,37.77668,-122.47978,Private room,1,13,4.85,f,2,322,29,60,1.0,1.0,1.0,3.9889840465642745
Financial District,37.78931,-122.40588,Private room,4,323,4.45,f,12,209,13,60,0.25,0.25,0.5,4.574710978503383
Haight Ashbury,37.7691,-122.45307,Entire home/apt,4,17,4.82,t,10,250,49,91,0.25,0.25,0.25,4.867534450455582
Russian Hill,37.8047,-122.4234,Entire home/apt,4,37,4.95,f,13,46,42,71,0.25,0.25,0.5,6.129050210060545
Inner Sunset,37.75366,-122.47338,Private room,2,68,4.97,t,13,312,44,57,0.5,0.5,0.5,4.499809670330265
Marina,37.80555,-122.43555,Entire home/apt,4,41,4.9,t,9,300,37,74,0.5,0.25,0.5,5.4510384535657
Financial District,37.79038,-122.4069,Private room,4,589,4.94,t,4,318,35,88,0.25,0.25,0.5,4.718498871295094
Bernal Heights,37.74234,-122.42355,Entire home/apt,3,4,5.0,t,0,321,33,83,1.0,0.3333333333333333,1.0,5.1647859739235145
Downtown/Civic Center,37.77746252985519,-122.41787199027014,Private room,2,1,5.0,f,13,253,14,70,0.5,1.0,0.5,3.912023005428146
Downtown/Civic Center,37.78887106801474,-122.40941861248297,Entire home/apt,2,0,0.0,f,28,363,50,75,0.5,0.5,0.5,6.208590026096629
Ocean View,37.70911,-122.46356,Private room,1,0,0.0,t,0,286,9,75,1.0,1.0,1.0,4.127134385045092
Russian Hill,37.79887,-122.41086,Entire home/apt,4,120,4.93,t,7,16,51,73,0.5,0.375,0.75,5.752572638825633
Mission,37.76499584614551,-122.42401163041686,Private room,1,0,0.0,f,1,328,5,62,1.0,1.0,1.0,3.970291913552122
Parkside,37.73622,-122.50769,Entire home/apt,2,11,4.27,f,0,136,43,90,0.5,0.5,0.5,4.820281565605037
Outer Richmond,37.77726,-122.499298,Entire home/apt,4,270,4.96,f,15,68,69,78,0.5,0.25,0.5,5.5134287461649825
Western Addition,37.772,-122.42945,Private room,1,8,4.88,f,19,302,32,56,1.0,2.0,1.0,4.204692619390966
Marina,37.80227,-122.42691,Private room,1,0,0.0,f,30,365,6,33,1.0,1.0,1.0,5.075173815233827
Marina,37.799053621156666,-122.42792734602276,Private room,4,15,4.93,f,6,285,37,88,0.5,0.5,0.5,5.5053315359323625
Chinatown,37.79267142799335,-122.40792496285388,Entire home/apt,4,0,0.0,f,2,100,20,11,0.25,0.25,0.5,5.583496308781699
Western Addition,37.77025,-122.43231,Entire home/apt,6,140,5.0,t,0,27,57,58,0.5,0.5,0.6666666666666666,6.5337888379333435
Western Addition,37.77362952229157,-122.43602415025842,Entire home/apt,10,0,0.0,f,0,240,45,78,0.4,0.3,0.5,6.20455776256869
Mission,37.76023,-122.40916,Private room,2,371,4.93,t,7,158,21,30,0.5,0.5,0.5,4.8283137373023015
Castro/Upper Market,37.75903,-122.43025,Private room,2,0,0.0,t,8,317,38,65,0.5,0.5,0.5,5.521460917862246
Excelsior,37.7277532,-122.414141,Entire home/apt,5,6,4.83,f,26,266,19,50,0.4,0.2,0.4,4.875197323201151
Inner Richmond,37.77664,-122.45586,Entire home/apt,2,88,4.83,t,0,93,37,52,0.5,0.5,0.5,4.941642422609304
Potrero Hill,37.75432,-122.40088,Entire home/apt,3,149,4.93,t,13,48,53,54,0.3333333333333333,0.3333333333333333,0.6666666666666666,5.3706380281276624
Excelsior,37.72578,-122.42008,Entire home/apt,7,61,4.28,t,0,324,61,60,0.42857142857142855,0.2857142857142857,0.42857142857142855,5.153291594497779
Mission,37.76914609363946,-122.4246020456868,Entire home/apt,2,454,4.97,t,4,139,46,68,0.0,0.5,0.5,5.2832037287379885
Potrero Hill,37.7542299,-122.3994279,Private room,2,201,4.62,t,1,275,47,62,0.5,0.5,0.5,4.499809670330265
Russian Hill,37.79769,-122.41155,Entire home/apt,5,39,4.82,t,22,357,88,17,0.4,0.2,0.8,5.780743515792329
Potrero Hill,37.7512,-122.40018,Private room,1,275,4.91,t,16,35,38,82,1.0,1.0,1.0,4.394449154672439
Visitacion Valley,37.71051,-122.41988,Private room,2,0,0.0,f,30,365,8,11,0.5,0.5,0.5,3.912023005428146
Ocean View,37.71905,-122.44985,Entire home/apt,2,341,4.95,t,15,230,42,75,0.5,0.5,0.5,4.77912349311153
Outer Sunset,37.7578,-122.50294,Entire home/apt,2,114,4.49,f,0,274,34,64,0.0,0.5,0.5,4.605170185988092
Parkside,37.74289,-122.49003,Private room,2,10,4.8,f,29,364,16,91,0.5,0.5,0.5,4.174387269895637
Downtown/Civic Center,37.7822,-122.41115,Private room,2,11,5.0,f,27,293,27,72,0.5,0.5,0.5,5.159055299214529
Chinatown,37.79195,-122.40781,Entire home/apt,2,0,0.0,f,0,88,20,11,0.0,0.5,0.5,5.564520407322694
South of Market,37.78876,-122.39029,Entire home/apt,6,25,5.0,t,1,236,27,83,0.3333333333333333,0.3333333333333333,0.5,5.4510384535657
Bernal Heights,37.73867,-122.41616,Private room,4,20,4.7,f,15,331,50,85,0.5,0.25,1.0,4.787491742782046
Bernal Heights,37.74218,-122.42376,Entire home/apt,3,19,4.74,f,16,256,47,83,0.3333333333333333,0.3333333333333333,0.6666666666666666,4.499809670330265
Western Addition,37.77746489999999,-122.44257861534425,Entire home/apt,4,44,4.89,t,7,7,67,64,0.75,0.5,0.5,5.860786223465865
Outer Mission,37.72145,-122.44561,Entire home/apt,4,111,4.64,t,26,347,41,94,0.5,0.25,0.5,5.0689042022202315
Outer Sunset,37.75542,-122.47946,Private room,1,7,4.71,t,0,70,32,44,1.0,1.0,1.0,4.174387269895637
South of Market,37.77766,-122.4143,Hotel room,4,0,0.0,f,24,346,23,40,0.25,0.25,0.0,5.4116460518550396
Outer Richmond,37.77771,-122.47834,Private room,3,48,4.67,f,13,249,49,67,0.3333333333333333,0.5,0.6666666666666666,4.204692619390966
Haight Ashbury,37.77076,-122.44548,Entire home/apt,2,22,4.82,t,0,210,28,84,0.0,0.5,0.5,4.477336814478207
Downtown/Civic Center,37.78856,-122.41952,Hotel room,2,16,4.63,f,10,316,29,77,0.5,0.5,0.5,4.574710978503383
Parkside,37.74429,-122.49138,Entire home/apt,2,335,4.9,t,1,127,37,86,0.5,0.5,0.5,4.68213122712422
Noe Valley,37.75363,-122.43026,Entire home/apt,2,89,4.97,f,6,30,34,84,0.0,0.5,1.0,5.2832037287379885
Western Addition,37.77294,-122.43211,Private room,7,0,0.0,f,1,241,12,35,0.5714285714285714,0.21428571428571427,0.5714285714285714,5.2574953720277815
Pacific Heights,37.78799306525279,-122.44662297326616,Entire home/apt,10,0,0.0,f,30,365,5,77,0.5,0.2,0.5,6.38856140554563
Bernal Heights,37.74035,-122.42012,Entire home/apt,2,39,4.49,f,25,360,38,42,0.5,0.5,0.5,5.135798437050262
Downtown/Civic Center,37.7884146,-122.4215935,Private room,2,0,0.0,f,30,365,35,49,0.5,0.5,0.5,5.572154032177765
South of Market,37.778970243968416,-122.4137203765274,Entire home/apt,4,0,0.0,f,30,365,8,36,0.25,0.25,0.5,4.912654885736052
Noe Valley,37.74889,-122.44026,Entire home/apt,2,248,4.98,t,6,131,54,91,0.5,0.5,0.5,5.71042701737487
Bernal Heights,37.73352113153501,-122.41910425556534,Entire home/apt,7,7,5.0,f,2,105,50,84,0.42857142857142855,0.42857142857142855,0.42857142857142855,6.20455776256869
Mission,37.7617,-122.41887,Entire home/apt,2,108,4.64,t,5,188,31,80,0.5,0.5,0.5,5.081404364984463
Potrero Hill,37.75738,-122.38933,Entire home/apt,4,80,4.93,t,5,237,52,80,0.5,0.5,0.5,6.570882962339584
South of Market,37.77544368562704,-122.38783948123456,Entire home/apt,3,6,5.0,t,0,12,97,57,0.3333333333333333,0.3333333333333333,0.6666666666666666,5.288267030694535
Visitacion Valley,37.71991,-122.40456,Entire home/apt,2,42,4.88,t,14,86,44,63,0.5,0.5,0.5,4.418840607796598
Bernal Heights,37.74243,-122.42192,Private room,4,154,4.77,f,12,250,54,66,0.25,0.25,0.5,4.48863636973214
Excelsior,37.73053,-122.40522,Private room,4,51,4.69,f,27,109,24,29,0.25,0.25,0.25,4.9344739331306915
Castro/Upper Market,37.7590926,-122.4415197,Entire home/apt,7,5,5.0,f,0,11,41,79,0.5714285714285714,0.35714285714285715,0.5714285714285714,6.960347729101308
Inner Sunset,37.76358,-122.47148,Entire home/apt,2,11,4.91,f,15,113,42,78,0.5,0.5,0.5,4.465908118654584
Castro/Upper Market,37.75932,-122.43759,Private room,2,367,4.95,t,2,302,28,42,0.5,0.5,0.5,4.804021044733257
Castro/Upper Market,37.75893,-122.43801,Entire home/apt,2,676,4.95,t,5,311,29,176,0.5,0.5,0.5,5.313205979041787
Ocean View,37.72332,-122.45671,Entire home/apt,4,0,0.0,f,0,316,31,25,0.5,0.25,0.5,4.867534450455582
Outer Sunset,37.74727,-122.49347,Private room,2,7,4.71,f,21,351,52,89,0.5,0.5,0.5,4.248495242049359
Haight Ashbury,37.76719,-122.45037,Entire home/apt,4,8,5.0,f,10,99,41,31,0.25,0.25,0.75,4.672828834461906
Haight Ashbury,37.768478615084135,-122.44618304401207,Entire home/apt,7,0,0.0,f,30,365,44,70,0.7142857142857143,0.7142857142857143,0.7142857142857143,7.075808863978387
Downtown/Civic Center,37.78881,-122.40929,Entire home/apt,4,1,5.0,f,0,175,22,19,0.25,0.25,0.5,5.298317366548036
Lakeshore,37.73725,-122.49135,Entire home/apt,7,5,5.0,f,0,161,50,80,0.42857142857142855,0.21428571428571427,0.42857142857142855,5.62040086571715
Visitacion Valley,37.71801683757508,-122.40847111903224,Entire home/apt,6,2,5.0,f,30,365,7,82,0.5,0.5,0.6666666666666666,5.598421958998375
Inner Richmond,37.78528,-122.47445,Entire home/apt,6,892,4.75,t,0,238,46,30,0.3333333333333333,0.16666666666666666,0.5,5.236441962829949
Outer Sunset,37.76141,-122.4897,Private room,1,4,4.25,f,10,160,30,74,1.0,1.0,1.0,4.356708826689592
Chinatown,37.79102,-122.40698,Entire home/apt,3,5,4.6,f,0,94,29,34,0.6666666666666666,0.3333333333333333,0.6666666666666666,5.003946305945459
Ocean View,37.72882,-122.46927,Entire home/apt,4,2,5.0,t,0,233,27,75,0.5,0.25,0.5,4.787491742782046
Mission,37.75664201386307,-122.40740494783805,Entire home/apt,5,40,4.93,t,13,205,43,78,0.6,0.2,0.6,5.823045895483019
Downtown/Civic Center,37.78696,-122.41012,Entire home/apt,4,12,5.0,t,0,301,17,79,0.25,0.25,0.5,5.529429087511423
Mission,37.76155,-122.42421,Entire home/apt,2,477,4.97,t,3,23,30,37,0.5,0.5,0.5,4.927253685157205
Chinatown,37.7905509,-122.4069285,Private room,2,0,0.0,f,1,101,13,50,0.0,0.5,0.5,4.875197323201151
South of Market,37.775085,-122.407234,Entire home/apt,2,240,4.9,t,4,296,54,70,0.5,0.5,0.5,5.342334251964811
Downtown/Civic Center,37.78734786897246,-122.421222207565,Private room,2,0,0.0,f,30,365,36,49,0.5,0.5,0.5,5.572154032177765
Nob Hill,37.79182,-122.40962,Hotel room,2,16,4.81,f,23,354,23,70,0.5,0.5,1.0,5.572154032177765
Excelsior,37.7171998,-122.4391585,Entire home/apt,8,8,4.25,f,7,325,38,71,0.375,0.3125,0.625,5.583496308781699
Mission,37.76005,-122.41159,Entire home/apt,2,4,5.0,f,11,47,19,70,0.0,0.5,0.5,4.605170185988092
West of Twin Peaks,37.7407,-122.45124,Entire home/apt,2,76,4.99,f,14,49,44,83,0.0,0.5,1.0,4.90527477843843
Financial District,37.7882287,-122.4030647,Entire home/apt,4,0,0.0,t,16,274,42,68,0.25,0.25,0.5,6.680854678790215
Nob Hill,37.79442,-122.4146,Entire home/apt,2,0,0.0,f,25,360,46,84,0.5,0.5,0.5,5.135798437050262
North Beach,37.8066,-122.41707,Entire home/apt,2,0,0.0,f,28,363,45,83,0.5,0.5,0.5,5.886104031450156
Pacific Heights,37.79027518187151,-122.44350854872016,Entire home/apt,2,15,5.0,t,0,51,31,73,0.5,0.5,0.5,6.163314804034641
Noe Valley,37.74343,-122.43146,Entire home/apt,6,8,4.63,t,0,148,37,87,0.3333333333333333,0.16666666666666666,0.3333333333333333,5.303304908059076
Bayview,37.72068,-122.39141,Private room,3,76,4.82,f,21,171,41,84,0.3333333333333333,0.3333333333333333,0.3333333333333333,4.31748811353631
South of Market,37.77324,-122.39815,Entire home/apt,2,17,5.0,t,6,60,78,83,0.5,0.5,1.0,5.308267697401205
Financial District,37.7937,-122.40417,Shared room,8,457,4.62,t,30,271,25,27,0.125,0.125,1.0,3.7376696182833684
Chinatown,37.79403,-122.40885,Private room,1,0,0.0,f,0,122,17,14,1.0,0.0,1.0,4.290459441148391
Nob Hill,37.79102,-122.40921,Entire home/apt,2,7,4.57,f,0,123,32,34,0.5,0.5,0.5,4.812184355372417
South of Market,37.7807994,-122.41184,Private room,2,0,0.0,f,13,288,40,9,0.5,0.5,1.0,3.8918202981106265
Bayview,37.71557,-122.38789,Private room,2,225,4.74,f,16,27,43,61,0.5,0.5,0.5,4.700480365792417
Pacific Heights,37.7919852,-122.4331212,Entire home/apt,4,0,0.0,f,27,328,16,87,0.75,0.625,0.75,7.221105098182496
Glen Park,37.74036,-122.42591,Entire home/apt,4,0,0.0,f,23,132,47,0,0.75,0.25,0.25,5.170483995038151
Mission,37.75255,-122.40826,Entire home/apt,4,36,4.86,f,9,268,60,47,0.5,0.5,0.75,5.8888779583328805
Mission,37.76619,-122.41875,Private room,1,0,0.0,t,0,335,42,14,1.0,1.5,1.0,5.0106352940962555
Downtown/Civic Center,37.78559,-122.41654,Entire home/apt,2,1,5.0,f,14,254,20,53,0.0,0.5,0.5,4.418840607796598
North Beach,37.8053,-122.40647,Entire home/apt,2,1,4.0,f,0,59,34,75,0.5,0.5,0.5,5.0106352940962555
Haight Ashbury,37.77106874330383,-122.44901348306628,Private room,2,10,4.9,f,12,340,47,81,0.5,0.75,0.5,4.477336814478207
Excelsior,37.72987833938543,-122.4131866852987,Entire home/apt,2,0,0.0,f,0,319,44,32,1.0,1.0,1.5,5.337538079701318
Outer Sunset,37.75593013649683,-122.47660128056964,Entire home/apt,2,12,4.75,f,14,342,48,87,0.5,0.5,0.5,5.049856007249537
Bayview,37.71924,-122.3975,Private room,2,7,5.0,t,30,365,58,9,0.5,0.75,0.5,4.68213122712422
South of Market,37.77558,-122.40182,Entire home/apt,3,136,4.56,f,15,350,36,74,0.0,0.3333333333333333,0.6666666666666666,5.049856007249537
Mission,37.75085801163599,-122.41518672210468,Private room,1,2,5.0,f,12,162,45,35,1.0,1.0,1.0,4.31748811353631
South of Market,37.77628,-122.41507,Private room,2,94,4.34,f,26,323,44,60,0.5,2.0,0.5,4.7535901911063645
Financial District,37.78931,-122.40588,Private room,4,249,4.45,f,20,231,16,82,0.25,0.25,0.5,4.574710978503383
Russian Hill,37.79791,-122.4161,Entire home/apt,4,4,5.0,f,0,274,31,72,0.5,0.5,0.5,5.521460917862246
Mission,37.76046,-122.40664,Private room,1,0,0.0,f,0,293,12,45,1.0,1.5,1.0,4.442651256490317
Inner Sunset,37.7537,-122.45755,Entire home/apt,10,8,4.75,t,0,147,49,67,0.5,0.3,0.5,5.849324779946859
Parkside,37.744497150785485,-122.49023807212384,Entire home/apt,3,227,4.94,t,6,310,49,57,0.3333333333333333,0.3333333333333333,0.6666666666666666,5.017279836814924
Mission,37.74969,-122.41667,Entire home/apt,11,2,5.0,f,9,219,55,64,0.6363636363636364,0.45454545454545453,0.6363636363636364,5.673323267171493
Bayview,37.71859,-122.39424,Private room,1,20,4.65,t,29,364,47,80,1.0,1.0,1.0,3.912023005428146
Ocean View,37.71379,-122.46881,Entire home/apt,4,171,4.74,t,13,340,51,49,0.5,0.25,0.75,5.225746673713202
Chinatown,37.79404185768942,-122.40875751422416,Private room,1,0,0.0,f,0,164,17,14,1.0,0.0,1.0,4.0943445622221
Bayview,37.73575,-122.39693,Entire home/apt,8,0,0.0,f,25,357,31,79,0.375,0.1875,0.625,5.545177444479562
Chinatown,37.79055,-122.40693,Private room,2,0,0.0,f,3,5,6,57,0.5,0.5,0.5,5.159055299214529
Excelsior,37.72523,-122.40763,Entire home/apt,6,9,5.0,t,0,279,58,78,0.5,0.3333333333333333,0.5,5.043425116919247
Outer Mission,37.73018,-122.4325,Entire home/apt,2,176,4.91,t,12,334,50,75,0.5,0.5,0.5,4.672828834461906
Western Addition,37.77965,-122.42432,Entire home/apt,2,61,4.92,t,2,337,18,38,0.0,0.5,0.5,4.787491742782046
South of Market,37.7759,-122.40959,Private room,2,346,4.89,t,12,150,59,74,0.5,0.5,0.5,4.762173934797756
Western Addition,37.77456,-122.42981,Entire home/apt,6,242,4.8,f,17,328,63,75,0.3333333333333333,0.16666666666666666,0.5,5.961005339623274
Western Addition,37.78644,-122.42283,Private room,2,0,0.0,f,21,317,6,66,0.5,0.5,0.5,5.662960480135946
Marina,37.8041004567482,-122.42584562301636,Entire home/apt,2,0,0.0,f,0,243,15,36,0.5,0.5,0.5,5.187385805840755
Potrero Hill,37.76451,-122.39643,Entire home/apt,2,823,4.96,t,15,324,48,51,0.5,0.5,0.5,5.886104031450156
Russian Hill,37.80360727392149,-122.4236033371483,Entire home/apt,2,47,4.83,t,14,246,47,73,0.5,0.5,0.5,4.990432586778736
South of Market,37.77309,-122.41281,Entire home/apt,5,348,4.89,t,0,55,36,84,0.4,0.2,0.6,5.3706380281276624
Western Addition,37.785438,-122.4441794,Entire home/apt,2,14,5.0,t,3,319,41,66,0.5,1.0,0.5,5.5134287461649825
Nob Hill,37.79591,-122.41053,Entire home/apt,5,1,5.0,t,22,357,91,13,0.4,0.2,0.8,5.293304824724492
Western Addition,37.78537,-122.43662,Entire home/apt,2,17,4.88,t,5,39,15,47,0.5,0.5,0.5,4.605170185988092
Noe Valley,37.74768829345703,-122.42521667480467,Private room,2,187,4.96,t,16,244,51,79,0.5,0.5,0.5,4.330733340286331
Castro/Upper Market,37.76454,-122.43476,Entire home/apt,2,445,4.95,t,3,9,44,26,0.5,0.5,0.5,5.111987788356544
Outer Sunset,37.74729,-122.49296,Entire home/apt,3,298,4.93,t,2,157,54,73,0.0,0.3333333333333333,0.6666666666666666,4.919980925828125
Haight Ashbury,37.76467,-122.44816,Entire home/apt,4,14,4.79,f,0,254,42,73,0.25,0.25,0.5,4.836281906951478
Nob Hill,37.7908585,-122.412526,Private room,3,11,5.0,f,0,324,32,69,0.3333333333333333,0.3333333333333333,0.6666666666666666,5.703782474656201
Financial District,37.78931,-122.40588,Private room,2,317,4.36,f,21,229,15,64,0.5,0.5,0.5,4.48863636973214
North Beach,37.80094,-122.40807,Private room,2,16,4.63,f,12,325,20,60,0.5,0.5,0.5,5.488937726156687
Downtown/Civic Center,37.78785,-122.41139,Entire home/apt,4,35,4.83,t,18,66,29,52,0.0,0.25,0.5,5.062595033026967
Western Addition,37.77179,-122.43541,Entire home/apt,4,5,5.0,t,0,317,48,65,0.5,0.25,0.5,5.594711379601839
Nob Hill,37.78957,-122.41381,Private room,4,1,5.0,t,13,252,59,50,0.25,0.125,0.5,5.991464547107982
Marina,37.79802,-122.44187,Entire home/apt,5,116,4.99,t,3,197,56,26,0.4,0.3,0.6,6.345636360828596
Noe Valley,37.74725,-122.42929,Entire home/apt,4,0,0.0,f,30,271,13,63,0.5,0.625,0.5,6.1092475827643655
Outer Richmond,37.78002921814151,-122.49488905501067,Entire home/apt,6,19,4.79,t,29,90,27,71,0.5,0.5,0.0,6.2422232654551655
South of Market,37.774414,-122.411695,Entire home/apt,12,35,4.97,t,10,128,61,79,0.4166666666666667,0.4166666666666667,0.4166666666666667,7.868254265520613
Inner Sunset,37.76229,-122.45955,Private room,2,215,4.96,t,0,214,32,60,0.5,0.5,0.5,5.278114659230517
Chinatown,37.79144,-122.40575,Entire home/apt,2,24,4.88,t,19,72,31,34,0.5,0.5,0.5,5.099866427824199
Pacific Heights,37.78842,-122.4409,Entire home/apt,8,129,4.84,t,9,325,74,61,0.5,0.25,0.5,6.694562058521095
Noe Valley,37.74894,-122.43007,Entire home/apt,6,0,0.0,f,30,365,10,10,0.6666666666666666,0.5,0.6666666666666666,7.824046010856292
Bayview,37.73552,-122.40474,Entire home/apt,2,412,4.81,t,3,44,27,77,0.5,0.5,0.5,5.231108616854587
Noe Valley,37.7478278,-122.4358006,Entire home/apt,2,110,4.72,f,9,311,42,90,0.0,0.5,1.0,4.9344739331306915
Marina,37.8009199,-122.4258129,Shared room,1,47,4.45,f,29,341,6,32,0.0,1.0,0.0,3.970291913552122
South of Market,37.78698,-122.39365,Entire home/apt,5,0,0.0,t,0,310,29,74,0.4,0.4,0.4,5.241747015059643
South of Market,37.77276,-122.42227,Private room,2,67,4.33,f,7,7,18,75,0.5,0.5,1.0,4.584967478670572
Downtown/Civic Center,37.78863,-122.41129,Entire home/apt,4,11,4.73,f,30,357,14,15,0.25,0.25,0.5,5.700443573390687
Western Addition,37.78584,-122.42555,Private room,2,43,4.84,t,4,307,42,77,0.5,0.5,0.5,4.454347296253507
Outer Mission,37.72255,-122.45116,Private room,2,0,0.0,f,30,365,7,91,0.5,0.5,0.5,3.7376696182833684
Downtown/Civic Center,37.78784,-122.41036,Private room,4,80,4.9,t,27,54,27,61,0.0,0.25,0.5,5.488937726156687
Bayview,37.73692,-122.38946,Entire home/apt,2,0,0.0,f,30,270,7,65,0.5,0.5,0.5,4.61512051684126
Western Addition,37.78801887593436,-122.42366867846886,Private room,2,1,5.0,t,30,252,35,77,0.5,0.5,0.5,5.5134287461649825
Noe Valley,37.74980682161057,-122.43476559080732,Entire home/apt,2,10,4.7,f,0,0,37,78,0.5,0.5,0.5,5.332718793265369
Excelsior,37.7301815,-122.4138755,Private room,2,34,4.79,t,7,157,18,6,0.5,0.5,0.5,3.970291913552122
Nob Hill,37.79483,-122.41032,Entire home/apt,4,184,4.77,t,0,326,63,152,0.25,0.25,0.25,4.919980925828125
South of Market,37.788177490234375,-122.39252471923828,Entire home/apt,4,9,5.0,t,11,191,41,74,0.5,0.25,0.75,5.552959584921617
South of Market,37.77504,-122.41096,Entire home/apt,7,14,5.0,t,3,245,48,40,0.42857142857142855,0.14285714285714285,0.5714285714285714,5.545177444479562
Mission,37.7676,-122.4212,Entire home/apt,2,2,5.0,t,1,188,60,36,0.5,0.5,0.5,5.1647859739235145
Outer Richmond,37.77479,-122.4808,Entire home/apt,2,186,4.82,t,14,70,43,61,0.5,0.5,0.5,5.0689042022202315
Inner Sunset,37.75508,-122.4738,Entire home/apt,2,114,4.96,t,13,64,33,81,0.5,0.5,0.5,5.123963979403259
Bernal Heights,37.74372,-122.40828,Entire home/apt,2,93,4.31,f,0,90,44,37,0.5,0.5,0.5,4.553876891600541
Downtown/Civic Center,37.78827,-122.41137,Entire home/apt,4,21,4.95,f,30,365,30,26,0.0,0.25,0.5,5.971261839790462
Downtown/Civic Center,37.7884146,-122.4215935,Private room,2,0,0.0,f,30,365,35,49,0.5,0.5,0.5,5.572154032177765
Outer Mission,37.71635,-122.44563,Entire home/apt,8,8,4.88,t,9,22,71,75,0.25,0.25,0.5,4.812184355372417
Downtown/Civic Center,37.78790605418728,-122.4107466785306,Entire home/apt,2,1,5.0,f,28,363,52,81,0.5,0.5,0.5,5.662960480135946
Mission,37.75401,-122.41586,Private room,4,111,4.99,t,1,189,66,20,0.5,0.25,0.75,5.424950017481403
Marina,37.79862,-122.4421,Shared room,2,2,5.0,f,30,122,21,83,0.5,0.75,2.0,4.290459441148391
Outer Sunset,37.75693,-122.50463,Entire home/apt,10,20,5.0,f,6,93,51,75,0.5,0.35,0.5,7.181591944611865
Noe Valley,37.74231,-122.42687,Entire home/apt,4,122,4.96,t,0,53,50,80,0.5,0.375,0.75,5.318119993844216
Inner Richmond,37.78059,-122.46423,Entire home/apt,2,14,4.57,t,0,243,55,71,0.5,0.5,0.5,4.23410650459726
Russian Hill,37.79934,-122.41432,Entire home/apt,3,9,5.0,f,0,92,64,73,0.3333333333333333,0.3333333333333333,0.6666666666666666,5.616771097666572
West of Twin Peaks,37.73025632381171,-122.46523138624292,Entire home/apt,5,4,5.0,f,0,174,56,74,0.6,0.4,0.6,6.194405391104672
North Beach,37.80211,-122.40443,Entire home/apt,4,35,4.77,t,11,325,25,71,0.5,0.5,0.5,6.297109319933935
Outer Richmond,37.78198,-122.48242,Entire home/apt,4,0,0.0,t,0,335,26,26,0.5,0.5,0.5,5.19295685089021
Outer Sunset,37.74843597412109,-122.49185943603516,Private room,6,269,4.88,t,1,257,43,94,0.3333333333333333,0.3333333333333333,0.6666666666666666,4.990432586778736
Mission,37.75376,-122.40477,Entire home/apt,6,68,4.85,f,26,102,43,25,0.5,0.3333333333333333,0.5,5.241747015059643
Marina,37.79923,-122.43228,Private room,1,10,4.8,t,0,326,18,80,1.0,1.0,1.0,4.276666119016055
Lakeshore,37.73010749835996,-122.47342202702735,Entire home/apt,5,2,5.0,t,4,102,70,83,0.4,0.4,0.4,5.5134287461649825
Twin Peaks,37.74711000000001,-122.4462594,Entire home/apt,6,25,4.96,t,0,178,56,11,0.5,0.3333333333333333,0.6666666666666666,5.438079308923196
Twin Peaks,37.74835,-122.44566,Entire home/apt,6,2,4.5,t,0,292,24,83,0.5,0.4166666666666667,0.6666666666666666,5.262690188904886
Parkside,37.73866,-122.49442,Entire home/apt,12,9,4.67,f,0,286,32,36,0.3333333333333333,0.16666666666666666,0.5,5.220355825078324
Excelsior,37.72253,-122.40874,Entire home/apt,3,311,4.83,t,13,341,79,62,0.3333333333333333,0.3333333333333333,0.6666666666666666,4.836281906951478
Russian Hill,37.80031,-122.41466,Entire home/apt,2,0,0.0,f,17,352,6,13,0.5,0.5,0.5,4.382026634673881
Bernal Heights,37.73863,-122.41713,Entire home/apt,4,216,4.87,t,3,98,41,57,0.5,0.25,0.5,4.955827057601261
Western Addition,37.78023,-122.43971,Entire home/apt,5,6,5.0,f,0,85,62,77,0.6,0.4,0.8,5.8998973535824915
Mission,37.75046,-122.4151,Entire home/apt,2,0,0.0,t,0,112,39,52,0.5,0.5,1.0,5.10594547390058
Inner Richmond,37.78118389141877,-122.45952845994974,Private room,1,0,0.0,t,30,180,24,72,1.0,1.0,1.0,4.430816798843313
Nob Hill,37.79185,-122.4099,Entire home/apt,2,0,0.0,f,0,88,20,11,0.0,0.5,0.5,5.564520407322694
Outer Sunset,37.7505884,-122.4904392,Entire home/apt,4,34,4.91,t,25,49,53,77,0.25,0.25,0.5,5.2574953720277815
Nob Hill,37.78887548527423,-122.42012139346105,Entire home/apt,2,6,5.0,f,0,334,17,49,0.5,0.5,0.5,5.298317366548036
Downtown/Civic Center,37.7890848,-122.4129685,Entire home/apt,6,6,5.0,f,10,284,50,69,0.3333333333333333,0.16666666666666666,0.5,5.808142489980444
South of Market,37.77679,-122.40889,Entire home/apt,5,84,4.92,t,6,156,40,58,0.4,0.4,0.6,5.697093486505405
Ocean View,37.71841,-122.45258,Entire home/apt,2,286,4.87,t,27,359,48,160,0.5,0.5,0.5,5.2574953720277815
Potrero Hill,37.75314892454036,-122.39856824966508,Private room,3,157,4.8,t,16,341,61,83,0.3333333333333333,0.3333333333333333,0.3333333333333333,4.356708826689592
Western Addition,37.7774,-122.43294,Private room,2,35,5.0,f,14,156,46,75,0.5,0.75,0.5,4.836281906951478
Castro/Upper Market,37.75739987522925,-122.42825929466048,Entire home/apt,4,46,5.0,t,10,56,60,86,0.5,0.625,0.5,6.202535517187923
Visitacion Valley,37.713653564453125,-122.3997573852539,Entire home/apt,8,101,4.86,t,14,248,47,91,0.5,0.25,0.5,5.648974238161206
Outer Sunset,37.76127,-122.48543,Entire home/apt,2,6,4.5,f,0,335,48,58,0.5,0.5,0.5,4.499809670330265
South of Market,37.78444,-122.3938,Entire home/apt,2,54,4.65,t,0,229,50,58,0.5,0.5,0.5,4.852030263919617
West of Twin Peaks,37.73875,-122.46224,Entire home/apt,4,144,4.91,t,17,341,46,34,0.5,0.25,0.75,5.41610040220442
Noe Valley,37.74442818550001,-122.4380478552319,Entire home/apt,5,0,0.0,f,28,178,28,74,0.4,0.4,0.2,5.3471075307174685
Haight Ashbury,37.76342,-122.4483,Entire home/apt,1,86,4.69,f,29,89,38,48,1.0,1.0,1.0,5.198497031265826
Downtown/Civic Center,37.7890848,-122.4129685,Entire home/apt,6,1,5.0,f,10,284,50,69,0.3333333333333333,0.16666666666666666,0.5,5.808142489980444
Downtown/Civic Center,37.7866,-122.41561,Private room,2,89,4.57,f,18,346,18,67,0.5,0.5,0.5,4.290459441148391
West of Twin Peaks,37.74098,-122.46327,Entire home/apt,2,420,4.85,t,1,41,24,62,0.5,0.5,0.5,4.90527477843843
Bernal Heights,37.74584,-122.42412,Entire home/apt,4,5,5.0,f,15,107,29,28,0.25,0.25,0.5,4.59511985013459
Outer Sunset,37.75929,-122.48685,Entire home/apt,4,9,4.78,f,0,212,15,74,0.25,0.25,0.25,4.584967478670572
Inner Richmond,37.7782,-122.46104,Private room,2,16,5.0,t,21,342,38,68,0.5,0.5,0.5,4.51085950651685
Mission,37.74948,-122.42253,Private room,2,189,4.93,t,24,264,37,77,0.5,0.5,0.5,4.276666119016055
Bernal Heights,37.74199,-122.42103,Entire home/apt,2,542,4.91,t,3,193,40,83,0.5,0.5,0.5,5.19295685089021
Downtown/Civic Center,37.7884146,-122.4215935,Private room,2,0,0.0,f,30,365,35,49,0.5,0.5,0.5,5.572154032177765
Marina,37.80538,-122.44159,Entire home/apt,8,160,4.98,t,9,250,47,82,0.875,0.5,0.875,7.240649694255466
Downtown/Civic Center,37.7878653,-122.4104163,Entire home/apt,4,6,5.0,f,18,224,51,75,0.0,0.25,0.5,5.41610040220442
Bayview,37.73649,-122.38951,Private room,2,8,5.0,t,0,209,33,77,0.5,0.75,0.5,4.0943445622221
West of Twin Peaks,37.73333,-122.45911,Entire home/apt,3,319,4.95,t,18,348,62,61,0.3333333333333333,0.3333333333333333,0.6666666666666666,5.1647859739235145
Bernal Heights,37.7394424,-122.4094089,Entire home/apt,7,31,4.94,t,18,318,55,85,0.42857142857142855,0.14285714285714285,0.42857142857142855,6.246106765481563
South of Market,37.77334,-122.39216,Entire home/apt,2,1,5.0,t,0,154,67,36,0.5,0.5,0.5,5.313205979041787
Mission,37.76797,-122.41788,Private room,1,17,5.0,t,0,209,42,80,1.0,1.5,1.0,4.23410650459726
Bernal Heights,37.73961,-122.42045,Entire home/apt,4,39,5.0,t,0,145,56,85,0.5,0.25,0.5,5.955837369464831
Russian Hill,37.80487,-122.41951,Entire home/apt,4,15,4.93,t,10,12,35,70,0.25,0.25,0.5,5.978885764901122
Haight Ashbury,37.77082,-122.44825,Private room,1,768,4.52,t,7,327,21,24,1.0,2.0,1.0,3.970291913552122
Pacific Heights,37.79186248779297,-122.424072265625,Private room,2,147,4.96,t,7,130,53,70,0.5,0.5,0.5,5.521460917862246
Outer Sunset,37.76211,-122.50221,Entire home/apt,3,0,0.0,f,0,227,12,56,0.6666666666666666,0.5,0.6666666666666666,6.315358001522335
Financial District,37.79614,-122.39688,Entire home/apt,4,1,5.0,f,30,365,16,28,0.0,0.25,0.5,5.0106352940962555
Marina,37.79822,-122.44616,Entire home/apt,2,22,4.82,f,28,299,21,58,0.0,0.5,0.5,4.3694478524670215
South of Market,37.77628,-122.41507,Hotel room,1,66,4.56,f,25,357,45,38,1.0,4.0,1.0,4.465908118654584
Castro/Upper Market,37.76183,-122.44209,Private room,2,658,4.99,t,11,35,41,157,0.5,0.5,0.5,5.1298987149230735
Marina,37.7967473,-122.4329161,Entire home/apt,2,4,4.5,t,0,63,26,81,0.5,0.75,0.5,5.10594547390058
Mission,37.76042665539212,-122.4109100838179,Entire home/apt,3,11,5.0,t,21,21,52,50,0.3333333333333333,0.3333333333333333,0.6666666666666666,6.22455842927536
Downtown/Civic Center,37.787470237357056,-122.4191606642628,Shared room,1,33,4.64,f,27,362,9,64,1.0,0.0,1.0,3.58351893845611
Castro/Upper Market,37.76261,-122.43615,Entire home/apt,2,55,4.98,t,8,134,49,70,0.5,0.5,0.5,5.384495062789089
Marina,37.80086,-122.43114,Entire home/apt,4,0,0.0,f,23,358,15,75,0.5,0.25,0.5,5.521460917862246
Outer Mission,37.72817,-122.45077,Entire home/apt,4,453,4.96,t,2,236,32,85,0.5,0.25,0.75,5.003946305945459
Outer Mission,37.72768,-122.44304,Entire home/apt,6,125,4.9,t,30,343,52,45,0.3333333333333333,0.16666666666666666,0.3333333333333333,5.53338948872752
Chinatown,37.79036,-122.40849,Entire home/apt,2,0,0.0,f,0,88,20,11,0.0,0.5,0.5,5.564520407322694
Nob Hill,37.7904250687204,-122.41554103734742,Entire home/apt,4,64,4.63,f,6,237,49,78,0.5,0.5,0.5,5.236441962829949
West of Twin Peaks,37.74453,-122.46227,Entire home/apt,3,544,4.89,t,13,304,20,40,0.3333333333333333,0.3333333333333333,0.6666666666666666,4.9344739331306915
Nob Hill,37.79418,-122.41437,Entire home/apt,2,47,4.89,t,15,193,41,78,0.5,0.5,0.5,5.017279836814924
Chinatown,37.79057124131528,-122.40839617193824,Entire home/apt,4,0,0.0,f,2,100,20,11,0.25,0.25,0.5,5.583496308781699
Chinatown,37.79102,-122.40698,Entire home/apt,2,2,4.0,f,0,57,30,34,3.5,0.5,0.5,4.836281906951478
Noe Valley,37.75339,-122.42791,Entire home/apt,2,0,0.0,f,10,345,9,78,0.5,0.5,0.5,5.030437921392435
Western Addition,37.7811,-122.44389,Private room,2,125,4.97,t,16,338,43,48,0.5,0.5,0.5,5.153291594497779
Glen Park,37.73854,-122.42541,Entire home/apt,2,36,4.92,f,3,33,42,88,0.5,0.5,0.5,4.736198448394496
Castro/Upper Market,37.75955,-122.43002,Entire home/apt,5,0,0.0,f,0,335,8,61,0.4,0.4,0.0,5.808142489980444
Outer Richmond,37.77428,-122.50759,Entire home/apt,2,539,4.87,t,18,56,38,67,0.5,0.5,0.5,5.272999558563747
Castro/Upper Market,37.76120549104858,-122.44596621748576,Entire home/apt,2,40,5.0,t,3,13,46,78,0.5,0.5,0.5,5.087596335232384
Haight Ashbury,37.77127327570863,-122.44718758568794,Private room,2,3,4.33,f,22,350,48,69,0.5,0.75,0.5,4.718498871295094
Western Addition,37.77152443682773,-122.43045751368037,Private room,1,0,0.0,f,0,150,16,53,1.0,1.5,1.0,4.499809670330265
Russian Hill,37.80305,-122.4168,Entire home/apt,2,8,4.13,f,20,355,33,73,1.0,1.0,1.0,5.736572297479192
Western Addition,37.78835,-122.43653,Entire home/apt,2,0,0.0,f,0,182,55,81,0.5,0.5,0.5,5.298317366548036
Bernal Heights,37.74735,-122.41016,Entire home/apt,4,42,4.81,f,0,62,39,50,0.5,0.5,0.5,5.030437921392435
Noe Valley,37.74291722977623,-122.43355256522024,Entire home/apt,4,9,5.0,f,17,145,43,82,0.5,0.5,0.5,5.521460917862246
Pacific Heights,37.796769,-122.428236,Entire home/apt,2,3,5.0,t,0,169,51,70,0.0,0.5,0.5,4.8283137373023015
Bernal Heights,37.74043,-122.41299,Entire home/apt,2,370,4.95,t,16,351,61,75,0.0,0.5,0.5,5.2574953720277815
Haight Ashbury,37.77040606973599,-122.4428304580001,Entire home/apt,9,9,4.78,f,24,359,47,89,0.4444444444444444,0.1111111111111111,0.5555555555555556,6.297109319933935
Outer Sunset,37.7618,-122.48899,Entire home/apt,2,45,4.96,t,10,60,47,78,0.5,0.5,0.5,5.402677381872279
North Beach,37.80547,-122.41684,Entire home/apt,4,1,5.0,t,25,359,48,70,0.0,0.25,0.25,6.315358001522335
Marina,37.8008076707341,-122.42745515211487,Private room,2,20,4.5,f,22,156,19,77,0.5,0.5,0.5,4.736198448394496
Outer Richmond,37.77885,-122.50534,Entire home/apt,4,145,4.97,t,0,280,46,85,0.25,0.25,0.5,5.298317366548036
Bernal Heights,37.73925,-122.42,Entire home/apt,5,11,4.55,f,0,335,46,60,0.6,0.4,0.6,5.948034989180646
South of Market,37.77975,-122.39714,Entire home/apt,2,49,4.8,t,7,244,12,89,0.5,1.0,0.5,4.394449154672439
Inner Richmond,37.77417,-122.4658,Private room,4,228,4.7,f,5,214,30,78,0.5,0.25,0.5,4.59511985013459
Inner Sunset,37.74985044715925,-122.4747076034546,Entire home/apt,3,40,4.95,t,6,161,40,73,0.3333333333333333,0.3333333333333333,0.6666666666666666,4.927253685157205
West of Twin Peaks,37.74037619798754,-122.44763467354126,Private room,3,30,4.93,t,15,61,38,81,0.3333333333333333,0.3333333333333333,0.3333333333333333,4.543294782270004
Outer Mission,37.72345,-122.43956,Entire home/apt,8,123,4.97,t,15,331,72,53,0.25,0.125,0.375,4.997212273764115
Nob Hill,37.78984,-122.41342,Entire home/apt,4,3,5.0,t,11,265,48,79,0.25,0.25,0.5,5.616771097666572
Financial District,37.78958292635906,-122.40526259585856,Private room,1,7,4.71,f,29,267,15,33,1.0,1.0,1.0,5.099866427824199
Castro/Upper Market,37.758919,-122.434776,Private room,1,206,4.91,t,8,308,52,80,1.0,1.5,1.0,4.442651256490317
Ocean View,37.72432,-122.46323,Private room,3,62,4.94,t,8,208,22,65,0.0,0.3333333333333333,0.6666666666666666,4.90527477843843
South of Market,37.77501,-122.41133,Private room,2,1,5.0,f,3,335,21,81,0.5,0.5,0.5,4.605170185988092
South of Market,37.77525629403078,-122.40036668506649,Entire home/apt,4,3,5.0,t,0,129,32,80,0.5,0.25,0.5,5.003946305945459
Pacific Heights,37.79558,-122.43688,Entire home/apt,2,2,5.0,f,0,302,19,38,0.5,0.5,0.5,4.990432586778736
Downtown/Civic Center,37.7787601,-122.4222545,Entire home/apt,2,0,0.0,f,23,221,34,54,0.0,0.5,0.5,4.9344739331306915
Excelsior,37.72108,-122.42533,Entire home/apt,4,1,5.0,t,17,46,34,46,0.5,0.5,0.5,4.700480365792417
Excelsior,37.71758,-122.43201,Private room,2,209,4.78,t,5,340,28,73,0.5,0.5,1.0,3.7612001156935624
Financial District,37.790697984516896,-122.40274625320612,Entire home/apt,2,0,0.0,f,28,363,48,82,0.5,0.5,0.5,5.793013608384144
South of Market,37.77637,-122.40611,Entire home/apt,4,132,4.98,t,13,201,36,164,0.25,0.375,0.25,5.886104031450156
West of Twin Peaks,37.7284,-122.45757,Private room,1,36,4.81,t,6,156,37,32,1.0,0.5,1.0,4.174387269895637
Outer Sunset,37.75779,-122.49204,Entire home/apt,2,155,4.93,t,6,69,41,77,0.5,0.5,0.5,5.231108616854587
Pacific Heights,37.78876,-122.44591,Entire home/apt,3,502,4.95,t,10,334,29,39,0.3333333333333333,0.3333333333333333,0.3333333333333333,5.5093883366279774
Western Addition,37.771115004018085,-122.4320354102307,Entire home/apt,6,0,0.0,f,29,179,14,84,0.5,0.4166666666666667,0.6666666666666666,6.0867747269123065
South of Market,37.7726424,-122.393188,Entire home/apt,2,2,5.0,f,4,4,60,81,0.5,0.5,0.5,5.424950017481403
Inner Richmond,37.78321,-122.47694,Private room,3,112,4.73,f,10,160,38,84,0.3333333333333333,0.3333333333333333,0.6666666666666666,4.127134385045092
Russian Hill,37.80109,-122.41385,Entire home/apt,10,103,4.61,f,15,245,58,15,0.3,0.25,0.4,6.023447592961033
Castro/Upper Market,37.76706,-122.43367,Entire home/apt,3,6,4.83,f,0,117,37,74,1.0,0.6666666666666666,1.0,5.697093486505405
Chinatown,37.79247682436059,-122.40857171529082,Entire home/apt,4,0,0.0,f,2,81,19,11,0.25,0.25,0.5,5.662960480135946
Diamond Heights,37.74633,-122.44591,Entire home/apt,4,107,4.6,t,10,254,46,78,0.5,0.375,0.75,5.247024072160486
Outer Sunset,37.76217012263773,-122.50605297685274,Private room,1,4,5.0,f,0,262,50,69,1.0,1.0,1.0,4.23410650459726
South of Market,37.78676,-122.39298,Entire home/apt,2,2,5.0,t,20,355,67,36,0.5,0.5,0.5,5.484796933490655
Downtown/Civic Center,37.77784,-122.42138,Entire home/apt,2,1,5.0,t,7,7,31,69,0.5,0.5,1.0,5.332718793265369
Russian Hill,37.79826356008102,-122.41689396177962,Private room,1,0,0.0,f,0,119,30,0,2.0,1.0,3.0,4.927253685157205
Bernal Heights,37.73754,-122.41143,Entire home/apt,6,35,4.94,t,16,16,66,78,0.5,0.3333333333333333,0.6666666666666666,6.282266746896006
Noe Valley,37.74996,-122.42552,Entire home/apt,4,14,5.0,t,1,218,37,83,0.25,0.25,0.25,4.941642422609304
Noe Valley,37.74547,-122.42524,Entire home/apt,2,22,4.91,t,0,274,51,37,0.5,0.5,0.5,4.990432586778736
Downtown/Civic Center,37.7889904,-122.4127915,Entire home/apt,6,0,0.0,f,10,283,48,69,0.3333333333333333,0.16666666666666666,0.5,5.886104031450156
Pacific Heights,37.7887575,-122.4459055,Entire home/apt,8,2,5.0,t,2,20,67,72,0.5,0.3125,0.5,7.1929342212158
Inner Richmond,37.78605,-122.47323,Private room,2,0,0.0,t,24,359,33,87,0.5,1.25,0.5,4.605170185988092
Pacific Heights,37.78956,-122.44543,Entire home/apt,2,0,0.0,t,0,213,47,36,0.5,0.5,0.5,5.442417710521793
Downtown/Civic Center,37.78793279439331,-122.4205576361458,Private room,2,0,0.0,f,30,365,36,49,0.5,0.5,0.5,5.572154032177765
Downtown/Civic Center,37.7884146,-122.4215935,Private room,2,1,5.0,f,30,365,36,49,0.5,0.5,0.5,5.572154032177765
Haight Ashbury,37.767784655195264,-122.44737339472046,Entire home/apt,4,0,0.0,f,29,89,11,79,0.5,0.25,0.75,6.075346031088684
Outer Sunset,37.75486,-122.47669,Private room,2,338,4.99,t,15,247,50,27,0.5,1.0,0.5,4.454347296253507
Western Addition,37.78316,-122.44654,Entire home/apt,4,0,0.0,f,0,254,30,50,0.5,0.25,1.0,5.214935757608986
Nob Hill,37.7928604,-122.4187308,Private room,4,10,4.7,f,9,325,54,70,0.25,0.25,0.5,5.662960480135946
West of Twin Peaks,37.72966,-122.45616,Entire home/apt,5,45,4.93,f,14,66,25,65,0.6,0.3,0.8,4.912654885736052
Downtown/Civic Center,37.77886428607218,-122.42138606248665,Entire home/apt,2,6,5.0,t,12,36,35,37,0.0,0.5,0.5,4.700480365792417
Mission,37.75418,-122.42412,Entire home/apt,5,2,4.5,f,21,261,18,56,0.4,0.2,0.4,5.0238805208462765
North Beach,37.799582617560894,-122.40739565062812,Private room,2,1,2.0,f,0,58,18,82,0.5,1.0,0.5,3.713572066704308
Castro/Upper Market,37.765401961864725,-122.43096959597648,Private room,1,0,0.0,t,0,255,13,74,1.0,1.0,1.0,4.219507705176107
Outer Mission,37.73014,-122.44759,Entire home/apt,4,60,4.78,f,0,281,50,79,0.5,0.5,0.5,4.997212273764115
South of Market,37.77965,-122.39766,Private room,1,23,4.96,t,5,90,28,83,1.0,1.0,1.0,4.718498871295094
Excelsior,37.72007272101957,-122.42696110736908,Entire home/apt,4,92,4.96,t,3,159,51,72,0.5,0.25,0.75,4.867534450455582
North Beach,37.79873,-122.40572,Entire home/apt,2,8,4.5,f,0,304,44,34,0.5,0.5,1.0,5.0106352940962555
Haight Ashbury,37.76858,-122.43909,Entire home/apt,4,20,5.0,t,0,270,44,69,0.75,0.375,0.75,6.052089168924417
Castro/Upper Market,37.75783433038984,-122.4351354558685,Entire home/apt,2,4,5.0,f,23,356,35,84,1.0,0.5,1.0,6.432940092739179
Marina,37.80085,-122.43366,Private room,1,5,4.0,t,0,304,18,54,1.0,1.0,1.0,4.127134385045092
Outer Richmond,37.77242,-122.50969,Entire home/apt,6,1,5.0,f,0,119,56,86,0.3333333333333333,0.16666666666666666,0.6666666666666666,5.247024072160486
Castro/Upper Market,37.75812,-122.44062,Entire home/apt,4,42,5.0,t,6,6,55,25,0.5,0.25,0.5,6.1092475827643655
Outer Richmond,37.77939,-122.49544,Private room,2,185,4.38,f,15,246,18,54,0.5,1.0,0.5,4.382026634673881
Parkside,37.7407279,-122.4790754,Entire home/apt,4,3,5.0,f,23,252,5,86,0.5,0.25,0.5,5.247024072160486
Marina,37.79743,-122.4303,Entire home/apt,2,109,4.92,f,0,333,46,45,0.5,0.5,0.5,4.762173934797756
Mission,37.76665,-122.42058,Entire home/apt,2,1,3.0,f,1,336,37,71,0.5,0.5,0.5,5.337538079701318
Haight Ashbury,37.77176724093043,-122.44786883585348,Private room,2,5,5.0,f,15,343,47,79,0.5,0.75,0.5,4.465908118654584
Mission,37.76934,-122.42228,Entire home/apt,2,4,4.75,f,30,365,13,42,0.0,0.5,1.0,5.262690188904886
Lakeshore,37.73195,-122.47497,Entire home/apt,3,12,5.0,f,0,185,37,33,1.0,0.3333333333333333,1.3333333333333333,4.59511985013459
Western Addition,37.78913,-122.43028,Entire home/apt,2,3,5.0,t,0,258,19,25,0.5,0.5,0.0,4.605170185988092
Downtown/Civic Center,37.7861,-122.41576,Entire home/apt,2,11,4.82,t,0,192,59,75,0.5,0.5,0.5,4.174387269895637
West of Twin Peaks,37.73643,-122.45206,Private room,1,27,5.0,f,0,29,38,15,1.0,1.5,1.0,3.912023005428146
Downtown/Civic Center,37.78675105507602,-122.41098690231144,Entire home/apt,4,1,5.0,t,30,68,38,52,0.0,0.25,0.5,4.897839799950911
Downtown/Civic Center,37.78593,-122.41463,Entire home/apt,2,2,3.5,f,2,241,18,53,0.0,0.5,0.5,4.356708826689592
North Beach,37.80021,-122.40509,Entire home/apt,2,118,4.73,f,0,267,45,45,0.5,0.5,0.5,4.74493212836325
Downtown/Civic Center,37.78899,-122.41279,Entire home/apt,6,14,5.0,t,10,281,48,69,0.3333333333333333,0.16666666666666666,0.5,5.793013608384144
Marina,37.80602,-122.43874,Private room,4,66,4.77,t,15,39,26,63,0.25,0.25,0.25,5.988961416889864
Haight Ashbury,37.77502,-122.44072,Private room,2,92,5.0,t,0,186,23,52,0.5,0.5,0.5,4.852030263919617
Diamond Heights,37.74569,-122.44739,Private room,2,313,4.95,f,29,89,40,82,0.5,0.5,0.5,4.127134385045092
Outer Mission,37.72366,-122.43981,Private room,1,152,4.84,f,1,303,35,9,1.0,1.0,1.0,3.9318256327243257
Inner Richmond,37.77676,-122.46874,Entire home/apt,2,417,4.98,t,4,201,67,80,0.5,0.5,0.5,5.198497031265826
Parkside,37.74522,-122.49018,Entire home/apt,2,330,4.98,t,1,88,34,55,1.0,0.5,1.0,4.8283137373023015
Downtown/Civic Center,37.7889904,-122.4127915,Entire home/apt,4,1,5.0,t,19,308,50,69,0.25,0.25,0.5,5.652489180268651
Downtown/Civic Center,37.7878653,-122.4104163,Entire home/apt,4,26,4.92,f,15,216,50,75,0.0,0.25,0.5,5.41610040220442
Western Addition,37.7861631,-122.4284746,Private room,1,1,3.0,f,0,311,25,71,1.0,1.0,1.0,3.58351893845611
North Beach,37.7992,-122.40647,Entire home/apt,4,2,5.0,f,0,271,37,52,0.25,0.25,0.5,4.499809670330265
Visitacion Valley,37.72109,-122.4055,Entire home/apt,2,199,4.92,t,1,79,56,75,0.5,0.5,0.5,4.532599493153256
Inner Sunset,37.75841,-122.46508,Private room,1,7,5.0,t,25,265,25,29,1.0,1.0,1.0,4.59511985013459
Western Addition,37.77201,-122.4297,Private room,1,27,5.0,t,18,353,42,43,1.0,1.0,1.0,4.499809670330265
Haight Ashbury,37.76667,-122.44679,Private room,2,24,5.0,t,0,49,28,81,0.5,0.5,0.5,5.41610040220442
Outer Sunset,37.75714,-122.5082,Entire home/apt,3,99,4.96,t,0,29,35,74,0.3333333333333333,0.3333333333333333,0.3333333333333333,5.375278407684165
Inner Sunset,37.75325,-122.47251,Entire home/apt,2,175,4.94,t,9,110,23,38,0.5,0.5,1.0,4.882801922586371
Downtown/Civic Center,37.78787,-122.41042,Entire home/apt,4,2,4.0,t,18,224,50,75,0.0,0.25,0.5,5.41610040220442
South of Market,37.77813842225418,-122.39227109225077,Entire home/apt,4,2,3.0,f,29,364,58,62,0.25,0.25,0.5,5.247024072160486
Bayview,37.71985883621094,-122.38804399318389,Entire home/apt,5,81,4.75,t,5,191,43,79,0.2,0.2,0.4,4.605170185988092
Downtown/Civic Center,37.78670566363074,-122.41170688095092,Private room,3,34,4.97,t,25,153,22,67,0.0,0.3333333333333333,0.6666666666666666,5.937536205082426
Haight Ashbury,37.77358,-122.43787,Entire home/apt,5,6,5.0,t,11,346,31,22,0.4,0.4,0.4,5.1647859739235145
Western Addition,37.77967,-122.43957,Private room,1,12,4.58,f,0,263,35,53,1.0,1.0,1.0,4.219507705176107
Nob Hill,37.79233,-122.40992,Entire home/apt,2,0,0.0,f,0,7,20,11,0.0,0.5,0.5,5.717027701406222
Financial District,37.7882187,-122.4030532,Entire home/apt,6,0,0.0,f,2,291,45,68,0.3333333333333333,0.3333333333333333,0.5,6.983789965258135
Russian Hill,37.80633,-122.42008,Entire home/apt,2,2,5.0,f,28,363,47,69,0.5,0.5,0.5,5.950642552587727
Potrero Hill,37.76126909532099,-122.40399346202406,Entire home/apt,6,85,4.96,t,7,65,39,90,0.3333333333333333,0.16666666666666666,0.3333333333333333,5.771441123130016
Presidio Heights,37.78442050195479,-122.45030376390186,Entire home/apt,4,58,4.84,t,11,123,43,75,0.25,0.25,0.5,5.135798437050262
Inner Sunset,37.76534,-122.47138,Entire home/apt,12,13,5.0,f,0,3,27,96,0.5,0.375,0.5833333333333334,7.27931883541462
Castro/Upper Market,37.76204,-122.4451,Entire home/apt,6,0,0.0,t,23,358,23,83,0.5,0.75,0.5,7.492760300922379
Outer Sunset,37.75037,-122.50287,Private room,1,3,5.0,f,3,338,38,81,1.0,1.0,1.0,4.941642422609304
Mission,37.7555,-122.41128,Entire home/apt,4,123,4.97,t,3,292,57,80,0.25,0.25,0.5,4.912654885736052
Lakeshore,37.73352,-122.49277,Entire home/apt,3,51,4.96,f,16,123,57,85,0.3333333333333333,0.3333333333333333,0.3333333333333333,5.420534999272286
Haight Ashbury,37.7739,-122.44213,Entire home/apt,16,0,0.0,f,0,243,55,71,0.4375,0.1875,0.4375,6.20455776256869
Downtown/Civic Center,37.78787,-122.41042,Entire home/apt,4,0,0.0,t,16,222,50,75,0.0,0.25,0.5,5.41610040220442
Inner Richmond,37.77673,-122.46072,Private room,2,17,4.94,t,16,339,40,72,0.5,1.0,0.5,4.74493212836325
Downtown/Civic Center,37.78622,-122.41626,Private room,2,84,4.46,t,13,264,15,55,0.5,0.25,0.5,4.553876891600541
Bernal Heights,37.73987,-122.4234,Private room,2,212,4.82,f,10,250,56,16,0.5,0.5,0.5,4.406719247264253
South of Market,37.778818,-122.410143,Private room,2,67,4.31,f,23,132,20,45,0.5,0.5,0.5,4.700480365792417
Outer Mission,37.72952,-122.44204,Entire home/apt,2,1,5.0,f,0,284,34,45,0.5,0.5,0.5,4.31748811353631
Downtown/Civic Center,37.78857921671884,-122.4113518747205,Entire home/apt,4,1,4.0,t,15,63,31,52,0.0,0.25,0.5,5.062595033026967
Downtown/Civic Center,37.7889904,-122.4127915,Entire home/apt,6,0,0.0,t,7,295,52,63,0.5,0.3333333333333333,0.5,5.976350909297934
Downtown/Civic Center,37.78475,-122.41636,Entire home/apt,2,2,3.5,f,0,126,23,41,0.0,0.5,0.5,4.343805421853684
Noe Valley,37.74248,-122.4251,Entire home/apt,2,248,4.75,t,2,312,45,50,0.0,0.5,0.5,5.0106352940962555
Potrero Hill,37.75861,-122.40381,Entire home/apt,6,229,4.74,t,30,365,35,27,0.16666666666666666,0.16666666666666666,0.5,5.659482215759621
Excelsior,37.7301815,-122.4138755,Private room,2,24,4.83,t,4,244,26,10,0.5,0.5,0.5,3.9889840465642745
Pacific Heights,37.79548,-122.432,Entire home/apt,4,1,5.0,f,0,125,8,60,0.5,0.25,0.0,5.556828061699537
Downtown/Civic Center,37.78808,-122.41182,Entire home/apt,6,7,5.0,t,2,280,62,50,0.3333333333333333,0.3333333333333333,0.5,6.214608098422191
Marina,37.79811,-122.44181,Entire home/apt,4,24,4.67,f,0,0,34,79,0.5,0.375,0.75,6.473890696352274
Twin Peaks,37.76062046106063,-122.44659221174965,Private room,2,25,4.92,t,0,310,37,43,0.5,0.5,0.5,4.553876891600541
Marina,37.80078,-122.43121,Entire home/apt,3,1,5.0,f,30,365,30,65,1.0,0.3333333333333333,0.6666666666666666,5.8944028342648505
South of Market,37.782,-122.39533,Private room,2,157,4.95,t,8,285,46,74,0.5,0.5,0.5,4.867534450455582
Noe Valley,37.74220003027472,-122.42981318308576,Entire home/apt,4,76,4.86,t,7,318,50,87,0.25,0.25,0.25,5.081404364984463
Inner Sunset,37.76393,-122.45396,Entire home/apt,8,19,4.95,f,28,348,79,77,0.5,0.4375,0.625,7.1929342212158
Twin Peaks,37.75045,-122.44956,Entire home/apt,2,99,4.19,t,2,329,35,55,0.5,0.5,0.5,4.382026634673881
Outer Mission,37.73175,-122.44106,Private room,6,91,4.76,f,30,180,56,64,0.16666666666666666,0.16666666666666666,0.16666666666666666,4.852030263919617
Castro/Upper Market,37.762606645450525,-122.44389295578004,Private room,2,15,5.0,f,0,236,62,31,0.5,0.5,0.0,5.170483995038151
Western Addition,37.78014,-122.43344,Private room,2,0,0.0,f,16,322,14,67,0.5,0.5,0.5,5.771441123130016
Bernal Heights,37.744488,-122.418688,Entire home/apt,2,78,4.86,t,17,352,49,80,0.5,0.5,0.5,5.293304824724492
Nob Hill,37.79245,-122.41983,Private room,1,1,5.0,f,16,351,10,36,1.0,1.0,1.0,4.189654742026425
North Beach,37.80632,-122.41817,Hotel room,8,17,4.88,f,20,165,24,31,0.25,0.25,0.5,6.150602768446279
Western Addition,37.78594,-122.42435,Private room,2,6,4.83,t,25,351,42,77,0.5,0.5,0.5,5.117993812416755
Outer Mission,37.71366,-122.44441,Entire home/apt,4,65,4.63,f,15,165,32,83,0.5,0.25,0.5,4.574710978503383
Glen Park,37.73406,-122.43555,Entire home/apt,2,49,4.94,t,6,43,37,83,0.5,0.5,0.5,4.68213122712422
Chinatown,37.79086,-122.4079,Entire home/apt,2,4,4.75,t,15,68,31,34,0.5,0.5,0.5,5.313205979041787
Mission,37.757568,-122.412605,Entire home/apt,4,190,4.99,t,5,153,61,88,0.5,0.25,0.5,5.700443573390687
Castro/Upper Market,37.75966,-122.43568,Private room,2,36,4.83,f,0,0,46,54,0.5,1.0,1.0,5.293304824724492
South of Market,37.77627944946289,-122.41506958007812,Private room,2,137,4.43,f,14,287,54,75,0.5,1.5,1.0,4.820281565605037
Parkside,37.74286,-122.47479,Entire home/apt,2,293,4.83,t,15,165,38,73,0.5,0.5,0.5,4.624972813284271
Chinatown,37.79089,-122.40784,Entire home/apt,2,0,0.0,f,14,65,10,71,0.5,0.5,0.5,5.135798437050262
Noe Valley,37.74717850903648,-122.42536801310456,Entire home/apt,2,153,4.93,t,4,294,53,68,0.5,0.5,0.5,4.875197323201151
Financial District,37.7882187,-122.4030532,Entire home/apt,10,0,0.0,t,2,168,46,68,0.3,0.3,0.5,7.291656209174461
Outer Mission,37.72146,-122.44063,Private room,4,37,4.89,t,29,364,36,28,0.25,0.25,0.5,4.762173934797756
Mission,37.75736,-122.42503,Private room,1,0,0.0,f,0,146,10,71,1.0,0.5,1.0,4.290459441148391
Outer Richmond,37.77673,-122.49235,Entire home/apt,5,28,4.82,t,0,332,42,69,0.4,0.3,0.6,5.272999558563747
Haight Ashbury,37.775203704833984,-122.44937133789062,Entire home/apt,2,453,4.88,t,9,231,41,97,0.0,0.5,0.5,5.2832037287379885
Mission,37.7662071,-122.4201693,Entire home/apt,4,1,5.0,f,0,178,56,74,0.5,0.25,0.75,5.123963979403259
Crocker Amazon,37.70959,-122.43903,Entire home/apt,4,167,4.99,t,11,66,47,80,0.25,0.25,0.5,5.087596335232384
Marina,37.80055,-122.43221,Private room,1,10,4.9,t,29,364,20,82,1.0,1.0,1.0,4.127134385045092
Noe Valley,37.75487,-122.43446,Private room,1,0,0.0,f,29,334,52,15,1.0,1.5,1.0,4.418840607796598
Downtown/Civic Center,37.77907,-122.4211,Entire home/apt,4,24,4.88,t,5,5,14,82,0.25,0.25,0.5,5.1298987149230735
South of Market,37.775391002229256,-122.41747745370644,Private room,2,0,0.0,f,19,354,15,70,0.5,1.0,0.5,3.9318256327243257
Bayview,37.7175,-122.39698,Private room,2,40,4.97,t,30,363,63,48,0.5,0.75,0.5,4.68213122712422
Downtown/Civic Center,37.78899,-122.41279,Entire home/apt,6,0,0.0,t,7,295,52,63,0.5,0.3333333333333333,0.5,5.976350909297934
Russian Hill,37.80652,-122.41933,Entire home/apt,4,8,5.0,t,4,247,21,65,0.25,0.25,0.75,4.867534450455582
South of Market,37.77735885216983,-122.41091188078728,Entire home/apt,4,17,4.88,t,6,208,25,73,0.5,0.25,0.5,5.820082930352362
Crocker Amazon,37.71228,-122.44336,Private room,2,9,4.67,t,29,364,55,65,0.5,0.5,0.5,4.189654742026425
Russian Hill,37.80108,-122.41743,Entire home/apt,5,109,4.65,t,0,76,42,72,0.4,0.3,0.8,5.278114659230517
Western Addition,37.77441,-122.4244,Entire home/apt,4,5,5.0,f,9,152,54,61,0.75,0.5,0.75,5.049856007249537
Inner Sunset,37.7555,-122.47517,Entire home/apt,5,373,4.81,t,13,274,37,81,0.4,0.4,0.6,5.214935757608986
South of Market,37.782206013574765,-122.3981937088378,Private room,1,0,0.0,f,0,247,10,72,1.0,1.0,1.0,4.174387269895637
Nob Hill,37.79693,-122.41343,Private room,1,0,0.0,f,0,335,30,65,0.0,1.0,1.0,3.9512437185814275
Potrero Hill,37.76035,-122.40338,Entire home/apt,4,6,4.67,t,0,240,12,84,0.5,0.25,0.5,5.1647859739235145
Outer Sunset,37.7614995,-122.4933131,Entire home/apt,4,47,4.94,t,6,170,32,29,0.5,0.25,0.5,4.990432586778736
Noe Valley,37.75007,-122.42532,Private room,2,12,4.92,t,12,326,50,67,0.5,0.5,0.5,5.521460917862246
South of Market,37.77792,-122.407,Private room,3,0,0.0,f,17,167,25,87,0.3333333333333333,0.3333333333333333,0.3333333333333333,4.1588830833596715
Excelsior,37.72191,-122.43329,Entire home/apt,6,79,4.96,f,15,345,41,78,0.5,0.3333333333333333,0.5,5.71042701737487
Mission,37.77061,-122.42416,Entire home/apt,2,101,4.98,t,4,4,54,75,0.5,0.5,0.5,5.293304824724492
Bayview,37.72867,-122.38608,Entire home/apt,2,22,4.73,f,27,267,21,80,0.0,0.5,0.5,4.23410650459726
Mission,37.75765,-122.40834,Entire home/apt,4,36,4.89,f,13,306,52,70,0.5,0.5,0.5,6.07993319509559
Russian Hill,37.80307,-122.41454,Private room,1,18,4.83,f,0,329,38,71,1.0,1.5,1.0,4.04305126783455
Marina,37.8015142,-122.4256185,Hotel room,2,0,0.0,f,21,352,24,38,0.5,0.5,0.0,4.927253685157205
Lakeshore,37.73555,-122.48153,Private room,2,487,4.94,t,20,256,23,50,0.5,0.5,0.5,4.7535901911063645
Outer Richmond,37.78562,-122.48218,Entire home/apt,4,21,4.9,t,30,365,50,67,0.5,0.25,0.75,5.552959584921617
North Beach,37.80001566466058,-122.40721507601026,Entire home/apt,2,0,0.0,t,3,213,28,49,0.5,0.5,0.5,5.062595033026967
Marina,37.80104,-122.42881,Entire home/apt,6,0,0.0,f,2,269,39,70,0.5,0.3333333333333333,0.5,6.6039438246004725
North Beach,37.80251,-122.40691,Entire home/apt,2,79,4.73,t,30,270,23,50,0.5,0.5,0.5,5.123963979403259
Downtown/Civic Center,37.774441,-122.420944,Entire home/apt,2,17,4.94,t,2,305,52,81,0.0,0.5,0.5,4.90527477843843
Nob Hill,37.7943742049213,-122.41735729251025,Entire home/apt,2,245,4.79,t,9,149,41,69,0.5,0.5,0.5,4.983606621708336
Financial District,37.7882187,-122.4030532,Entire home/apt,4,0,0.0,t,16,271,42,68,0.25,0.25,0.5,6.680854678790215
Castro/Upper Market,37.76357,-122.42654,Entire home/apt,3,26,4.77,f,3,338,24,35,0.3333333333333333,0.3333333333333333,0.3333333333333333,4.787491742782046
Potrero Hill,37.75713,-122.39694,Private room,2,532,4.9,t,10,237,39,29,0.5,0.5,0.5,4.762173934797756
Haight Ashbury,37.771351,-122.442619,Entire home/apt,4,1,5.0,f,21,274,4,24,0.75,0.375,0.75,6.161207321695077
Mission,37.75363872090762,-122.42355056115822,Entire home/apt,6,2,5.0,f,2,13,47,57,0.5,0.16666666666666666,0.5,5.948034989180646
South of Market,37.77517,-122.40405,Private room,2,32,4.97,t,8,222,58,74,0.5,0.5,0.5,5.438079308923196
Castro/Upper Market,37.76574,-122.42729,Entire home/apt,2,4,5.0,f,0,34,62,67,0.5,0.5,0.5,5.455321115357702
Pacific Heights,37.79157410833746,-122.44322161762878,Entire home/apt,2,10,4.9,f,0,289,27,18,0.5,0.5,0.5,5.476463551931511
Western Addition,37.7853822,-122.4350781,Entire home/apt,2,1,5.0,f,7,198,45,67,0.5,0.5,0.5,5.5909869805108565
Financial District,37.7882187,-122.4030532,Entire home/apt,6,0,0.0,f,2,291,43,68,0.3333333333333333,0.3333333333333333,0.5,6.983789965258135
Downtown/Civic Center,37.7884146,-122.4215935,Private room,2,0,0.0,f,30,365,35,76,0.5,0.5,0.5,5.572154032177765
Nob Hill,37.79241,-122.40972,Entire home/apt,4,0,0.0,f,0,10,20,11,0.25,0.25,0.5,5.717027701406222
Russian Hill,37.79745,-122.41221,Entire home/apt,4,12,5.0,f,17,326,49,59,0.5,0.375,0.5,6.7650389767805414
Inner Richmond,37.78259,-122.46941,Entire home/apt,2,19,4.84,f,0,179,36,17,0.5,0.5,0.5,4.962844630259907
Downtown/Civic Center,37.7884146,-122.4215935,Private room,2,1,2.0,f,30,365,35,70,0.5,0.5,0.5,5.572154032177765
Outer Sunset,37.75932,-122.49847,Entire home/apt,2,303,4.92,t,13,300,24,72,0.5,0.5,0.5,4.927253685157205
Pacific Heights,37.78977,-122.44664,Entire home/apt,4,10,4.9,t,0,228,28,89,0.25,0.25,0.5,5.19295685089021
Western Addition,37.78685,-122.4259,Entire home/apt,4,0,0.0,t,0,322,29,79,0.0,0.25,0.5,5.5134287461649825
Bernal Heights,37.74051051692575,-122.415159791708,Entire home/apt,6,4,5.0,f,0,9,51,81,0.5,0.3333333333333333,0.6666666666666666,5.950642552587727
Downtown/Civic Center,37.7884146,-122.4215935,Private room,2,2,3.0,f,30,365,36,49,0.5,0.5,0.5,5.572154032177765
Mission,37.76046571033162,-122.41625793965724,Private room,1,0,0.0,t,0,210,28,69,1.0,1.5,1.0,4.574710978503383
Seacliff,37.78732,-122.49336,Private room,2,185,4.9,t,18,242,25,47,0.5,0.5,0.5,5.111987788356544
Bernal Heights,37.74427,-122.42386,Entire home/apt,3,10,5.0,t,24,359,41,71,1.0,0.3333333333333333,1.0,5.225746673713202
Downtown/Civic Center,37.77650122299083,-122.41781373871552,Entire home/apt,2,0,0.0,t,8,152,66,35,0.0,0.5,0.5,5.262690188904886
Parkside,37.74033,-122.47144,Entire home/apt,2,453,4.84,f,25,359,28,10,0.5,0.25,0.5,5.075173815233827
Castro/Upper Market,37.76364,-122.42858,Private room,1,17,4.75,f,30,90,10,0,1.0,1.0,1.0,4.356708826689592
Bernal Heights,37.74581,-122.40833,Entire home/apt,4,172,4.97,f,6,27,64,83,0.25,0.25,0.5,5.298317366548036
Downtown/Civic Center,37.7878653,-122.4104163,Entire home/apt,4,2,5.0,t,0,305,17,79,0.25,0.25,0.5,5.645446897643238
Russian Hill,37.80501,-122.42318,Entire home/apt,6,10,4.9,f,27,175,27,144,0.3333333333333333,0.0,0.5,7.033506484287697
Downtown/Civic Center,37.7871,-122.41137,Private room,4,57,4.91,t,16,16,34,79,0.0,0.25,0.5,5.407171771460119
Noe Valley,37.75491,-122.439186,Entire home/apt,4,136,4.96,t,0,243,57,162,0.5,0.25,0.5,6.263398262591624
Castro/Upper Market,37.76581954956055,-122.43441772460938,Private room,1,182,4.9,t,9,344,35,42,1.0,2.0,1.0,4.836281906951478
Ocean View,37.7093398,-122.4626244,Entire home/apt,6,48,4.88,t,10,16,30,14,0.5,0.25,0.5,5.0106352940962555
Mission,37.75479,-122.41112,Entire home/apt,2,9,4.44,f,0,283,18,85,0.5,0.5,0.5,4.442651256490317
Downtown/Civic Center,37.7851394,-122.4097605,Private room,1,1,5.0,f,0,230,42,53,1.0,4.0,1.0,4.31748811353631
Downtown/Civic Center,37.7820704448836,-122.41043367978531,Entire home/apt,4,0,0.0,f,0,329,32,70,0.25,0.25,0.25,5.075173815233827
Inner Richmond,37.77503,-122.46328,Entire home/apt,4,0,0.0,t,0,221,9,76,0.5,0.25,0.5,4.770684624465665
Marina,37.79717,-122.44547,Entire home/apt,2,78,4.79,t,13,342,30,48,0.5,0.5,0.5,5.236441962829949
Western Addition,37.778603283864186,-122.44555910230504,Entire home/apt,5,20,5.0,t,2,71,63,89,0.6,0.4,0.8,6.3818160174060985
Mission,37.7555593,-122.4230096,Entire home/apt,4,9,5.0,t,9,324,40,72,0.75,0.5,1.25,6.137727054086234
Castro/Upper Market,37.76033,-122.43142,Entire home/apt,2,279,4.93,t,8,63,34,74,0.5,0.5,0.5,5.135798437050262
North Beach,37.8076,-122.41317,Private room,2,0,0.0,t,29,98,23,43,0.5,0.5,0.5,5.3706380281276624
Nob Hill,37.79484,-122.41188,Entire home/apt,2,11,4.91,t,0,97,41,79,0.5,0.5,0.5,5.10594547390058
Castro/Upper Market,37.76446,-122.42874,Entire home/apt,2,276,4.97,t,8,137,50,79,0.5,0.75,0.5,5.332718793265369
Pacific Heights,37.79233,-122.42431,Private room,1,124,4.67,t,30,270,22,0,1.0,1.5,1.0,4.07753744390572
Downtown/Civic Center,37.7879,-122.40794,Private room,2,1,5.0,t,6,198,19,24,0.5,0.5,0.5,4.6443908991413725
Nob Hill,37.79379,-122.42093,Entire home/apt,2,0,0.0,f,0,289,10,78,0.5,0.5,1.0,4.962844630259907
South of Market,37.77455488219591,-122.41224077301636,Private room,1,2,4.5,f,27,267,12,78,1.0,2.0,1.0,3.7612001156935624
Downtown/Civic Center,37.7884146,-122.4215935,Private room,2,2,4.0,f,30,365,34,49,0.5,0.5,0.5,5.572154032177765
Bernal Heights,37.7410636,-122.4201252,Entire home/apt,2,146,4.97,t,9,235,29,79,0.5,0.5,0.5,4.890349128221754
West of Twin Peaks,37.75269,-122.46639,Entire home/apt,8,31,5.0,t,30,270,44,40,0.5,0.5,0.625,6.774223886357614
North Beach,37.79833,-122.40439,Entire home/apt,2,14,4.71,f,0,301,34,63,0.5,0.5,0.5,4.634728988229636
North Beach,37.80730698663766,-122.4186641550466,Entire home/apt,2,2,5.0,f,28,363,46,83,0.5,0.5,0.5,5.583496308781699
Bernal Heights,37.74655,-122.40856,Entire home/apt,4,52,4.98,f,11,329,32,41,0.5,0.25,0.5,6.202535517187923
Castro/Upper Market,37.7625,-122.44337,Entire home/apt,3,24,5.0,f,0,305,71,64,0.6666666666666666,0.3333333333333333,0.6666666666666666,5.111987788356544
Downtown/Civic Center,37.7878653,-122.4104163,Entire home/apt,4,2,5.0,f,18,225,50,75,0.0,0.25,0.5,5.365976015021851
Bayview,37.735801901015314,-122.40065587105246,Private room,2,154,4.94,t,15,343,45,74,0.0,0.5,0.5,4.143134726391533
Haight Ashbury,37.76841,-122.45009,Entire home/apt,2,145,4.67,t,0,160,27,41,0.5,0.5,0.5,4.59511985013459
Castro/Upper Market,37.7572064947949,-122.43173215538263,Entire home/apt,2,151,4.99,t,1,112,41,82,0.0,0.5,0.5,5.313205979041787
North Beach,37.80101,-122.4022,Private room,2,24,4.71,t,30,365,6,36,0.5,0.5,0.5,5.0106352940962555
Haight Ashbury,37.7656988,-122.4520391,Entire home/apt,2,9,5.0,t,0,317,48,74,1.0,0.5,2.0,5.181783550292085
Outer Mission,37.7192069,-122.4464474,Entire home/apt,4,7,5.0,f,10,226,45,77,0.5,0.25,0.75,5.123963979403259
Parkside,37.73981544140862,-122.50661536223724,Entire home/apt,5,20,4.65,f,17,233,43,62,0.6,0.2,0.6,5.5093883366279774
Marina,37.800743,-122.435119,Entire home/apt,2,75,5.0,t,2,182,62,72,0.5,0.5,0.5,5.802118375377063
Outer Richmond,37.7770736204784,-122.5015464981398,Entire home/apt,2,2,5.0,f,30,334,28,66,0.5,0.75,0.5,4.718498871295094
Western Addition,37.78019,-122.43253,Private room,4,1,5.0,f,8,302,12,67,0.25,0.25,0.5,5.926926025970411
North Beach,37.79939,-122.40576,Private room,2,210,4.61,t,19,316,33,82,0.5,2.5,0.5,4.74493212836325
Parkside,37.74268,-122.47229,Entire home/apt,2,109,4.94,t,0,0,37,55,0.0,0.5,1.0,5.293304824724492
Russian Hill,37.80639,-122.42144,Entire home/apt,4,29,4.97,t,9,16,38,58,0.25,0.25,0.5,6.059123195581797
Outer Richmond,37.78239,-122.48029,Private room,1,6,4.83,t,4,334,23,80,1.0,1.0,1.0,4.060443010546419
Noe Valley,37.75218,-122.44216,Private room,4,46,4.96,t,0,55,41,47,0.25,0.5,0.25,5.308267697401205
Outer Sunset,37.75577,-122.49127,Entire home/apt,6,7,5.0,t,0,240,30,80,0.8333333333333334,0.3333333333333333,0.8333333333333334,5.703782474656201
Castro/Upper Market,37.75744956289165,-122.4371049553156,Entire home/apt,2,5,5.0,t,0,118,43,69,0.5,0.5,0.5,5.3230099791384085
South of Market,37.78315,-122.39469,Entire home/apt,3,11,4.73,f,13,252,44,71,0.3333333333333333,0.3333333333333333,0.3333333333333333,5.081404364984463
Parkside,37.74628,-122.47864,Entire home/apt,6,152,4.97,t,6,330,55,79,0.3333333333333333,0.3333333333333333,0.5,5.497168225293202
Castro/Upper Market,37.75884,-122.4358,Entire home/apt,2,2,3.5,f,28,363,26,3,0.5,0.5,0.5,7.067319848653476
Bernal Heights,37.74694039795461,-122.40795547586434,Entire home/apt,4,135,4.78,f,2,53,54,49,0.5,0.25,0.75,5.159055299214529
Outer Sunset,37.76138,-122.48927,Private room,1,1,5.0,f,30,365,32,49,1.0,1.0,1.0,4.356708826689592
Outer Sunset,37.7639876,-122.4790887,Private room,2,14,4.64,t,16,208,15,58,0.5,0.5,0.0,4.204692619390966
Downtown/Civic Center,37.7884146,-122.4215935,Private room,2,0,0.0,f,30,365,35,53,0.5,0.5,0.5,5.572154032177765
Haight Ashbury,37.76993,-122.44894,Entire home/apt,2,17,4.71,f,5,301,50,80,0.0,0.5,0.5,4.31748811353631
Nob Hill,37.78930781709531,-122.42103072585452,Private room,2,0,0.0,f,30,365,36,49,0.5,0.5,0.5,5.736572297479192
South of Market,37.77856833482981,-122.39153057086196,Entire home/apt,2,0,0.0,f,28,363,48,78,0.5,0.5,0.5,6.654152520183219
Parkside,37.739391939089,-122.4963958255368,Entire home/apt,6,0,0.0,f,14,316,44,70,0.5,0.3333333333333333,0.6666666666666666,5.605802066295998
Marina,37.80234,-122.42852,Entire home/apt,2,0,0.0,f,0,92,19,29,0.5,0.5,1.0,5.697093486505405
Downtown/Civic Center,37.7890848,-122.4129685,Entire home/apt,4,4,5.0,f,19,309,49,69,0.25,0.25,0.5,5.662960480135946
Downtown/Civic Center,37.78594919915952,-122.41237247155271,Entire home/apt,2,2,4.5,f,28,363,43,75,0.5,0.5,0.5,5.768320995793772
Castro/Upper Market,37.766647,-122.426865,Entire home/apt,4,9,5.0,t,24,342,42,68,0.5,0.5,0.5,5.857933154483459
Nob Hill,37.79225,-122.40995,Private room,2,142,4.77,f,16,156,19,16,0.5,0.5,0.5,5.327876168789581
Visitacion Valley,37.71501,-122.40091,Entire home/apt,6,148,4.83,t,28,268,28,54,0.3333333333333333,0.16666666666666666,0.8333333333333334,5.318119993844216
Bernal Heights,37.74324658879554,-122.41664018989712,Entire home/apt,6,138,4.99,t,3,196,67,68,0.5,0.16666666666666666,0.6666666666666666,5.877735781779639
Bayview,37.7300669806194,-122.38995576362127,Entire home/apt,3,110,4.67,f,18,258,47,87,0.3333333333333333,0.3333333333333333,0.6666666666666666,4.564348191467836
North Beach,37.79933,-122.40594,Private room,3,524,4.73,t,26,324,32,67,0.3333333333333333,3.3333333333333335,0.6666666666666666,4.700480365792417
Bayview,37.7350022,-122.3969718,Entire home/apt,3,128,4.94,t,9,88,60,66,0.3333333333333333,0.3333333333333333,0.3333333333333333,4.787491742782046
Bernal Heights,37.74245,-122.42383,Entire home/apt,3,9,4.33,t,0,254,52,40,1.0,0.3333333333333333,1.0,5.10594547390058
Parkside,37.74333556742933,-122.47670101067628,Private room,2,3,4.33,t,16,256,33,70,0.5,0.5,0.5,4.07753744390572
Downtown/Civic Center,37.7884146,-122.4215935,Private room,2,1,4.0,f,30,365,35,49,0.5,0.5,0.5,5.572154032177765
Mission,37.766638910336646,-122.4221610040382,Entire home/apt,8,19,4.89,t,3,148,19,91,0.25,0.25,0.25,6.035481432524756
Russian Hill,37.80465,-122.42163,Entire home/apt,6,1,5.0,f,29,364,52,32,0.3333333333333333,0.3333333333333333,0.3333333333333333,7.064759027791802
Outer Sunset,37.75556683147246,-122.4794909337681,Entire home/apt,4,22,5.0,t,17,226,44,86,0.5,0.25,0.75,5.75890177387728
Parkside,37.7364,-122.50771,Entire home/apt,8,1,5.0,f,0,124,45,46,0.5,0.25,0.5,6.148468295917647
Castro/Upper Market,37.75842,-122.43442,Private room,2,517,4.99,t,3,225,33,71,0.5,0.5,1.0,4.787491742782046
Downtown/Civic Center,37.7884146,-122.4215935,Private room,2,0,0.0,f,30,365,27,9,0.5,0.5,0.5,5.572154032177765
North Beach,37.79839,-122.4066,Private room,2,6,5.0,t,10,102,64,40,0.5,0.5,0.5,4.248495242049359
Noe Valley,37.74825,-122.43344,Entire home/apt,2,167,4.98,t,4,205,47,85,0.5,0.5,0.5,5.25227342804663
Outer Mission,37.72702,-122.44316,Private room,2,132,4.95,t,5,34,50,86,0.0,0.5,1.0,4.727387818712341
Pacific Heights,37.79572,-122.43317,Entire home/apt,2,11,4.91,t,3,307,37,68,0.5,0.5,0.5,4.983606621708336
Castro/Upper Market,37.76426,-122.42982,Private room,2,0,0.0,f,2,334,36,60,0.5,0.5,0.5,5.5909869805108565
Castro/Upper Market,37.76626,-122.43643,Entire home/apt,2,489,4.92,t,6,323,36,63,0.5,0.5,0.5,4.804021044733257
Visitacion Valley,37.71395,-122.40745,Entire home/apt,2,11,5.0,t,0,335,60,20,0.5,0.5,0.5,4.5217885770490405
Pacific Heights,37.79117,-122.43095,Entire home/apt,2,55,4.75,f,10,260,33,79,0.0,0.5,0.5,6.779921907472252
Inner Richmond,37.77987,-122.45341,Entire home/apt,4,14,4.86,f,4,334,36,84,0.5,0.25,0.5,5.3471075307174685
Downtown/Civic Center,37.78004970510318,-122.41360170824998,Entire home/apt,2,0,0.0,f,28,363,44,72,0.5,0.5,0.5,5.976350909297934
Lakeshore,37.7342,-122.47605,Entire home/apt,5,149,4.75,t,10,143,35,77,0.4,0.4,0.6,5.0369526024136295
Nob Hill,37.7923,-122.42145,Private room,2,5,5.0,f,0,252,12,38,0.5,0.5,0.5,4.477336814478207
Mission,37.75817,-122.42324,Entire home/apt,7,26,5.0,t,0,253,71,73,0.2857142857142857,0.14285714285714285,0.7142857142857143,5.170483995038151
Diamond Heights,37.746113,-122.443748,Private room,2,0,0.0,f,0,243,53,35,0.5,0.5,0.5,4.382026634673881
Downtown/Civic Center,37.78563,-122.40728,Entire home/apt,2,0,0.0,f,28,363,46,73,0.5,0.5,0.5,5.840641657373398
Nob Hill,37.78985,-122.41383,Entire home/apt,4,1,5.0,t,26,48,21,50,0.25,0.25,0.25,5.493061443340548
Outer Richmond,37.77808716101838,-122.50246830855328,Private room,2,4,5.0,t,0,264,46,74,0.5,0.5,1.0,4.143134726391533
Crocker Amazon,37.71016,-122.44262,Entire home/apt,6,35,4.77,f,30,365,46,57,0.5,0.4166666666666667,0.5,5.541263545158426
South of Market,37.77543,-122.41416,Private room,2,28,4.57,f,8,320,45,76,0.5,0.5,0.5,4.897839799950911
Downtown/Civic Center,37.7890848,-122.4129685,Entire home/apt,6,4,5.0,f,7,296,49,63,0.5,0.3333333333333333,0.6666666666666666,5.988961416889864
Russian Hill,37.79941,-122.41859,Entire home/apt,2,12,4.42,f,0,335,25,42,0.5,0.5,0.5,4.890349128221754
Chinatown,37.79172,-122.40661,Entire home/apt,3,55,4.93,t,12,27,49,88,0.0,0.3333333333333333,0.6666666666666666,5.480638923341991
North Beach,37.80547,-122.41684,Entire home/apt,4,0,0.0,t,27,361,48,70,0.0,0.25,0.25,6.315358001522335
Haight Ashbury,37.76829,-122.43968,Entire home/apt,4,13,5.0,f,0,304,72,59,0.5,0.5,0.75,6.104793232414985
Financial District,37.7882187,-122.4030532,Entire home/apt,4,0,0.0,t,16,271,42,68,0.25,0.25,0.5,6.680854678790215
Chinatown,37.7936,-122.4075,Private room,4,264,4.92,t,16,305,64,76,0.25,0.375,0.5,5.062595033026967
Western Addition,37.774922342267125,-122.42392832897684,Entire home/apt,2,1,5.0,f,0,304,50,65,0.5,0.5,0.0,4.499809670330265
Russian Hill,37.80127,-122.41651,Entire home/apt,6,12,5.0,t,0,275,17,56,0.5,0.3333333333333333,0.6666666666666666,6.345636360828596
Downtown/Civic Center,37.7787601,-122.4222545,Entire home/apt,2,1,5.0,f,23,220,34,54,0.0,0.0,0.5,4.919980925828125
Financial District,37.7882187,-122.4030532,Entire home/apt,6,0,0.0,t,2,291,44,68,0.3333333333333333,0.3333333333333333,0.5,7.007600613951853
Outer Richmond,37.77434,-122.48888,Entire home/apt,2,447,4.86,t,8,146,40,78,0.5,0.5,0.5,4.7535901911063645
Nob Hill,37.79586,-122.41915,Private room,2,27,4.67,t,0,233,16,17,0.0,0.5,0.5,3.912023005428146
Nob Hill,37.79617,-122.41428,Entire home/apt,2,88,4.89,t,0,61,27,33,0.5,0.5,0.5,5.135798437050262
Downtown/Civic Center,37.78877,-122.4098,Entire home/apt,4,1,5.0,t,0,322,12,28,0.25,0.25,0.5,5.645446897643238
Downtown/Civic Center,37.7890848,-122.4129685,Entire home/apt,4,7,5.0,f,19,299,50,69,0.25,0.25,0.5,5.662960480135946
Western Addition,37.7782525,-122.4442989,Entire home/apt,3,3,5.0,t,5,297,25,73,0.3333333333333333,0.3333333333333333,0.3333333333333333,4.90527477843843
Downtown/Civic Center,37.78893,-122.40919,Entire home/apt,4,55,4.85,t,5,5,36,79,0.0,0.25,0.5,5.857933154483459
North Beach,37.7987,-122.40397,Entire home/apt,4,2,4.5,t,0,184,30,0,1.0,0.5,1.0,5.241747015059643
Bayview,37.73616,-122.39354,Entire home/apt,2,15,4.87,t,0,243,15,28,0.5,0.5,1.0,4.6913478822291435
South of Market,37.77442327839142,-122.40920669712166,Entire home/apt,4,3,5.0,f,5,340,7,34,0.25,0.25,0.25,5.170483995038151
Marina,37.7993567621276,-122.44656109612984,Entire home/apt,4,26,4.88,t,3,199,37,81,0.25,0.25,0.5,5.572154032177765
Bernal Heights,37.74276,-122.41296,Entire home/apt,2,361,4.96,t,4,209,50,83,0.5,0.5,0.5,4.962844630259907
Noe Valley,37.74994,-122.44068,Entire home/apt,2,23,5.0,t,0,114,33,36,0.5,0.5,0.5,4.8283137373023015
Noe Valley,37.75155,-122.43637,Entire home/apt,4,42,5.0,t,2,57,57,71,0.5,0.5,0.5,6.206575926724928
Western Addition,37.77179,-122.43318,Entire home/apt,4,0,0.0,f,23,219,15,40,0.5,0.5,0.75,6.263398262591624
Nob Hill,37.79356,-122.41208,Entire home/apt,2,6,4.17,f,4,335,24,85,0.0,0.5,1.0,4.8283137373023015
Bernal Heights,37.74038314819336,-122.42191314697266,Private room,2,656,4.93,t,17,338,60,63,0.5,0.5,1.0,4.962844630259907
Outer Mission,37.72912,-122.44475,Entire home/apt,2,810,4.9,t,13,231,32,79,0.5,0.5,0.5,4.718498871295094
Mission,37.75119,-122.41427,Entire home/apt,2,260,4.98,t,0,21,53,82,0.5,0.5,0.5,5.220355825078324
Bernal Heights,37.74489228109915,-122.41067783543298,Entire home/apt,6,34,4.85,f,3,210,51,86,0.5,0.5,0.5,5.537334267018537
Ocean View,37.71923330271012,-122.45004237135372,Private room,1,0,0.0,t,0,240,45,35,1.0,1.0,1.0,4.1588830833596715
Downtown/Civic Center,37.7884146,-122.4215935,Private room,2,0,0.0,f,30,365,35,49,0.5,0.5,0.5,5.572154032177765
Castro/Upper Market,37.75911,-122.43375,Private room,2,26,4.73,f,21,353,47,80,0.5,1.0,1.0,4.564348191467836
Excelsior,37.71738,-122.43535,Entire home/apt,2,63,4.94,t,8,235,46,87,0.5,0.5,0.5,4.919980925828125
Presidio Heights,37.78256680951928,-122.45327214425164,Entire home/apt,2,118,4.91,t,6,335,37,39,0.5,0.5,0.5,4.897839799950911
Castro/Upper Market,37.7648221,-122.4364275,Entire home/apt,6,0,0.0,f,28,363,66,0,0.5,0.3333333333333333,0.5,7.629489916393995
Downtown/Civic Center,37.7737829,-122.4218176,Entire home/apt,4,0,0.0,f,30,365,9,0,0.25,0.25,0.75,5.783825182329737
Haight Ashbury,37.77134962335517,-122.44294858142614,Entire home/apt,11,1,5.0,f,27,267,9,14,0.36363636363636365,0.09090909090909091,0.36363636363636365,6.802394763324311
Downtown/Civic Center,37.78476707123627,-122.40725543097548,Private room,2,28,4.79,t,24,156,22,73,0.5,0.5,0.5,5.402677381872279
Inner Richmond,37.78476,-122.46113,Private room,2,18,5.0,t,13,43,40,48,0.5,0.5,0.5,4.584967478670572
Twin Peaks,37.74787,-122.44669,Entire home/apt,4,73,4.95,t,21,24,54,63,0.5,0.25,0.5,5.963579343618446
Mission,37.7627,-122.41665,Entire home/apt,8,74,4.91,f,0,335,46,81,0.5,0.25,0.5,5.940171252720432
Downtown/Civic Center,37.78808,-122.41145,Entire home/apt,3,13,4.85,t,0,7,20,74,0.0,0.3333333333333333,1.0,4.605170185988092
Excelsior,37.7301815,-122.4138755,Private room,2,27,4.81,t,17,257,20,10,0.5,0.5,0.5,3.9512437185814275
Downtown/Civic Center,37.7889904,-122.4127915,Entire home/apt,6,0,0.0,f,7,295,52,63,0.5,0.3333333333333333,0.5,6.056784013228625
Western Addition,37.77517419511488,-122.42755065762118,Entire home/apt,2,0,0.0,f,29,364,49,76,0.5,0.5,0.5,5.19295685089021
Lakeshore,37.73343,-122.48879,Private room,2,338,4.86,f,9,312,30,79,0.5,0.25,0.5,4.406719247264253
Western Addition,37.78433,-122.44213,Private room,1,10,4.9,t,0,122,22,69,1.0,1.0,1.0,4.276666119016055
Excelsior,37.7316,-122.41374,Entire home/apt,4,3,5.0,f,0,319,44,32,0.75,0.5,1.25,5.41610040220442
Nob Hill,37.796,-122.41101,Entire home/apt,4,13,5.0,t,0,150,66,80,0.25,0.25,0.5,5.0689042022202315
Excelsior,37.71592,-122.43258,Private room,1,60,4.9,t,28,178,22,54,1.0,1.0,1.0,3.912023005428146
Downtown/Civic Center,37.77737573980421,-122.41721351961372,Private room,2,0,0.0,f,0,323,15,70,0.5,1.0,0.5,3.9318256327243257
Outer Sunset,37.760324,-122.4770855,Private room,2,3,4.67,f,0,283,39,91,0.5,0.5,0.5,4.110873864173311
Outer Richmond,37.77256,-122.50069,Private room,4,0,0.0,f,2,323,28,65,0.5,0.25,0.75,4.962844630259907
Potrero Hill,37.761517431388576,-122.3875359646517,Entire home/apt,4,0,0.0,f,16,150,31,69,0.25,0.25,0.25,5.84354441703136
Parkside,37.74108,-122.47617,Private room,2,5,5.0,t,28,264,28,67,0.5,0.5,0.5,4.418840607796598
Outer Richmond,37.78084,-122.48673,Entire home/apt,2,10,5.0,t,20,325,10,9,0.5,0.5,0.5,4.6913478822291435
Marina,37.79856348424222,-122.44106841832466,Shared room,1,91,4.52,f,30,122,15,81,1.0,1.5,16.0,4.060443010546419
Financial District,37.79581,-122.40504,Entire home/apt,2,0,0.0,f,28,363,50,80,0.5,0.5,0.5,6.498282149476434
Nob Hill,37.7916084,-122.4159931,Entire home/apt,10,1,5.0,f,0,305,45,75,0.5,0.35,0.5,6.20455776256869
Outer Sunset,37.76448,-122.47872,Entire home/apt,3,4,5.0,t,26,57,57,14,0.3333333333333333,0.6666666666666666,0.3333333333333333,5.049856007249537
South of Market,37.77655,-122.41538,Private room,1,87,4.31,f,30,362,49,67,1.0,1.0,1.0,4.718498871295094
Castro/Upper Market,37.76089,-122.43059,Entire home/apt,4,8,5.0,f,2,38,67,67,0.5,0.375,0.5,5.298317366548036
Ocean View,37.71278796093625,-122.46982739053182,Private room,2,0,0.0,f,30,365,25,79,0.5,0.5,0.5,4.330733340286331
Western Addition,37.77989,-122.43979,Entire home/apt,2,79,4.58,t,0,330,22,41,0.5,0.5,1.0,4.465908118654584
Nob Hill,37.79389,-122.41949,Entire home/apt,2,17,4.71,t,5,58,26,54,0.0,0.0,0.5,3.9889840465642745
Western Addition,37.787003,-122.4238528,Private room,2,1,5.0,f,25,317,6,71,0.5,0.5,0.5,6.302618975744905
Financial District,37.79203,-122.40284,Entire home/apt,2,33,4.5,t,6,216,32,76,0.0,0.5,0.5,4.442651256490317
Downtown/Civic Center,37.7878653,-122.4104163,Entire home/apt,4,5,5.0,f,18,224,51,75,0.0,0.25,0.5,5.41610040220442
Mission,37.74921,-122.41422,Entire home/apt,2,444,4.69,t,0,60,31,64,0.5,0.5,0.5,5.572154032177765
Pacific Heights,37.7908479,-122.435288,Entire home/apt,2,8,5.0,f,5,308,33,5,0.0,0.5,0.5,4.553876891600541
Marina,37.80499,-122.44473,Entire home/apt,5,1,5.0,f,0,309,67,74,0.6,0.4,0.6,5.966146739123692
Pacific Heights,37.79418,-122.44501,Entire home/apt,4,0,0.0,t,28,363,42,59,0.5,0.625,0.5,7.6544432264701125
Ocean View,37.72219,-122.45448,Entire home/apt,6,161,4.96,t,14,287,56,91,0.3333333333333333,0.16666666666666666,0.5,4.859812404361672
Outer Sunset,37.75045,-122.48894,Private room,2,236,4.79,t,11,297,33,46,0.5,1.0,0.5,4.330733340286331
Haight Ashbury,37.77196,-122.44098,Entire home/apt,4,85,4.79,f,27,88,25,65,0.5,0.25,0.5,5.303304908059076
Inner Richmond,37.78675,-122.47588,Entire home/apt,2,15,4.87,t,15,267,47,69,0.5,0.5,0.5,5.14166355650266
South of Market,37.78201,-122.39834,Entire home/apt,2,9,4.78,f,2,297,55,74,0.5,0.5,0.5,4.882801922586371
Nob Hill,37.79026512890576,-122.4199741849568,Private room,1,2,4.0,f,17,352,12,35,1.0,1.0,1.0,4.343805421853684
Mission,37.7528,-122.41415,Private room,2,102,4.83,t,4,224,42,79,0.5,0.5,0.5,4.465908118654584
Potrero Hill,37.75552051971504,-122.40163441904906,Entire home/apt,2,111,4.84,t,6,296,37,84,0.5,0.5,0.5,4.795790545596741
Outer Richmond,37.77391,-122.50477,Entire home/apt,2,251,4.85,f,15,337,34,72,0.0,0.5,0.5,4.997212273764115
Bayview,37.73182,-122.38605,Private room,1,192,4.9,t,12,178,30,88,1.0,1.0,1.0,4.07753744390572
Outer Sunset,37.756784,-122.5005196,Private room,2,50,4.86,t,16,251,10,4,0.5,0.75,1.0,4.04305126783455
Outer Mission,37.71586,-122.44468,Entire home/apt,4,178,4.89,t,15,245,25,67,0.25,0.25,0.5,4.74493212836325
Downtown/Civic Center,37.7889904,-122.4127915,Entire home/apt,4,0,0.0,t,3,3,20,82,0.25,0.25,0.5,5.337538079701318
Inner Sunset,37.76477,-122.47048,Entire home/apt,4,331,4.97,f,17,17,35,68,0.5,0.5,0.5,6.373319789577012
Downtown/Civic Center,37.777394201670205,-122.41912642093888,Private room,2,2,4.5,f,0,169,12,32,0.5,0.5,0.5,4.04305126783455
Downtown/Civic Center,37.786788767132045,-122.41015895298494,Entire home/apt,2,0,0.0,t,13,13,37,66,0.0,0.5,1.0,5.5254529391317835
Western Addition,37.77817,-122.44604,Entire home/apt,4,24,4.79,f,0,304,58,57,0.75,0.25,0.75,6.733401891837359
Mission,37.75896,-122.40721,Entire home/apt,2,47,5.0,t,1,186,38,45,0.5,0.5,0.5,4.8283137373023015
Downtown/Civic Center,37.78976823382133,-122.41179856570156,Entire home/apt,4,8,5.0,t,22,115,46,79,0.25,0.25,0.5,5.459585514144159
Noe Valley,37.75163,-122.44162,Entire home/apt,1,48,5.0,f,30,270,40,83,2.0,1.0,1.0,5.384495062789089
Russian Hill,37.79727,-122.42344,Entire home/apt,2,17,4.94,t,0,243,64,50,0.5,0.5,1.0,4.859812404361672
Potrero Hill,37.76083297128104,-122.40279603250517,Entire home/apt,2,14,4.86,t,15,310,55,17,0.5,0.5,1.0,5.556828061699537
Visitacion Valley,37.71134442681461,-122.40448795589634,Private room,2,45,4.89,t,3,318,23,57,0.5,0.5,0.5,4.0943445622221
Outer Sunset,37.76399,-122.47909,Private room,2,0,0.0,t,5,340,15,80,0.5,0.5,0.0,4.04305126783455
Downtown/Civic Center,37.7885796,-122.4159416,Hotel room,4,0,0.0,t,30,325,22,24,0.25,0.25,0.0,5.545177444479562
Bayview,37.73247,-122.39414,Entire home/apt,4,4,5.0,f,0,335,68,50,0.5,0.25,0.5,5.204006687076795
Ocean View,37.72257414964657,-122.469432081412,Private room,2,3,5.0,f,30,359,47,82,0.5,0.5,0.5,4.3694478524670215
Downtown/Civic Center,37.77912,-122.42322,Entire home/apt,2,1,5.0,t,19,44,17,51,0.0,0.5,0.5,4.574710978503383
Ocean View,37.721746269898006,-122.45058573782444,Entire home/apt,2,0,0.0,t,0,93,37,86,0.0,0.5,0.5,4.219507705176107
Western Addition,37.78203,-122.4419,Private room,2,167,4.89,t,9,62,16,95,0.5,0.5,0.5,4.51085950651685
South of Market,37.7793,-122.41096,Hotel room,2,89,4.6,f,0,0,15,40,0.5,0.5,0.5,4.90527477843843
Outer Sunset,37.76384,-122.47878,Private room,2,153,4.77,t,30,87,37,67,0.5,0.5,0.5,5.19295685089021
Marina,37.8037,-122.44263,Entire home/apt,2,3,5.0,f,18,345,55,75,0.5,0.5,0.5,5.594711379601839
South of Market,37.784947,-122.405767,Private room,2,1016,4.77,t,24,100,20,23,0.5,0.5,0.5,5.298317366548036
Potrero Hill,37.75764,-122.40038,Entire home/apt,4,279,4.84,t,15,155,52,78,0.25,0.25,0.5,5.4638318050256105
Mission,37.75158,-122.40776,Entire home/apt,6,1,5.0,f,0,60,30,74,0.5,0.16666666666666666,0.5,5.14166355650266
South of Market,37.78524,-122.39687,Private room,2,10,5.0,t,2,2,52,49,0.5,0.5,0.5,4.653960350157523
Chinatown,37.79222,-122.40815,Entire home/apt,4,6,5.0,t,2,148,45,73,0.25,0.25,0.5,5.71042701737487
Bayview,37.729,-122.38656,Entire home/apt,2,7,4.57,f,19,73,45,87,0.5,0.5,0.5,4.48863636973214
Outer Richmond,37.7790734,-122.5023249,Private room,2,45,4.73,f,10,233,14,9,0.5,0.5,0.5,3.8066624897703196
Western Addition,37.78726,-122.4228,Private room,2,2,5.0,f,16,273,16,65,0.5,0.5,0.5,5.60947179518496
South of Market,37.77527,-122.39084,Entire home/apt,2,3,4.0,t,5,258,71,36,0.5,0.5,0.5,5.5909869805108565
Noe Valley,37.75007,-122.42532,Private room,2,71,4.97,t,14,332,50,67,0.5,0.5,0.5,5.298317366548036
Downtown/Civic Center,37.7884146,-122.4215935,Private room,2,0,0.0,f,30,365,34,46,0.5,0.5,0.5,5.572154032177765
Castro/Upper Market,37.76165,-122.42766,Entire home/apt,2,3,3.67,f,0,150,30,32,0.5,0.5,0.0,4.51085950651685
Inner Richmond,37.78553,-122.47062,Entire home/apt,3,16,4.88,t,0,101,57,77,0.6666666666666666,0.3333333333333333,0.6666666666666666,4.564348191467836
Downtown/Civic Center,37.78790095451888,-122.42015392878504,Entire home/apt,2,22,4.91,t,0,216,46,78,0.5,0.5,0.5,5.560681631015528
South of Market,37.78183133989766,-122.39822662765832,Private room,1,2,5.0,t,11,79,25,64,1.0,1.0,1.0,4.532599493153256
Parkside,37.73875,-122.49095,Entire home/apt,4,229,4.78,t,5,282,39,78,0.0,0.25,0.5,4.59511985013459
Downtown/Civic Center,37.7884146,-122.4215935,Private room,2,0,0.0,f,30,365,34,49,0.5,0.5,0.5,5.572154032177765
Haight Ashbury,37.77183,-122.44454,Entire home/apt,9,60,4.67,f,21,352,37,78,0.4444444444444444,0.16666666666666666,0.5555555555555556,6.102558594613569
Inner Sunset,37.75989,-122.46528,Private room,1,35,4.94,t,25,72,35,78,1.0,1.0,1.0,4.605170185988092
South of Market,37.77695,-122.40892,Entire home/apt,2,2,4.0,f,19,127,23,80,0.5,0.5,0.5,4.727387818712341
Outer Richmond,37.77548,-122.49143,Entire home/apt,2,101,4.87,t,18,35,34,85,0.5,0.5,0.5,5.049856007249537
Outer Sunset,37.74844,-122.49186,Private room,3,545,4.88,t,3,270,44,96,0.3333333333333333,0.3333333333333333,0.6666666666666666,4.23410650459726
Inner Richmond,37.78517,-122.46989,Entire home/apt,2,171,4.78,t,8,217,22,14,0.5,0.5,0.5,4.804021044733257
Mission,37.751722494607954,-122.42145603775538,Private room,2,0,0.0,f,6,320,12,74,0.5,0.5,0.5,5.298317366548036
South of Market,37.77523406377216,-122.38830115646124,Entire home/apt,3,19,4.95,f,0,36,60,62,0.3333333333333333,0.3333333333333333,0.3333333333333333,6.805722553416985
Outer Richmond,37.77848696172849,-122.50062198331332,Private room,2,0,0.0,t,0,108,44,71,0.5,0.5,1.0,4.442651256490317
Castro/Upper Market,37.75655,-122.43645,Entire home/apt,5,7,5.0,f,0,273,65,25,0.6,0.5,0.8,6.551080335043404
Outer Sunset,37.75962,-122.49753,Entire home/apt,6,25,4.96,t,7,88,62,77,0.5,0.5,0.6666666666666666,6.651571873589727
Bayview,37.71992,-122.39248,Private room,2,21,4.76,t,0,331,40,62,0.5,0.5,1.0,4.276666119016055
Outer Richmond,37.776207954102446,-122.4811103773057,Private room,2,1,5.0,t,29,179,42,38,0.5,0.5,0.5,5.0689042022202315
Marina,37.80541,-122.44262,Entire home/apt,2,1,5.0,f,0,31,18,27,0.5,0.5,0.5,5.181783550292085
Financial District,37.78599,-122.4035,Entire home/apt,2,0,0.0,f,28,363,48,67,0.5,0.5,0.5,6.670766320845874
Outer Richmond,37.77499990840169,-122.507994370277,Entire home/apt,4,14,4.93,f,5,262,33,90,0.25,0.25,0.5,5.003946305945459
Mission,37.7577214,-122.4159662,Entire home/apt,2,72,4.93,t,4,237,42,51,0.5,0.5,0.5,5.220355825078324
West of Twin Peaks,37.73933,-122.44767,Entire home/apt,4,286,4.89,t,20,200,63,57,0.0,0.25,0.25,4.59511985013459
South of Market,37.77732,-122.41123,Private room,1,12,4.58,f,0,253,52,24,1.0,1.0,1.0,4.605170185988092
Potrero Hill,37.75993,-122.39251,Entire home/apt,4,0,0.0,t,0,60,9,82,0.5,0.25,0.5,5.924255797414532
Inner Richmond,37.7758218,-122.4737761,Entire home/apt,1,2,5.0,t,0,223,45,75,0.0,1.0,1.0,5.043425116919247
Crocker Amazon,37.70894,-122.44825,Private room,1,26,4.5,f,1,336,26,63,1.0,2.0,1.0,4.290459441148391
Excelsior,37.73008,-122.42677,Private room,2,16,5.0,t,11,323,49,12,0.5,0.5,0.5,3.9889840465642745
Castro/Upper Market,37.76218,-122.42672,Entire home/apt,2,9,4.89,t,0,275,28,78,0.5,0.5,0.5,5.2574953720277815
Diamond Heights,37.73666,-122.44309,Entire home/apt,7,31,4.84,f,0,24,66,83,0.5714285714285714,0.2857142857142857,0.7142857142857143,6.368187186350492
Noe Valley,37.74667,-122.42647,Entire home/apt,3,173,4.84,t,1,256,34,80,0.6666666666666666,0.3333333333333333,0.6666666666666666,4.890349128221754
Outer Mission,37.73045656144466,-122.44611192181571,Entire home/apt,5,7,5.0,f,0,116,22,63,0.6,0.4,0.8,5.176149732573829
Visitacion Valley,37.71799,-122.40414,Private room,6,120,4.96,t,21,111,78,73,0.5,0.3333333333333333,0.5,5.783825182329737
Downtown/Civic Center,37.7884146,-122.4215935,Private room,2,0,0.0,f,30,365,35,49,0.5,0.5,0.5,5.572154032177765
Crocker Amazon,37.70947,-122.42849,Entire home/apt,2,30,4.7,f,22,349,41,78,0.5,0.5,1.0,4.653960350157523
South of Market,37.7831834,-122.3991177,Entire home/apt,6,0,0.0,f,29,364,44,68,0.3333333333333333,0.3333333333333333,0.3333333333333333,5.68697535633982
Marina,37.8009199,-122.4258129,Private room,4,5,4.2,f,13,315,9,27,0.25,0.25,1.0,5.37989735354046
Excelsior,37.73243657284324,-122.40788642298271,Private room,2,10,4.4,f,18,168,34,41,0.5,1.0,0.5,3.970291913552122
Noe Valley,37.74391568115185,-122.42849332211118,Entire home/apt,4,3,5.0,f,5,267,40,80,0.5,0.375,0.5,6.472346294500901
Western Addition,37.77633,-122.44402,Entire home/apt,4,20,5.0,t,0,331,67,85,0.25,0.25,0.5,5.1647859739235145
Inner Sunset,37.75733,-122.47541,Private room,2,23,4.83,f,12,207,16,83,0.5,0.5,0.5,5.181783550292085
South of Market,37.77942,-122.41257,Private room,2,0,0.0,t,30,365,10,0,0.5,0.5,0.5,5.081404364984463
Downtown/Civic Center,37.7889904,-122.4127915,Entire home/apt,6,0,0.0,t,7,295,52,63,0.5,0.3333333333333333,0.5,5.976350909297934
Bernal Heights,37.74065196,-122.40872144,Entire home/apt,9,31,4.97,t,0,0,69,66,0.3333333333333333,0.3333333333333333,0.6666666666666666,5.857933154483459
Pacific Heights,37.79117,-122.43094,Entire home/apt,2,76,4.58,f,17,283,33,79,0.0,0.5,0.5,6.779921907472252
Financial District,37.78927,-122.40666,Private room,1,126,4.44,f,29,211,15,69,1.0,1.0,1.0,4.465908118654584
Western Addition,37.78487,-122.44063,Private room,1,18,5.0,t,0,320,53,81,1.0,1.0,1.0,4.290459441148391
Outer Richmond,37.7768295,-122.5004122,Entire home/apt,4,10,4.0,f,2,94,31,49,0.5,0.25,0.5,5.4638318050256105
Downtown/Civic Center,37.7889904,-122.4127915,Entire home/apt,6,1,4.0,f,7,295,52,63,0.5,0.3333333333333333,0.5,6.056784013228625
North Beach,37.80514,-122.41139,Private room,5,30,4.93,t,6,294,14,73,0.2,0.2,0.6,5.948034989180646
Downtown/Civic Center,37.7851394,-122.4097605,Private room,1,1,4.0,f,1,298,44,52,1.0,4.0,1.0,4.31748811353631
South of Market,37.77124,-122.41915,Private room,1,67,4.91,t,11,71,55,75,1.0,1.0,1.0,4.867534450455582
Noe Valley,37.74798,-122.42827,Entire home/apt,4,129,4.88,t,2,199,48,73,0.25,0.25,0.5,4.882801922586371
Downtown/Civic Center,37.78858,-122.41594,Hotel room,8,0,0.0,t,30,331,22,24,0.25,0.25,0.0,6.2878585601617845
Haight Ashbury,37.77159,-122.43774,Entire home/apt,8,89,4.69,t,10,310,46,63,0.5,0.125,0.75,5.60947179518496
Outer Richmond,37.780388746984,-122.48511893169054,Entire home/apt,4,12,4.25,f,0,180,39,59,0.5,0.25,0.5,4.718498871295094
Outer Mission,37.72774,-122.43385,Entire home/apt,5,41,4.83,t,6,215,38,75,0.4,0.2,0.6,4.74493212836325
Downtown/Civic Center,37.7889369,-122.412607,Private room,5,1,5.0,f,29,265,22,73,0.2,0.2,0.4,6.522092798170152
Ocean View,37.72437,-122.47036,Private room,2,54,4.63,t,29,364,28,13,0.5,0.5,0.5,4.02535169073515
South of Market,37.77568,-122.3891846,Entire home/apt,5,1,5.0,t,21,356,13,75,0.4,0.4,0.6,7.32052696227274
Haight Ashbury,37.76474568758332,-122.45132665064654,Entire home/apt,8,1,5.0,t,0,301,50,75,0.5,0.125,0.5,5.886104031450156
Mission,37.75223,-122.42439,Entire home/apt,2,7,4.86,f,0,239,15,75,0.0,0.5,0.5,4.6443908991413725
Inner Richmond,37.78158,-122.47609,Private room,2,13,4.69,f,0,330,7,46,0.5,0.5,0.5,4.382026634673881
Bayview,37.72945,-122.3716,Entire home/apt,6,1,5.0,f,0,93,33,80,0.3333333333333333,0.25,0.5,5.3230099791384085
Noe Valley,37.74768829345703,-122.42521667480467,Private room,2,285,4.98,t,7,219,49,76,0.5,0.5,0.5,4.31748811353631
Haight Ashbury,37.768,-122.44758,Entire home/apt,6,0,0.0,f,0,274,33,14,0.5,0.16666666666666666,0.5,5.652489180268651
Russian Hill,37.79979,-122.42008,Entire home/apt,6,72,4.97,f,15,316,61,79,0.5,0.3333333333333333,0.5,6.5998704992128365
South of Market,37.78801727294922,-122.38972473144533,Entire home/apt,4,34,4.64,f,0,259,45,69,0.5,0.5,0.5,5.247024072160486
Downtown/Civic Center,37.7878653,-122.4104163,Entire home/apt,4,3,5.0,t,14,220,50,75,0.0,0.25,0.5,5.517452896464707
Inner Richmond,37.7808,-122.46961,Private room,2,105,4.93,t,2,18,30,83,0.5,0.5,0.5,4.30406509320417
Visitacion Valley,37.71622,-122.43053,Private room,5,340,4.86,t,10,345,29,74,0.2,0.2,0.6,4.276666119016055
Inner Richmond,37.78299,-122.47593,Entire home/apt,2,19,5.0,t,19,335,44,53,0.5,0.5,0.5,4.8283137373023015
Nob Hill,37.79398,-122.41695,Entire home/apt,4,2,5.0,f,1,295,38,87,0.25,0.25,0.5,5.3471075307174685
Downtown/Civic Center,37.7884146,-122.4215935,Private room,2,1,4.0,f,30,365,35,66,0.5,0.5,0.5,5.572154032177765
Mission,37.75798,-122.41473,Entire home/apt,4,5,5.0,f,23,254,29,51,0.5,0.625,0.5,6.214608098422191
Russian Hill,37.80213,-122.41516,Entire home/apt,2,0,0.0,f,23,83,14,70,0.5,0.5,0.5,5.10594547390058
Mission,37.75055,-122.41546,Entire home/apt,5,59,4.83,t,8,69,20,27,0.4,0.2,0.6,5.5134287461649825
Marina,37.80249,-122.44539,Entire home/apt,2,13,5.0,t,0,115,55,73,0.5,0.5,0.5,5.19295685089021
Russian Hill,37.79939,-122.41346,Entire home/apt,4,0,0.0,f,0,304,24,20,0.5,0.5,0.5,5.429345628954441
Western Addition,37.78756,-122.42263,Private room,2,6,3.83,f,30,365,35,69,0.5,0.5,0.5,5.572154032177765
Downtown/Civic Center,37.77763,-122.42285,Entire home/apt,2,4,5.0,t,20,52,32,37,0.0,0.5,0.5,4.382026634673881
Downtown/Civic Center,37.787836476686095,-122.41147412660337,Entire home/apt,4,5,4.8,t,23,116,48,79,0.25,0.25,0.5,5.459585514144159
Downtown/Civic Center,37.77936741235845,-122.42331027039089,Entire home/apt,2,0,0.0,f,24,62,16,54,0.0,0.5,0.5,4.820281565605037
Outer Sunset,37.74692,-122.50073,Entire home/apt,3,0,0.0,f,0,160,15,71,0.6666666666666666,0.3333333333333333,0.6666666666666666,4.836281906951478
Marina,37.79886,-122.43266,Private room,1,8,4.5,t,0,326,20,82,1.0,1.0,1.0,4.127134385045092
Parkside,37.73764080450728,-122.47840734244087,Private room,2,67,4.85,f,16,60,29,0,0.5,0.5,0.5,4.343805421853684
West of Twin Peaks,37.72937,-122.46126,Entire home/apt,5,121,4.84,t,6,230,30,53,0.4,0.2,0.4,5.308267697401205
Parkside,37.74024,-122.47209,Entire home/apt,5,467,4.86,t,17,132,44,78,0.4,0.4,0.4,4.948759890378168
Outer Richmond,37.77445,-122.50826,Entire home/apt,4,418,4.81,f,8,30,31,76,0.5,0.25,0.75,5.117993812416755
South of Market,37.7749081,-122.4013504,Entire home/apt,4,0,0.0,f,0,330,19,67,0.5,0.5,1.0,5.303304908059076
Outer Richmond,37.7805744,-122.4909883,Entire home/apt,8,27,4.85,t,23,358,81,79,0.375,0.25,0.5,5.955837369464831
Bayview,37.73804,-122.39217,Entire home/apt,4,121,4.85,t,9,35,61,94,0.25,0.5,0.75,4.77912349311153
Mission,37.76651,-122.42593,Entire home/apt,5,8,5.0,t,2,300,46,44,0.6,0.4,0.6,5.429345628954441
Bernal Heights,37.73339,-122.42694,Private room,1,26,5.0,f,11,286,32,14,1.0,2.0,1.0,3.713572066704308
Bernal Heights,37.74109,-122.42345,Entire home/apt,4,19,4.32,f,0,145,47,83,0.5,0.25,0.5,4.68213122712422
Inner Sunset,37.76341,-122.47353,Private room,1,8,4.5,f,0,332,7,7,1.0,1.0,1.0,3.6888794541139363
Noe Valley,37.7498726,-122.4392861,Entire home/apt,4,81,4.89,t,8,235,53,82,0.25,0.25,1.0,5.0106352940962555
Outer Sunset,37.76025,-122.48133,Private room,4,175,4.89,t,9,228,29,39,0.25,0.25,0.5,4.406719247264253
West of Twin Peaks,37.73519,-122.46446,Private room,1,67,4.87,t,29,269,27,78,1.0,3.0,1.0,3.9318256327243257
Castro/Upper Market,37.76071,-122.44102,Entire home/apt,5,6,5.0,t,30,90,12,43,0.4,0.2,0.4,5.886104031450156
Parkside,37.74008,-122.48094,Entire home/apt,4,156,4.94,t,16,138,41,79,0.5,0.25,0.5,4.718498871295094
Downtown/Civic Center,37.7889904,-122.4127915,Entire home/apt,4,0,0.0,f,19,308,48,69,0.25,0.25,0.5,5.652489180268651
South of Market,37.772,-122.39028,Entire home/apt,2,0,0.0,t,8,310,53,68,0.5,0.5,0.5,5.54907608489522
Haight Ashbury,37.77316,-122.44788,Entire home/apt,4,25,4.88,f,0,260,28,69,0.5,0.375,0.5,5.71042701737487
Downtown/Civic Center,37.78476,-122.41657,Entire home/apt,5,2,4.0,f,2,241,21,86,0.0,0.2,0.2,4.736198448394496
Russian Hill,37.80491,-122.42271,Entire home/apt,4,254,4.83,t,14,232,34,46,0.5,0.25,0.5,5.926926025970411
Outer Sunset,37.75792748208189,-122.49740684460916,Entire home/apt,10,12,5.0,t,18,203,97,82,0.5,0.35,0.7,7.133295954896068
Twin Peaks,37.75776,-122.44626,Entire home/apt,2,4,5.0,f,0,96,43,76,0.5,0.5,0.5,5.459585514144159
Potrero Hill,37.75803,-122.3999,Entire home/apt,8,0,0.0,f,0,92,65,75,0.625,0.4375,0.75,6.927557906278317
South of Market,37.7776592,-122.4142959,Hotel room,8,0,0.0,f,25,347,23,46,0.25,0.25,0.0,6.0112671744041615
West of Twin Peaks,37.74107,-122.46294,Entire home/apt,4,190,4.92,t,14,249,24,51,0.5,0.25,0.5,5.272999558563747
Inner Richmond,37.77911,-122.4482,Entire home/apt,4,73,4.97,f,23,83,31,70,0.25,0.25,0.25,5.707110264748875
Outer Sunset,37.7479,-122.48832,Entire home/apt,5,7,5.0,t,9,208,55,58,0.4,0.4,0.6,5.7899601708972535
Financial District,37.78786,-122.40353,Private room,2,2,5.0,t,23,150,21,71,0.5,0.5,0.5,5.905361848054571
Downtown/Civic Center,37.77797321628151,-122.4217013434216,Entire home/apt,2,3,5.0,t,12,38,34,37,0.0,0.5,0.5,4.343805421853684
Inner Richmond,37.78225,-122.47431,Entire home/apt,2,13,5.0,f,9,252,13,9,0.5,0.5,0.5,4.553876891600541
Castro/Upper Market,37.7683,-122.43016,Entire home/apt,4,219,4.78,f,0,274,11,50,0.5,0.5,0.5,5.877735781779639
Russian Hill,37.8013746,-122.4145776,Entire home/apt,4,2,5.0,f,0,31,13,77,0.5,0.25,0.5,6.396929655216146
Western Addition,37.77145,-122.43303,Entire home/apt,8,9,4.78,t,18,266,60,85,0.375,0.25,0.5,6.464588303689961
South of Market,37.7744,-122.40033,Entire home/apt,4,18,4.94,f,25,185,65,36,0.5,0.5,0.5,5.648974238161206
Ocean View,37.70950380000001,-122.4624159,Private room,1,0,0.0,t,30,365,10,75,1.0,1.0,1.0,4.007333185232471
Marina,37.80232876187122,-122.4455913952588,Entire home/apt,6,20,4.7,f,0,290,49,14,0.5,0.5,0.6666666666666666,5.652489180268651
Haight Ashbury,37.76246273094284,-122.44830300363712,Private room,1,1,5.0,f,0,92,18,90,1.0,2.0,3.0,4.477336814478207
Downtown/Civic Center,37.78985,-122.40814,Entire home/apt,3,4,5.0,t,0,4,21,50,0.3333333333333333,0.3333333333333333,0.6666666666666666,4.605170185988092
Mission,37.76639,-122.41958,Private room,1,12,5.0,t,0,236,42,80,1.0,1.5,1.0,4.174387269895637
Nob Hill,37.79611,-122.41364,Entire home/apt,2,19,4.95,t,0,245,36,77,0.0,0.5,1.0,4.51085950651685
Pacific Heights,37.79301,-122.42532,Entire home/apt,2,14,4.93,t,0,63,36,72,0.5,0.5,0.5,5.135798437050262
South of Market,37.77724335939904,-122.4122400368504,Private room,1,1,5.0,f,1,335,15,39,1.0,1.0,1.0,3.6888794541139363
Outer Sunset,37.7536,-122.47797,Entire home/apt,6,346,4.76,f,12,149,30,85,0.3333333333333333,0.3333333333333333,0.6666666666666666,5.099866427824199
Chinatown,37.79488,-122.40518,Entire home/apt,2,3,4.0,t,0,304,25,52,0.5,0.5,1.0,4.653960350157523
Western Addition,37.77377,-122.43614,Entire home/apt,2,25,4.86,f,1,327,38,66,0.5,0.75,0.5,6.267200548541362
Nob Hill,37.79183,-122.40963,Hotel room,2,23,4.09,f,28,363,23,68,0.5,0.5,0.5,5.4638318050256105
Outer Sunset,37.74813,-122.48002,Private room,2,10,4.6,t,17,352,18,77,0.5,0.5,0.5,4.007333185232471
Bernal Heights,37.74541,-122.4085,Entire home/apt,9,204,4.98,t,8,48,72,79,0.3333333333333333,0.2222222222222222,0.6666666666666666,5.991464547107982
Downtown/Civic Center,37.7889904,-122.4127915,Entire home/apt,6,2,5.0,f,10,283,48,69,0.3333333333333333,0.16666666666666666,0.5,5.886104031450156
Downtown/Civic Center,37.7884146,-122.4215935,Private room,2,1,3.0,f,30,365,35,49,0.5,0.5,0.5,5.572154032177765
Financial District,37.79708,-122.4008,Entire home/apt,2,0,0.0,f,30,365,12,66,0.5,0.5,0.5,6.22455842927536
Pacific Heights,37.7893,-122.44513,Private room,2,144,4.94,t,6,301,35,41,0.5,0.5,0.5,5.2832037287379885
Inner Richmond,37.78028715652295,-122.4558254319724,Entire home/apt,6,16,4.69,t,0,147,9,81,0.5,0.3333333333333333,0.6666666666666666,5.863631175598097
Inner Richmond,37.7805,-122.47071,Entire home/apt,4,30,4.93,f,29,145,25,81,0.75,0.5,1.0,5.886104031450156
Marina,37.8054,-122.44376,Entire home/apt,3,21,5.0,t,0,158,42,39,0.3333333333333333,0.3333333333333333,0.3333333333333333,4.8283137373023015
Western Addition,37.78789,-122.42509,Private room,2,5,5.0,t,1,333,29,77,0.5,0.5,0.5,4.948759890378168
Visitacion Valley,37.71252,-122.40809,Entire home/apt,4,38,4.92,t,14,61,38,72,0.5,0.25,0.5,4.969813299576001
Bayview,37.72309381701104,-122.39789890207302,Entire home/apt,2,20,4.95,t,15,243,36,86,0.0,0.5,0.5,5.062595033026967
Downtown/Civic Center,37.78782111917117,-122.41249017366025,Private room,4,12,4.83,t,5,5,37,77,0.0,0.25,0.5,5.857933154483459
North Beach,37.8036,-122.40483,Entire home/apt,3,68,4.96,t,6,223,54,80,0.3333333333333333,0.3333333333333333,0.6666666666666666,5.707110264748875
Western Addition,37.77494,-122.42638,Entire home/apt,4,263,4.98,t,0,186,54,79,0.25,0.25,0.5,6.220590170099739
Western Addition,37.78565,-122.42323,Entire home/apt,4,12,4.42,t,4,339,21,57,0.25,0.25,0.5,4.955827057601261
West of Twin Peaks,37.73594,-122.44841,Entire home/apt,4,162,4.98,t,8,202,63,85,0.25,0.25,0.5,5.181783550292085
Noe Valley,37.75095216370649,-122.44143193454596,Entire home/apt,4,0,0.0,f,0,274,10,87,0.5,0.25,0.5,6.173786103901937
Inner Richmond,37.77885,-122.45576,Entire home/apt,4,88,4.7,f,0,81,30,67,0.5,0.5,0.5,5.159055299214529
Nob Hill,37.79678726196289,-122.41397857666016,Entire home/apt,5,149,4.86,t,10,270,60,83,0.4,0.4,0.6,5.5093883366279774
Potrero Hill,37.75973,-122.39469,Entire home/apt,8,56,4.91,f,0,243,59,62,0.5,0.25,0.625,5.978885764901122
Outer Richmond,37.78037332984028,-122.49248659872534,Entire home/apt,2,2,5.0,t,26,266,44,68,0.5,0.5,0.5,4.51085950651685
Bernal Heights,37.73325,-122.41484,Entire home/apt,3,214,4.96,t,12,347,54,77,0.3333333333333333,0.3333333333333333,0.6666666666666666,4.6443908991413725
Inner Richmond,37.78547,-122.47854,Entire home/apt,4,122,4.94,t,9,68,47,81,0.0,0.25,0.5,4.77912349311153
Seacliff,37.77620569846915,-122.51036162881924,Entire home/apt,2,4,4.5,t,0,63,30,75,0.5,0.5,0.5,5.5053315359323625
Inner Sunset,37.75025,-122.47528,Entire home/apt,6,0,0.0,f,27,274,27,61,0.3333333333333333,0.3333333333333333,0.3333333333333333,5.241747015059643
Visitacion Valley,37.71647,-122.40656,Entire home/apt,4,0,0.0,f,29,364,23,77,0.5,0.5,0.5,5.303304908059076
Inner Sunset,37.7540117,-122.4756624,Entire home/apt,5,0,0.0,f,30,362,28,80,0.2,0.2,0.2,5.0369526024136295
Financial District,37.79031,-122.40601,Private room,2,1,5.0,f,30,365,22,12,0.0,0.5,0.5,5.971261839790462
Marina,37.79887,-122.43382,Private room,1,14,4.86,t,0,234,18,55,1.0,1.0,1.0,4.060443010546419
Downtown/Civic Center,37.77959,-122.42157,Private room,2,1,5.0,f,26,82,10,75,0.0,0.5,0.5,4.5217885770490405
Bayview,37.73531,-122.39319,Entire home/apt,5,221,4.93,t,15,253,45,85,0.4,0.2,0.6,5.14166355650266
Inner Richmond,37.78733057405682,-122.4637141571302,Entire home/apt,6,11,4.91,t,7,63,52,35,0.5,0.5,0.5,6.0867747269123065
Downtown/Civic Center,37.78899,-122.41279,Entire home/apt,6,0,0.0,t,10,283,48,69,0.3333333333333333,0.16666666666666666,0.5,5.793013608384144
Ocean View,37.71729432600352,-122.45032533681908,Entire home/apt,6,18,4.83,t,27,257,31,68,0.5,0.3333333333333333,0.5,5.476463551931511
Nob Hill,37.78929,-122.41845,Shared room,1,3,5.0,f,30,363,6,62,1.0,0.0,1.0,3.8501476017100584
Outer Richmond,37.77561,-122.49055,Entire home/apt,7,50,5.0,t,26,46,56,89,0.42857142857142855,0.35714285714285715,0.5714285714285714,7.011213987350367
North Beach,37.80555,-122.41676,Private room,2,5,4.8,f,23,165,21,33,0.5,0.5,0.5,5.062595033026967
Russian Hill,37.80485,-122.42075,Entire home/apt,2,2,5.0,f,0,335,28,58,0.5,0.5,0.5,4.941642422609304
Mission,37.76077,-122.42561,Entire home/apt,4,577,4.92,f,0,92,77,64,0.25,0.25,0.5,4.836281906951478
Russian Hill,37.80592,-122.41902,Entire home/apt,5,228,4.68,f,11,296,23,19,0.4,0.2,0.8,5.8289456176102075
Marina,37.79939,-122.42544,Private room,1,0,0.0,t,16,351,23,55,1.0,1.0,1.0,4.276666119016055
Downtown/Civic Center,37.7889904,-122.4127915,Entire home/apt,4,0,0.0,t,19,337,50,69,0.25,0.25,0.5,5.652489180268651
South of Market,37.78546,-122.39315,Entire home/apt,4,10,4.7,t,0,120,44,75,0.5,0.5,0.5,5.1298987149230735
Bernal Heights,37.74358,-122.42288,Entire home/apt,10,1,5.0,f,3,338,55,67,0.4,0.25,0.5,5.926926025970411
North Beach,37.80333,-122.40962,Entire home/apt,5,112,4.94,t,28,166,33,47,0.4,0.2,0.4,6.371611847231857
Inner Richmond,37.77855,-122.46362,Entire home/apt,12,59,4.85,f,0,18,68,68,0.25,0.20833333333333334,0.4166666666666667,6.246106765481563
Outer Sunset,37.753,-122.49546,Private room,2,205,4.94,t,7,127,67,72,0.5,0.5,0.5,4.394449154672439
Western Addition,37.78873,-122.42898,Entire home/apt,2,17,4.59,f,0,299,35,55,0.5,0.5,0.5,4.74493212836325
Excelsior,37.7308308,-122.4062416,Private room,2,1,5.0,f,8,159,19,83,0.5,1.0,0.5,3.871201010907891
Nob Hill,37.7957,-122.41361,Entire home/apt,4,8,4.75,f,6,335,39,0,0.5,0.25,0.5,4.844187086458591
Pacific Heights,37.79691,-122.42685,Entire home/apt,7,12,5.0,f,0,77,50,69,0.5714285714285714,0.35714285714285715,0.5714285714285714,7.578656850594762
South of Market,37.7805,-122.39628,Private room,1,15,4.67,t,3,96,38,72,1.0,2.0,1.0,4.605170185988092
Russian Hill,37.80594,-122.41956,Entire home/apt,6,2,5.0,t,5,5,10,73,0.3333333333333333,0.16666666666666666,0.5,5.293304824724492
Excelsior,37.71545,-122.43288,Private room,2,68,4.78,t,25,265,22,74,0.5,0.5,0.5,4.189654742026425
Inner Sunset,37.76003,-122.47604,Entire home/apt,6,246,4.85,t,15,72,31,50,0.5,0.25,0.5,5.062595033026967
Mission,37.7542,-122.41191,Entire home/apt,6,25,4.92,t,0,290,60,78,0.5,0.25,0.5,5.840641657373398
Western Addition,37.77374,-122.42971,Private room,1,2,5.0,f,10,335,36,66,1.0,1.0,1.0,4.219507705176107
Downtown/Civic Center,37.7889369,-122.412607,Private room,4,0,0.0,f,23,351,10,78,0.25,0.25,0.5,5.733341276897746
Downtown/Civic Center,37.78898,-122.41075,Entire home/apt,3,58,4.9,t,2,2,20,73,0.0,0.3333333333333333,0.6666666666666666,4.605170185988092
Nob Hill,37.793,-122.41656,Entire home/apt,4,4,4.5,f,0,7,21,49,0.5,0.5,0.5,5.501258210544727
Outer Sunset,37.76309,-122.48022,Private room,1,124,4.81,t,25,81,45,69,1.0,1.0,1.0,4.564348191467836
Castro/Upper Market,37.75641,-122.43334,Entire home/apt,6,34,5.0,t,0,224,50,69,0.3333333333333333,0.4166666666666667,0.5,5.857933154483459
Western Addition,37.76965,-122.43532,Entire home/apt,4,6,4.83,f,0,219,43,47,0.5,0.5,0.5,7.00397413672268
Outer Richmond,37.78433,-122.47917,Private room,3,104,4.71,f,19,156,38,84,0.3333333333333333,0.3333333333333333,0.6666666666666666,4.060443010546419
Western Addition,37.77247,-122.43301,Private room,2,514,4.89,t,6,34,35,54,0.5,0.5,0.5,4.762173934797756
Bernal Heights,37.74560097987319,-122.41799356591405,Private room,2,37,4.95,t,12,334,51,59,0.5,0.5,0.5,4.77912349311153
Nob Hill,37.79128,-122.40953,Entire home/apt,2,49,4.69,t,0,8,24,51,0.0,0.5,0.5,4.605170185988092
Presidio,37.79659121783463,-122.44718270570492,Entire home/apt,3,63,4.83,t,11,336,42,18,0.0,0.3333333333333333,0.6666666666666666,5.318119993844216
Presidio Heights,37.78301,-122.45865,Entire home/apt,10,76,4.99,t,0,19,77,67,0.5,0.45,0.6,6.52649485957079
Nob Hill,37.79574,-122.41739,Entire home/apt,2,13,4.92,t,0,307,38,35,1.0,0.5,1.0,4.454347296253507
Potrero Hill,37.75364440383154,-122.39969442983276,Private room,1,8,5.0,f,0,115,8,68,1.0,1.0,1.0,5.017279836814924
Downtown/Civic Center,37.7889904,-122.4127915,Entire home/apt,4,0,0.0,t,19,308,50,69,0.25,0.25,0.5,5.652489180268651
Bayview,37.72224,-122.39845,Entire home/apt,6,88,4.47,f,21,171,37,79,0.3333333333333333,0.16666666666666666,0.5,4.672828834461906
Bayview,37.73387,-122.38453,Entire home/apt,2,42,4.74,t,24,147,64,67,0.5,0.5,0.5,5.389071729816501
Western Addition,37.773437937718,-122.4305052061981,Private room,2,359,4.86,t,5,134,35,73,0.5,1.5,0.5,4.406719247264253
South of Market,37.77593,-122.41064,Entire home/apt,4,68,4.85,t,0,123,35,0,0.5,0.5,0.5,5.327876168789581
Inner Richmond,37.77749,-122.45892,Private room,1,105,4.67,f,1,325,23,57,1.0,1.0,1.0,3.8066624897703196
Mission,37.7528452,-122.4188193,Private room,1,0,0.0,t,28,88,27,0,8.0,1.0,1.0,4.382026634673881
South of Market,37.7871262,-122.3927426,Entire home/apt,2,9,5.0,f,3,69,52,55,0.5,0.5,0.5,5.10594547390058
Western Addition,37.77071,-122.43183,Private room,2,29,4.9,t,0,240,49,66,0.5,0.5,0.5,4.174387269895637
Nob Hill,37.791184476802776,-122.40963517850362,Entire home/apt,4,2,5.0,t,4,4,45,75,0.25,0.25,0.5,5.802118375377063
North Beach,37.80698,-122.41344,Private room,6,91,4.67,t,27,324,62,79,0.3333333333333333,0.16666666666666666,0.6666666666666666,6.26530121273771
Outer Mission,37.7305,-122.45194,Entire home/apt,5,79,4.95,t,11,167,42,60,0.6,0.4,0.6,5.955837369464831
Castro/Upper Market,37.75663,-122.44134,Entire home/apt,8,0,0.0,f,7,271,67,62,0.25,0.125,0.375,5.44673737166631
Outer Richmond,37.77427,-122.50415,Entire home/apt,4,34,5.0,t,2,44,43,79,0.5,0.25,0.5,5.783825182329737
Outer Richmond,37.7743,-122.49334,Entire home/apt,3,85,4.76,f,17,253,36,55,0.3333333333333333,0.3333333333333333,0.6666666666666666,4.663439094112067
Downtown/Civic Center,37.7890848,-122.4129685,Entire home/apt,4,2,5.0,f,19,309,49,69,0.25,0.25,0.5,5.662960480135946
South of Market,37.78839974047088,-122.3908222451171,Entire home/apt,2,33,5.0,t,9,36,54,79,0.5,0.5,0.5,5.655991810819852
Western Addition,37.774849,-122.436317,Entire home/apt,3,62,4.71,f,11,331,38,32,0.3333333333333333,0.3333333333333333,1.0,4.787491742782046
Outer Mission,37.73013419999999,-122.4438265,Entire home/apt,6,70,4.97,t,20,246,44,57,0.5,0.16666666666666666,0.5,5.455321115357702
Inner Richmond,37.78305,-122.47407,Private room,2,15,4.33,f,0,283,18,13,0.5,0.5,0.5,4.382026634673881
Castro/Upper Market,37.76271,-122.42657,Entire home/apt,2,74,5.0,t,18,318,49,135,0.5,0.5,0.5,4.6913478822291435
Downtown/Civic Center,37.7884146,-122.4215935,Private room,2,0,0.0,f,30,365,34,27,0.5,0.5,0.5,5.572154032177765
Nob Hill,37.79184,-122.40995,Entire home/apt,2,4,5.0,t,0,47,43,77,0.5,0.5,0.5,5.3706380281276624
South of Market,37.7713226,-122.4050655,Entire home/apt,2,7,5.0,t,28,178,26,35,0.5,0.5,0.5,5.0106352940962555
Downtown/Civic Center,37.78964,-122.40753,Entire home/apt,3,7,4.86,t,0,4,22,66,0.3333333333333333,0.3333333333333333,0.6666666666666666,4.919980925828125
Inner Richmond,37.77689,-122.45594,Entire home/apt,6,50,4.96,f,0,5,47,57,0.5,0.3333333333333333,0.5,6.163314804034641
Mission,37.74911,-122.41206,Entire home/apt,7,0,0.0,f,0,243,46,71,0.5714285714285714,0.14285714285714285,0.5714285714285714,5.075173815233827
Downtown/Civic Center,37.78662,-122.40961,Entire home/apt,8,18,5.0,f,30,357,8,26,0.0,0.25,0.5,6.638567789166521
Inner Sunset,37.76447,-122.45265,Entire home/apt,2,0,0.0,f,0,335,3,4,0.0,0.5,0.0,4.553876891600541
Bayview,37.71654521834261,-122.39164447453862,Private room,2,3,4.33,t,15,327,46,77,0.5,0.5,0.5,4.02535169073515
Western Addition,37.773834228515625,-122.42719268798828,Entire home/apt,2,860,4.91,t,10,59,49,75,0.5,0.5,0.5,5.0106352940962555
South of Market,37.78547132256598,-122.3888469699536,Entire home/apt,2,0,0.0,f,0,71,18,48,0.5,0.5,0.5,4.624972813284271
Nob Hill,37.79258,-122.41016,Private room,2,35,5.0,f,12,282,41,76,0.5,0.5,0.5,5.771441123130016
Downtown/Civic Center,37.7884146,-122.4215935,Private room,2,1,5.0,f,30,365,36,49,0.5,0.5,0.5,5.572154032177765
Downtown/Civic Center,37.7878653,-122.4104163,Entire home/apt,4,1,3.0,f,18,225,49,75,0.0,0.25,0.5,5.365976015021851
Russian Hill,37.79971,-122.41362,Entire home/apt,3,17,4.47,f,0,226,30,23,1.0,0.6666666666666666,1.0,5.484796933490655
Ocean View,37.72199,-122.45885,Entire home/apt,2,9,5.0,f,0,111,17,34,0.5,0.5,0.5,4.04305126783455
Downtown/Civic Center,37.78873,-122.40985,Entire home/apt,4,48,4.85,t,5,5,19,43,0.0,0.25,0.5,5.5254529391317835
Castro/Upper Market,37.75708,-122.43756,Entire home/apt,4,5,4.8,f,24,264,73,72,0.5,0.5,1.5,5.680172609017068
Castro/Upper Market,37.758723879748366,-122.43554746636984,Entire home/apt,4,21,5.0,t,0,73,54,32,0.5,0.25,0.75,6.175867270105761
South of Market,37.7775178,-122.4050445,Entire home/apt,3,6,5.0,t,2,251,57,79,0.6666666666666666,0.6666666666666666,0.6666666666666666,5.1647859739235145
Lakeshore,37.7319118812849,-122.47983577112772,Entire home/apt,5,161,4.76,f,19,161,40,69,0.4,0.4,0.4,5.3471075307174685
Downtown/Civic Center,37.78899,-122.41279,Entire home/apt,6,2,5.0,t,5,292,52,63,0.5,0.3333333333333333,0.5,5.976350909297934
South of Market,37.78766,-122.39052,Entire home/apt,1,28,4.86,t,0,188,68,69,1.0,1.0,1.0,5.017279836814924
Outer Richmond,37.77558815175875,-122.50254350976712,Entire home/apt,5,57,4.96,t,22,76,42,67,0.4,0.2,0.6,5.568344503761097
Mission,37.76953,-122.4251,Entire home/apt,2,3,4.0,f,3,93,31,79,1.0,1.0,0.5,5.272999558563747
Western Addition,37.77359,-122.42441,Private room,1,144,4.81,t,0,122,47,77,1.0,1.0,1.0,4.127134385045092
Visitacion Valley,37.7148139,-122.409378,Entire home/apt,12,0,0.0,f,24,253,51,74,0.3333333333333333,0.25,0.4166666666666667,6.263398262591624
Parkside,37.73788,-122.4944,Entire home/apt,9,96,4.56,f,30,180,40,86,0.3333333333333333,0.1111111111111111,0.4444444444444444,5.749392985908253
Downtown/Civic Center,37.77977,-122.42342,Entire home/apt,4,10,4.9,t,4,4,14,82,0.25,0.25,0.5,4.882801922586371
Parkside,37.74411,-122.47555,Private room,2,14,4.64,f,27,362,32,73,0.5,0.5,0.5,4.110873864173311
South of Market,37.78238,-122.39818,Entire home/apt,2,13,4.92,t,0,318,51,76,0.5,0.5,0.5,5.135798437050262
Western Addition,37.77251,-122.43454,Entire home/apt,7,264,4.98,t,6,270,51,80,0.5714285714285714,0.2857142857142857,0.5714285714285714,6.102558594613569
South of Market,37.77371795847515,-122.41164477314948,Private room,1,0,0.0,f,24,359,3,19,1.0,1.0,1.0,4.0943445622221
Outer Sunset,37.75374,-122.48704,Entire home/apt,4,0,0.0,f,24,170,30,50,0.5,0.25,0.5,4.836281906951478
Western Addition,37.78917,-122.43126,Private room,2,133,4.92,t,16,69,23,88,0.5,0.5,0.5,5.135798437050262
Outer Richmond,37.78245,-122.48126,Private room,1,12,5.0,t,24,248,21,78,1.0,1.0,0.0,4.219507705176107
Outer Mission,37.7156,-122.44327,Entire home/apt,9,101,4.51,f,20,154,40,82,0.3333333333333333,0.2222222222222222,0.5555555555555556,4.983606621708336
Downtown/Civic Center,37.78134,-122.41912,Entire home/apt,3,5,5.0,f,1,336,37,53,0.3333333333333333,0.3333333333333333,0.6666666666666666,5.0106352940962555
Pacific Heights,37.79085,-122.43529,Entire home/apt,2,4,3.25,f,4,306,18,81,0.0,0.5,0.5,4.955827057601261
South of Market,37.77773,-122.41033,Private room,2,429,4.89,t,11,156,43,74,0.5,0.75,0.5,4.736198448394496
Bernal Heights,37.74483,-122.41636,Entire home/apt,5,7,5.0,f,0,211,69,87,0.4,0.4,0.6,5.857933154483459
Castro/Upper Market,37.7630602198936,-122.432023,Entire home/apt,2,65,4.78,f,17,341,44,64,0.5,0.5,0.5,5.4638318050256105
South of Market,37.77511,-122.40265,Entire home/apt,4,26,4.92,t,6,217,37,50,0.5,0.25,0.5,6.118097198041348
Downtown/Civic Center,37.7884146,-122.4215935,Private room,2,0,0.0,f,30,365,35,53,0.5,0.5,0.5,5.572154032177765
Inner Richmond,37.78457,-122.46314,Private room,2,88,4.95,t,10,30,49,50,0.5,0.5,0.5,4.9344739331306915
Marina,37.79867818868936,-122.42594038508096,Entire home/apt,4,19,5.0,t,9,103,46,57,0.5,0.5,0.5,6.51471269087253
Bernal Heights,37.73509,-122.42729,Entire home/apt,2,248,4.88,f,5,88,41,95,0.0,0.5,0.5,5.0238805208462765
Downtown/Civic Center,37.7889904,-122.4127915,Entire home/apt,4,5,4.8,f,19,308,49,69,0.25,0.25,0.5,5.652489180268651
North Beach,37.8054714,-122.4168419,Entire home/apt,6,0,0.0,t,28,358,45,70,0.3333333333333333,0.3333333333333333,0.5,6.883462586413092
South of Market,37.77529761122407,-122.41788331943135,Private room,2,1,3.0,f,0,295,15,70,0.5,1.0,0.5,3.8918202981106265
Potrero Hill,37.7577,-122.39958,Entire home/apt,5,98,4.8,t,6,251,30,27,0.4,0.2,0.4,5.820082930352362
Mission,37.7612,-122.41914,Private room,1,289,5.0,t,13,157,67,53,1.0,1.0,1.0,4.787491742782046
Excelsior,37.73133721837847,-122.41653752352596,Private room,2,101,4.97,t,7,322,37,74,0.5,0.5,0.5,4.07753744390572
Inner Richmond,37.78563,-122.47115,Entire home/apt,6,9,4.89,t,0,243,25,71,0.5,0.5,0.6666666666666666,5.680172609017068
Downtown/Civic Center,37.7884146,-122.4215935,Private room,2,1,5.0,f,30,365,35,49,0.5,0.5,0.5,5.572154032177765
Haight Ashbury,37.76636,-122.44887,Entire home/apt,4,328,4.98,t,6,261,40,38,0.25,0.25,0.5,5.407171771460119
Inner Richmond,37.78157,-122.46359,Private room,4,474,4.7,f,15,161,22,76,0.25,0.5,0.5,4.23410650459726
Outer Sunset,37.75443292894459,-122.476907792518,Private room,4,20,4.95,t,13,338,65,81,0.5,0.25,0.5,4.882801922586371
Twin Peaks,37.75250848185642,-122.44853690783704,Entire home/apt,6,7,5.0,t,0,171,62,70,0.6666666666666666,0.5,1.0,5.298317366548036
Mission,37.749974848253295,-122.42281892519424,Private room,2,0,0.0,f,5,300,12,65,0.5,0.5,0.5,5.501258210544727
Bernal Heights,37.74613,-122.41079,Entire home/apt,2,17,5.0,f,7,63,41,80,0.5,0.5,0.5,5.529429087511423
Mission,37.75624,-122.411,Entire home/apt,1,17,4.59,f,0,193,38,50,0.0,1.0,1.0,4.007333185232471
West of Twin Peaks,37.73772,-122.46597,Entire home/apt,2,150,4.89,t,19,302,59,41,0.5,0.5,0.0,4.882801922586371
Nob Hill,37.78976890749166,-122.41380912041842,Entire home/apt,4,8,5.0,t,11,261,48,79,0.25,0.25,0.5,5.749392985908253
Mission,37.7566368,-122.4228241,Entire home/apt,8,4,5.0,f,3,32,46,61,0.5,0.5625,0.5,6.075346031088684
Financial District,37.7882187,-122.4030532,Entire home/apt,4,0,0.0,t,16,271,42,68,0.25,0.25,0.5,6.680854678790215
Bernal Heights,37.73786,-122.42468,Entire home/apt,2,13,5.0,t,19,79,36,79,0.5,0.5,1.0,5.225746673713202
Downtown/Civic Center,37.78899,-122.41279,Entire home/apt,6,0,0.0,t,10,283,48,69,0.3333333333333333,0.16666666666666666,0.5,5.793013608384144
Outer Mission,37.73214,-122.44671,Entire home/apt,10,29,4.86,t,7,289,50,79,0.5,0.5,0.5,5.886104031450156
Ocean View,37.71612,-122.45302,Private room,4,15,4.93,f,27,362,12,36,0.25,0.25,0.5,5.459585514144159
Pacific Heights,37.79196,-122.42274,Private room,2,61,4.8,t,4,224,29,71,0.5,0.5,0.5,4.663439094112067
Outer Richmond,37.77705,-122.50773,Entire home/apt,2,332,4.99,t,2,115,48,42,0.5,0.5,0.5,5.293304824724492
Downtown/Civic Center,37.7884146,-122.4215935,Private room,2,0,0.0,f,30,365,35,71,0.5,0.5,0.5,5.572154032177765
Outer Sunset,37.74761,-122.48699,Private room,6,15,4.8,f,11,304,43,80,0.5,0.5,0.5,5.6240175061873385
Marina,37.797679941385496,-122.42782850909644,Entire home/apt,6,18,5.0,f,6,285,44,80,0.5,0.3333333333333333,0.5,6.984716320118266
Mission,37.7548389,-122.4113937,Entire home/apt,2,12,4.92,t,11,339,13,75,0.5,0.5,0.5,5.342334251964811
Bayview,37.73407,-122.40326,Entire home/apt,8,74,4.77,f,20,260,37,29,0.5,0.25,0.5,5.8289456176102075
Outer Richmond,37.77817618750178,-122.48898603493896,Entire home/apt,4,49,4.96,t,5,25,38,66,0.25,0.5,0.5,5.501258210544727
Mission,37.76155,-122.42443,Private room,2,82,4.8,f,30,365,4,47,0.5,0.5,0.5,4.605170185988092
Western Addition,37.78025,-122.44239,Entire home/apt,4,52,4.85,f,0,212,34,65,0.5,0.25,0.5,5.147494476813453
North Beach,37.8076,-122.41317,Private room,2,0,0.0,t,28,97,23,71,0.5,0.5,0.5,5.272999558563747
Western Addition,37.77963380797718,-122.44346064817722,Entire home/apt,6,3,5.0,t,10,250,61,51,0.3333333333333333,0.3333333333333333,0.5,5.652489180268651
Glen Park,37.73942,-122.42627,Entire home/apt,2,157,4.8,f,14,219,56,79,0.5,0.5,0.5,5.062595033026967
Golden Gate Park,37.77291,-122.46279,Private room,2,244,4.82,t,20,324,67,64,0.5,0.75,0.5,4.8283137373023015
Outer Sunset,37.74782,-122.47713,Private room,4,504,4.91,t,12,336,31,76,0.25,0.25,0.5,4.276666119016055
Nob Hill,37.79264,-122.41945,Private room,2,31,4.74,f,1,336,6,39,0.5,0.5,0.5,4.787491742782046
Diamond Heights,37.74202,-122.43722,Entire home/apt,6,11,4.91,f,0,230,75,82,0.5,0.5,0.3333333333333333,5.857933154483459
Ocean View,37.72263,-122.46759,Entire home/apt,6,51,4.86,f,8,256,37,51,0.16666666666666666,0.16666666666666666,0.16666666666666666,5.220355825078324
Russian Hill,37.80485,-122.42161,Entire home/apt,6,12,5.0,f,29,174,25,67,0.3333333333333333,0.4166666666666667,0.5,6.74993119378857
Western Addition,37.77034,-122.43594,Entire home/apt,4,265,4.88,f,0,124,60,72,0.75,0.5,1.0,5.7745515455444085
Russian Hill,37.7996962,-122.4233745,Entire home/apt,4,6,5.0,t,0,259,29,79,0.5,0.5,0.5,5.991464547107982
Mission,37.76792,-122.42426,Private room,1,11,5.0,t,4,133,32,89,1.0,1.0,1.0,3.9889840465642745
Downtown/Civic Center,37.7892,-122.40955,Private room,2,12,5.0,t,19,324,15,31,0.5,1.0,0.5,5.14166355650266
Haight Ashbury,37.77392,-122.43847,Entire home/apt,4,8,5.0,f,0,212,46,82,0.5,0.25,0.5,4.990432586778736
Castro/Upper Market,37.76011276245117,-122.43460083007812,Private room,2,39,4.62,f,25,353,47,64,0.5,1.0,1.0,4.859812404361672
Haight Ashbury,37.77047,-122.44403,Entire home/apt,4,10,4.8,t,30,365,21,78,0.5,0.25,0.25,5.111987788356544
Outer Richmond,37.77956,-122.5079,Private room,2,452,4.98,t,12,146,52,79,0.5,0.5,0.5,4.941642422609304
Downtown/Civic Center,37.7890848,-122.4129685,Entire home/apt,6,0,0.0,f,7,296,49,63,0.5,0.3333333333333333,0.6666666666666666,5.988961416889864
Noe Valley,37.742115965640096,-122.42743003409409,Entire home/apt,10,0,0.0,f,29,364,11,53,0.2,0.1,0.4,5.1647859739235145
South of Market,37.78165115403121,-122.40286033560672,Entire home/apt,2,0,0.0,f,28,363,39,78,0.5,0.5,0.5,6.148468295917647
Downtown/Civic Center,37.7859,-122.41612,Private room,2,90,4.52,f,17,252,16,34,0.5,0.5,0.5,4.394449154672439
South of Market,37.78519318342673,-122.39400662299776,Entire home/apt,5,3,4.33,f,6,327,43,69,0.4,0.4,0.4,5.356586274672012
Downtown/Civic Center,37.7884146,-122.4215935,Private room,2,5,3.2,f,30,365,36,49,0.5,0.5,0.5,5.572154032177765
Twin Peaks,37.75846,-122.45072,Entire home/apt,6,33,4.94,t,10,130,50,81,0.3333333333333333,0.3333333333333333,0.5,6.486160788944089
Excelsior,37.71936054106397,-122.4360967164578,Entire home/apt,4,13,4.92,t,12,282,56,84,0.5,0.25,0.5,4.844187086458591
Financial District,37.78671,-122.39715,Private room,1,5,5.0,t,8,256,43,47,1.0,1.0,1.0,4.394449154672439
Downtown/Civic Center,37.7895,-122.41102,Entire home/apt,2,929,4.52,f,25,296,24,78,0.0,0.5,0.5,4.787491742782046
Castro/Upper Market,37.76162,-122.42855,Entire home/apt,2,99,4.98,t,10,194,59,36,0.5,0.5,0.5,5.703782474656201
Inner Richmond,37.78407989562463,-122.4745153619538,Entire home/apt,2,1,5.0,t,24,359,30,87,0.5,0.5,0.5,4.6443908991413725
Outer Sunset,37.74834,-122.4921,Private room,3,529,4.87,t,5,284,44,96,0.3333333333333333,0.3333333333333333,0.6666666666666666,4.219507705176107
Haight Ashbury,37.77109,-122.44758,Entire home/apt,2,16,4.56,t,30,365,17,69,0.5,0.5,0.5,4.543294782270004
Parkside,37.7392,-122.49834,Entire home/apt,7,4,5.0,f,12,314,45,70,0.42857142857142855,0.2857142857142857,0.5714285714285714,5.484796933490655
West of Twin Peaks,37.74193,-122.46531,Entire home/apt,2,567,4.82,t,1,109,36,87,0.5,0.5,0.5,4.30406509320417
Haight Ashbury,37.75939,-122.44963,Entire home/apt,4,118,4.99,t,3,192,49,82,0.25,0.25,0.5,5.081404364984463
Potrero Hill,37.75664,-122.40196,Private room,2,226,4.98,t,0,214,56,79,0.5,0.5,0.5,4.90527477843843
Mission,37.7562,-122.40944,Entire home/apt,5,57,4.81,f,6,291,35,0,0.4,0.3,0.8,5.375278407684165
Russian Hill,37.8037535,-122.4163976,Entire home/apt,10,16,4.88,t,1,93,42,71,0.4,0.3,0.4,7.716906135298388
Mission,37.7582,-122.42306,Entire home/apt,1,6,5.0,t,17,352,38,66,0.0,1.0,1.0,4.875197323201151
West of Twin Peaks,37.72942,-122.46691,Entire home/apt,3,183,4.72,f,17,352,24,48,0.3333333333333333,0.3333333333333333,0.6666666666666666,4.574710978503383
North Beach,37.8002289,-122.4076054,Entire home/apt,4,23,4.96,t,0,34,48,71,0.25,0.25,0.5,5.093750200806762
Russian Hill,37.79743,-122.41306,Private room,1,0,0.0,f,30,285,29,0,1.0,2.0,1.0,3.912023005428146
Inner Richmond,37.78017,-122.44899,Entire home/apt,4,16,5.0,t,0,205,32,71,0.5,0.25,1.5,4.8283137373023015
Russian Hill,37.80471,-122.42132,Private room,4,24,4.88,f,1,331,27,64,0.25,0.25,0.25,6.315358001522335
Inner Richmond,37.78174,-122.47415,Private room,2,9,4.78,f,0,120,12,78,0.5,0.5,0.0,4.382026634673881
Potrero Hill,37.7657240066106,-122.40486393639664,Entire home/apt,5,0,0.0,f,27,362,12,72,0.6,0.6,0.8,7.2078598714324755
Western Addition,37.77141,-122.43709,Private room,4,8,4.88,t,17,321,5,44,0.0,0.25,0.5,5.860786223465865
Downtown/Civic Center,37.7889904,-122.4127915,Entire home/apt,4,13,4.92,f,19,308,49,69,0.25,0.25,0.5,5.652489180268651
Outer Mission,37.7325,-122.44894,Private room,1,59,4.93,t,0,60,41,71,1.0,2.0,1.0,4.04305126783455
Ocean View,37.71451632709597,-122.45836579286764,Entire home/apt,7,0,0.0,f,0,238,11,30,0.2857142857142857,0.14285714285714285,0.5714285714285714,4.07753744390572
Bernal Heights,37.74615,-122.41787,Entire home/apt,5,1,5.0,t,0,335,69,15,0.6,0.4,0.6,5.517452896464707
South of Market,37.78215,-122.39479,Entire home/apt,8,47,5.0,t,0,243,48,75,0.375,0.4375,0.5,6.440946540632921
Mission,37.75185,-122.40363,Entire home/apt,5,32,4.91,t,8,88,60,79,0.8,0.2,0.8,5.902633333401366
Lakeshore,37.72253,-122.4727,Private room,1,0,0.0,f,0,243,43,81,1.0,1.0,1.0,4.007333185232471
Downtown/Civic Center,37.7884146,-122.4215935,Private room,2,0,0.0,f,30,365,35,53,0.5,0.5,0.5,5.572154032177765
Castro/Upper Market,37.75813674926758,-122.43438720703124,Entire home/apt,3,5,5.0,f,0,9,49,68,0.3333333333333333,0.3333333333333333,0.3333333333333333,5.247024072160486
Nob Hill,37.7949866,-122.4183572,Entire home/apt,2,2,4.5,t,2,325,17,73,0.5,0.5,0.5,4.727387818712341
Outer Richmond,37.77572,-122.49473,Entire home/apt,6,136,4.93,t,14,244,30,92,0.5,0.16666666666666666,0.5,5.765191102784844
South of Market,37.78425,-122.3939,Entire home/apt,6,49,4.92,t,0,252,49,72,0.5,0.5,0.5,6.437751649736401
Outer Richmond,37.78004,-122.48584,Entire home/apt,6,7,4.86,f,11,315,17,71,0.3333333333333333,0.3333333333333333,0.6666666666666666,5.262690188904886
Financial District,37.792699,-122.39212,Private room,2,22,4.68,f,25,94,23,30,0.5,0.5,0.5,5.60947179518496
Marina,37.8009,-122.43272,Private room,1,8,4.75,t,0,319,17,54,1.0,1.0,1.0,4.127134385045092
Ocean View,37.72011,-122.46662,Private room,1,8,4.88,t,0,119,23,55,1.0,1.0,1.0,3.6888794541139363
Mission,37.76273,-122.42096,Entire home/apt,6,57,4.86,f,29,179,59,72,0.5,0.25,0.5,5.488937726156687
Downtown/Civic Center,37.78787,-122.41042,Entire home/apt,4,4,4.25,t,16,222,50,75,0.0,0.25,0.5,5.41610040220442
Haight Ashbury,37.77002,-122.44164,Private room,5,0,0.0,f,18,53,38,72,0.6,0.4,0.6,6.021023349349527
Outer Sunset,37.75581,-122.48659,Entire home/apt,4,51,5.0,f,14,14,32,76,0.5,0.375,0.5,5.662960480135946
Western Addition,37.78375,-122.4245,Entire home/apt,4,0,0.0,f,23,263,10,53,0.5,0.25,0.75,5.71042701737487
Pacific Heights,37.79103216259279,-122.42297606781348,Private room,6,5,5.0,t,7,320,49,72,0.3333333333333333,0.3333333333333333,0.3333333333333333,6.396929655216146
Downtown/Civic Center,37.78897,-122.41245,Entire home/apt,2,79,4.77,f,29,364,23,0,0.5,0.5,0.5,5.529429087511423
Mission,37.75814,-122.42161,Entire home/apt,4,43,4.91,t,7,15,16,77,0.5,0.25,0.5,6.042632833682381
Chinatown,37.79113,-122.40629,Entire home/apt,2,16,4.88,t,0,5,24,51,0.0,0.5,0.5,4.605170185988092
Mission,37.76156,-122.42059,Private room,2,676,4.97,t,4,309,50,78,0.5,0.5,0.5,5.087596335232384
South of Market,37.77681,-122.40796,Private room,2,4,4.75,f,0,247,26,69,0.5,0.5,1.0,4.060443010546419
Crocker Amazon,37.70951,-122.449,Private room,1,25,4.56,f,19,354,42,69,1.0,2.0,1.0,3.9512437185814275
Excelsior,37.72525,-122.43013,Private room,1,138,4.74,f,0,51,39,23,2.0,2.0,1.0,3.9512437185814275
Outer Sunset,37.7474287,-122.4822149,Entire home/apt,7,14,5.0,t,7,307,66,79,0.5714285714285714,0.2857142857142857,0.5714285714285714,6.359573868672378
Downtown/Civic Center,37.7884146,-122.4215935,Private room,2,0,0.0,f,30,365,35,49,0.5,0.5,0.5,5.572154032177765
Outer Mission,37.72703,-122.43481,Entire home/apt,1,1,4.0,t,30,270,10,20,1.0,0.0,1.0,4.77912349311153
Financial District,37.7882187,-122.4030532,Entire home/apt,4,0,0.0,t,16,271,43,68,0.25,0.25,0.5,6.57507584059962
Outer Mission,37.72146,-122.43942,Entire home/apt,12,4,5.0,t,0,66,38,55,0.25,0.16666666666666666,0.4166666666666667,5.981414211254481
Noe Valley,37.74404856166771,-122.42710137794847,Entire home/apt,6,0,0.0,f,30,270,44,77,0.5,0.3333333333333333,0.0,5.393627546352362
Pacific Heights,37.79626979079541,-122.42926941568072,Entire home/apt,6,5,5.0,t,0,61,56,72,0.5,0.75,0.5,6.892641641172089
Inner Sunset,37.76458,-122.47713,Private room,1,1,5.0,f,0,148,55,32,1.0,1.0,1.0,3.7612001156935624
Marina,37.79989,-122.43616,Private room,2,0,0.0,f,28,362,20,37,0.5,0.5,0.0,4.983606621708336
South of Market,37.78142,-122.39736,Entire home/apt,2,61,4.7,t,18,253,12,89,0.5,0.5,0.5,4.836281906951478
Downtown/Civic Center,37.7884146,-122.4215935,Private room,2,0,0.0,f,30,365,35,49,0.5,0.5,0.5,5.572154032177765
Downtown/Civic Center,37.78947409501448,-122.4075460869983,Entire home/apt,4,2,5.0,f,16,63,29,37,0.25,0.25,0.5,5.247024072160486
Bayview,37.73791,-122.3977,Private room,2,0,0.0,f,0,250,22,78,0.5,0.5,0.5,4.110873864173311
Noe Valley,37.74247,-122.43413,Private room,2,68,4.96,t,18,162,47,66,0.5,0.5,0.5,4.672828834461906
Pacific Heights,37.79283,-122.44006,Entire home/apt,8,19,5.0,f,10,62,59,74,0.5,0.25,0.5,6.51471269087253
Western Addition,37.787990415430215,-122.425307633368,Private room,2,1,5.0,t,0,233,55,75,0.5,0.0,0.5,4.700480365792417
Haight Ashbury,37.76457,-122.45057,Entire home/apt,4,80,4.85,f,0,0,27,72,0.5,0.5,0.75,5.10594547390058
Nob Hill,37.79061,-122.42111,Private room,2,27,4.78,f,0,324,13,27,0.5,0.5,0.5,4.477336814478207
Crocker Amazon,37.71123,-122.4449,Entire home/apt,2,65,4.46,f,0,256,11,36,0.5,0.5,0.5,3.970291913552122
Western Addition,37.77743,-122.42502,Entire home/apt,2,70,4.8,t,7,342,19,28,0.0,0.5,0.5,4.787491742782046
Inner Sunset,37.75646,-122.45623,Entire home/apt,8,27,4.93,f,0,38,42,81,0.5,0.375,0.625,6.19644412779452
Marina,37.80405,-122.44371,Entire home/apt,6,12,5.0,t,0,120,49,36,0.3333333333333333,0.3333333333333333,0.5,5.703782474656201
Western Addition,37.78746,-122.44046,Private room,1,28,5.0,t,24,218,68,78,2.0,1.0,1.0,4.605170185988092
Outer Richmond,37.77784,-122.47828,Private room,4,48,4.69,f,12,248,48,80,0.25,0.375,0.5,4.30406509320417
Mission,37.7486,-122.42058,Entire home/apt,4,76,4.92,t,0,119,36,162,0.5,0.5,0.5,5.19295685089021
Downtown/Civic Center,37.777666252198216,-122.42133664677118,Private room,2,0,0.0,t,22,76,11,64,0.0,0.5,0.5,4.672828834461906
Bernal Heights,37.74184,-122.41943,Entire home/apt,4,0,0.0,f,1,61,28,37,0.5,0.25,0.5,5.303304908059076
Inner Richmond,37.77542,-122.46955,Entire home/apt,3,159,4.85,t,7,205,44,47,0.6666666666666666,0.3333333333333333,0.6666666666666666,5.0369526024136295
South of Market,37.7776592,-122.4142959,Hotel room,2,0,0.0,f,26,349,23,42,0.5,0.5,0.0,5.241747015059643
Downtown/Civic Center,37.789280470764446,-122.4119989864174,Entire home/apt,6,0,0.0,t,30,68,10,50,0.3333333333333333,0.3333333333333333,0.5,5.793013608384144
Potrero Hill,37.75828,-122.39723,Entire home/apt,4,26,5.0,t,0,140,69,62,0.5,0.375,0.5,5.459585514144159
Castro/Upper Market,37.76193,-122.42987,Private room,1,19,5.0,t,21,231,28,48,1.0,1.5,1.0,4.8283137373023015
Western Addition,37.771751576413855,-122.42433582263678,Entire home/apt,6,2,5.0,f,0,239,43,80,0.3333333333333333,0.3333333333333333,0.5,5.8916442118257715
Outer Sunset,37.76045,-122.50501,Entire home/apt,7,5,4.4,f,30,150,27,78,0.5714285714285714,0.42857142857142855,0.8571428571428571,6.467698726104354
Parkside,37.73938,-122.47868,Private room,2,104,4.88,f,10,144,56,74,0.5,0.5,0.5,4.499809670330265
Western Addition,37.78013151607407,-122.4345963497228,Entire home/apt,2,113,4.98,t,5,147,49,70,0.5,0.5,1.0,5.308267697401205
Inner Richmond,37.78143,-122.45973,Entire home/apt,6,6,5.0,t,10,253,62,81,0.5,0.3333333333333333,0.5,5.736572297479192
Downtown/Civic Center,37.78863,-122.40967,Entire home/apt,4,15,5.0,t,0,3,19,43,0.0,0.25,0.5,5.003946305945459
Western Addition,37.78137785332376,-122.44019367210257,Entire home/apt,5,21,4.71,t,13,145,24,45,0.4,0.4,0.4,5.872117789475416
Castro/Upper Market,37.76421,-122.43397,Entire home/apt,4,253,4.96,t,8,52,42,68,0.5,0.25,0.5,5.703782474656201
Castro/Upper Market,37.76827,-122.43578,Entire home/apt,2,103,5.0,t,10,204,37,52,0.5,0.5,0.5,5.616771097666572
Outer Richmond,37.7833251953125,-122.4820785522461,Entire home/apt,2,46,5.0,t,13,108,39,87,0.5,0.5,0.5,5.480638923341991
Twin Peaks,37.750922964393865,-122.44510689514402,Entire home/apt,3,1,5.0,f,29,358,50,75,0.3333333333333333,0.3333333333333333,0.6666666666666666,5.181783550292085
South of Market,37.78655,-122.39156,Entire home/apt,2,4,5.0,t,0,302,29,74,0.5,0.5,0.5,4.90527477843843
Castro/Upper Market,37.76327,-122.4262,Entire home/apt,4,2,5.0,f,0,60,27,23,0.5,0.375,0.75,5.768320995793772
Nob Hill,37.79,-122.41339,Entire home/apt,4,3,5.0,t,23,109,46,79,0.25,0.25,0.5,5.459585514144159
Financial District,37.78922244195008,-122.3972301990362,Entire home/apt,3,0,0.0,f,0,274,12,59,0.3333333333333333,0.3333333333333333,0.3333333333333333,5.455321115357702
Downtown/Civic Center,37.78523111580099,-122.4110407713727,Entire home/apt,2,0,0.0,f,29,364,55,69,0.5,0.5,0.5,5.1647859739235145
Mission,37.75138,-122.41016,Entire home/apt,5,13,4.92,f,4,18,39,83,0.6,0.4,0.6,6.1224928095143865
Outer Sunset,37.7595,-122.50003,Private room,3,491,4.9,t,6,319,23,82,0.3333333333333333,0.3333333333333333,0.3333333333333333,4.007333185232471
North Beach,37.80759,-122.42041,Private room,4,1,5.0,f,29,119,31,80,0.25,0.25,0.25,6.7226297948554485
Bayview,37.71878,-122.39119,Entire home/apt,2,128,4.84,f,0,0,22,44,0.5,0.5,0.5,4.30406509320417
Downtown/Civic Center,37.78694443313931,-122.41073077564285,Entire home/apt,2,2,5.0,f,19,55,24,51,0.0,0.5,1.0,5.43372200355424
Bayview,37.71889,-122.39441,Entire home/apt,5,267,4.9,t,19,257,63,103,0.4,0.2,0.6,5.099866427824199
Russian Hill,37.8055,-122.42058,Private room,6,3,5.0,t,12,75,33,80,0.3333333333333333,0.16666666666666666,0.5,5.846438775057725
Outer Mission,37.71871,-122.44589,Entire home/apt,3,0,0.0,f,20,80,24,44,0.3333333333333333,0.6666666666666666,0.6666666666666666,5.003946305945459
Mission,37.74931,-122.41737,Entire home/apt,2,0,0.0,f,10,131,31,69,0.5,0.5,0.5,4.997212273764115
Bernal Heights,37.73466,-122.41694,Entire home/apt,8,28,4.93,f,3,159,56,84,0.5,0.3125,0.75,6.003887067106539
Downtown/Civic Center,37.7889904,-122.4127915,Entire home/apt,4,0,0.0,t,19,308,50,69,0.25,0.25,0.5,5.652489180268651
Inner Richmond,37.77541,-122.46317,Entire home/apt,4,17,4.65,t,0,242,47,58,0.5,0.25,0.5,4.962844630259907
Downtown/Civic Center,37.78795,-122.41346,Entire home/apt,4,0,0.0,f,0,180,22,68,0.25,0.25,0.5,6.1092475827643655
Downtown/Civic Center,37.77759,-122.42117,Entire home/apt,2,26,4.92,t,5,8,14,75,0.5,0.5,0.5,4.969813299576001
South of Market,37.77716,-122.4089,Private room,4,5,4.4,f,12,313,30,83,0.25,0.25,0.5,5.153291594497779
Parkside,37.74263,-122.47576,Private room,2,8,4.63,f,0,335,9,79,0.0,0.5,0.5,4.127134385045092
Financial District,37.78915,-122.40671,Private room,2,90,4.34,f,30,212,11,30,0.5,0.0,0.5,4.624972813284271
Bayview,37.73981,-122.40035,Entire home/apt,7,53,4.75,t,9,140,55,20,0.42857142857142855,0.2857142857142857,0.5714285714285714,5.153291594497779
West of Twin Peaks,37.74365,-122.45889,Entire home/apt,3,435,4.75,f,5,206,54,60,0.0,0.3333333333333333,0.3333333333333333,4.406719247264253
Potrero Hill,37.76115,-122.4034,Entire home/apt,2,3,5.0,f,0,235,59,75,0.5,0.5,0.5,4.709530201312334
Russian Hill,37.8001751473809,-122.41466614408216,Entire home/apt,5,29,4.93,f,6,239,61,63,0.6,0.4,0.6,6.856461984594587
Crocker Amazon,37.70911,-122.44886,Private room,1,3,5.0,f,18,353,43,9,1.0,2.0,1.0,3.784189633918261
Bayview,37.72944,-122.38381,Private room,1,7,5.0,f,23,358,69,45,1.0,1.0,1.0,4.248495242049359
Inner Sunset,37.75698,-122.4669,Private room,4,94,4.7,f,14,68,40,79,0.25,0.25,1.0,4.59511985013459
Downtown/Civic Center,37.7884146,-122.4215935,Private room,2,0,0.0,f,30,365,34,46,0.5,0.5,0.5,5.572154032177765
Mission,37.761097,-122.424545,Private room,2,472,4.9,t,12,180,51,29,0.5,0.5,0.5,4.442651256490317
Castro/Upper Market,37.76584,-122.43616,Private room,3,437,4.91,t,7,313,57,74,0.3333333333333333,0.3333333333333333,0.6666666666666666,4.820281565605037
Downtown/Civic Center,37.78970069014047,-122.41151782146832,Entire home/apt,4,1,5.0,t,22,119,46,79,0.25,0.25,0.5,5.459585514144159
Castro/Upper Market,37.7624,-122.42661,Entire home/apt,2,508,4.81,t,8,146,32,37,0.5,0.5,0.5,5.19295685089021
Western Addition,37.774323,-122.43644,Private room,4,46,4.96,t,5,292,55,41,0.5,0.25,0.5,5.497168225293202
West of Twin Peaks,37.7343097,-122.4589306,Entire home/apt,4,10,4.9,f,1,297,53,67,0.25,0.25,0.5,5.147494476813453
Mission,37.76082510952615,-122.41796214197512,Private room,2,2,5.0,t,0,210,28,69,0.5,0.5,0.5,4.727387818712341
South of Market,37.77720650251494,-122.41045341647738,Entire home/apt,8,36,4.92,f,14,240,56,81,0.5,0.125,0.5,6.476972362889683
Outer Richmond,37.7842,-122.48576,Entire home/apt,5,27,4.85,f,0,89,32,53,0.4,0.2,0.4,5.707110264748875
West of Twin Peaks,37.72502,-122.45698,Private room,2,16,4.88,t,25,346,27,34,0.5,0.25,0.5,4.356708826689592
Parkside,37.74063,-122.49381,Private room,2,138,4.85,f,18,71,37,81,0.5,0.5,0.5,4.672828834461906
Downtown/Civic Center,37.78311,-122.40953,Entire home/apt,4,4,4.5,f,15,344,40,70,0.25,0.25,0.5,5.703782474656201
Outer Sunset,37.75799,-122.50769,Entire home/apt,2,189,4.9,f,10,51,39,80,0.5,0.5,0.0,4.9344739331306915
South of Market,37.783497,-122.40693,Private room,2,405,4.74,f,27,108,21,19,0.5,0.5,0.5,5.181783550292085
Downtown/Civic Center,37.7884146,-122.4215935,Private room,2,3,3.67,f,30,365,34,46,0.5,0.5,0.5,5.736572297479192
Pacific Heights,37.79026,-122.42914,Entire home/apt,4,109,4.45,f,11,346,25,41,0.5,0.25,0.75,6.1092475827643655
Mission,37.76373,-122.41752,Entire home/apt,6,0,0.0,f,0,212,36,9,0.5,0.3333333333333333,0.6666666666666666,5.560681631015528
Western Addition,37.77194,-122.43583,Private room,2,481,4.81,f,15,164,44,81,0.5,0.5,0.5,4.897839799950911
Bayview,37.7374,-122.39508,Entire home/apt,5,96,4.66,f,17,165,28,80,0.2,0.2,0.4,4.394449154672439
Western Addition,37.7858367,-122.4444959,Private room,2,9,5.0,f,8,331,43,73,0.5,0.5,0.5,5.583496308781699
Marina,37.80132,-122.43092,Entire home/apt,4,66,4.88,f,30,365,33,35,0.5,0.375,0.75,6.182084906716632
Castro/Upper Market,37.75975,-122.44625,Entire home/apt,4,98,4.97,t,1,14,46,80,0.0,0.25,0.5,5.41610040220442
Parkside,37.73865,-122.48404,Private room,6,147,4.61,f,11,251,30,89,0.5,0.3333333333333333,0.5,5.298317366548036
Bernal Heights,37.74069,-122.41052,Private room,1,14,5.0,f,17,291,43,79,1.0,1.0,1.0,4.499809670330265
Inner Sunset,37.75893,-122.46496,Entire home/apt,2,605,4.95,t,2,50,34,71,0.5,0.5,0.5,5.14166355650266
Haight Ashbury,37.77008550396967,-122.44722767317133,Entire home/apt,9,5,5.0,f,12,340,46,72,0.5555555555555556,0.16666666666666666,0.5555555555555556,7.00850518208228
Downtown/Civic Center,37.7889904,-122.4127915,Entire home/apt,4,2,5.0,f,0,180,24,66,0.25,0.25,0.5,5.703782474656201
Mission,37.75087329580528,-122.42371354128962,Private room,2,0,0.0,f,6,310,12,82,0.5,0.5,0.5,5.652489180268651
Nob Hill,37.78986,-122.42032,Private room,2,136,4.76,f,29,361,25,37,0.0,0.5,0.5,4.948759890378168
Twin Peaks,37.75782,-122.44575,Entire home/apt,5,135,4.93,t,15,240,53,85,0.2,0.2,1.2,5.272999558563747
Lakeshore,37.73193,-122.4859,Entire home/apt,2,34,4.91,f,15,76,49,69,0.5,0.5,0.5,4.836281906951478
South of Market,37.77511,-122.40265,Entire home/apt,6,23,4.96,t,0,0,46,44,0.5,0.3333333333333333,0.5,6.881411303642535
Nob Hill,37.79575,-122.41056,Private room,2,10,4.9,t,0,255,31,32,0.5,0.5,0.5,4.382026634673881
South of Market,37.77733,-122.40859,Entire home/apt,2,5,5.0,f,0,58,13,62,0.0,0.5,0.0,4.382026634673881
Marina,37.79809,-122.43464,Entire home/apt,2,13,4.69,t,0,229,25,84,0.5,0.5,1.0,5.075173815233827
Nob Hill,37.79112,-122.41198,Entire home/apt,4,38,4.55,t,4,296,66,78,0.25,0.25,0.5,4.77912349311153
Downtown/Civic Center,37.7884146,-122.4215935,Private room,2,0,0.0,f,30,365,36,47,0.5,0.5,0.5,5.572154032177765
Castro/Upper Market,37.76825,-122.43824,Entire home/apt,6,81,4.84,t,10,147,47,79,0.3333333333333333,0.16666666666666666,0.5,5.278114659230517
Haight Ashbury,37.77175,-122.45012,Private room,2,754,4.55,t,12,339,19,24,0.5,1.0,0.5,4.543294782270004
South of Market,37.78543,-122.3956,Entire home/apt,2,17,4.88,t,2,156,52,74,0.5,0.5,0.5,4.787491742782046
Outer Richmond,37.77575,-122.49562,Entire home/apt,4,218,4.8,t,11,321,44,85,0.5,0.25,0.5,5.087596335232384
Russian Hill,37.80655,-122.42111,Entire home/apt,6,19,4.68,t,9,15,35,75,0.3333333333333333,0.16666666666666666,0.5,6.253828811575473
Haight Ashbury,37.773120956298285,-122.44034422701552,Private room,2,0,0.0,f,29,269,53,79,0.5,0.5,0.5,4.941642422609304
Mission,37.75594,-122.41105,Private room,1,92,4.63,f,0,192,45,32,1.0,1.0,1.0,4.454347296253507
Downtown/Civic Center,37.7892184017746,-122.41393090405523,Entire home/apt,4,6,5.0,t,2,38,30,59,0.25,0.25,0.5,5.568344503761097
North Beach,37.80451,-122.41351,Private room,1,88,4.74,f,0,226,40,81,1.0,1.5,1.0,4.48863636973214
Potrero Hill,37.76096593972297,-122.40540610494564,Entire home/apt,6,0,0.0,t,0,89,59,54,0.5,0.25,0.8333333333333334,5.8522024797744745
Bernal Heights,37.7427,-122.42011,Private room,2,40,5.0,t,10,53,35,62,0.5,0.5,0.5,4.6443908991413725
Marina,37.805791,-122.4376589,Entire home/apt,2,1,5.0,f,23,298,21,61,0.5,0.5,0.0,5.501258210544727
Downtown/Civic Center,37.7876407,-122.4202681,Entire home/apt,2,1,5.0,f,0,90,22,74,0.5,0.5,0.5,5.3706380281276624
Noe Valley,37.74311,-122.42817,Entire home/apt,3,4,4.75,f,16,351,35,34,0.6666666666666666,0.3333333333333333,0.6666666666666666,5.365976015021851
Glen Park,37.74159,-122.43159,Private room,2,79,4.97,t,13,317,71,88,0.5,0.5,1.0,5.081404364984463
South of Market,37.77329,-122.42053,Entire home/apt,2,64,4.86,t,28,363,16,42,0.5,0.5,0.5,4.941642422609304
Downtown/Civic Center,37.7884146,-122.4215935,Private room,2,1,4.0,f,30,365,35,49,0.5,0.5,0.5,5.572154032177765
Financial District,37.79839,-122.3991,Entire home/apt,2,0,0.0,f,30,365,12,79,0.5,0.5,0.5,6.263398262591624
Castro/Upper Market,37.76347,-122.44245,Private room,2,199,4.95,t,7,172,41,75,0.5,0.5,0.5,5.062595033026967
Bernal Heights,37.74295,-122.41895,Entire home/apt,6,45,4.98,f,0,35,82,52,0.5,0.25,0.5,6.249975242259483
Western Addition,37.7727,-122.43095,Private room,2,6,4.67,f,0,148,51,64,0.5,1.0,0.5,4.605170185988092
Noe Valley,37.74916,-122.43629,Entire home/apt,5,28,5.0,f,0,269,45,76,0.6,0.4,0.4,6.638567789166521
Excelsior,37.73248,-122.40603,Private room,2,12,4.67,f,20,170,37,51,0.5,1.0,0.5,3.9512437185814275
Downtown/Civic Center,37.7884146,-122.4215935,Private room,2,0,0.0,f,30,365,35,46,0.5,0.5,0.5,5.572154032177765
Western Addition,37.78408,-122.44227,Entire home/apt,4,50,4.74,f,0,243,56,85,0.25,0.25,0.5,5.099866427824199
Russian Hill,37.7991,-122.42241,Entire home/apt,2,0,0.0,f,23,358,9,26,0.5,0.5,0.5,5.41610040220442
Outer Richmond,37.78196,-122.4922,Entire home/apt,2,276,4.98,t,3,78,36,90,0.0,0.5,1.0,5.081404364984463
South of Market,37.78836,-122.39124,Entire home/apt,2,13,4.85,f,1,226,37,60,0.0,0.5,0.5,4.68213122712422
Nob Hill,37.79141385609879,-122.41350514057385,Private room,4,10,4.8,f,0,320,31,80,0.5,0.5,0.5,6.135564891081739
Mission,37.74977,-122.40941,Entire home/apt,3,2,5.0,f,0,260,35,82,0.3333333333333333,0.3333333333333333,0.6666666666666666,4.700480365792417
Downtown/Civic Center,37.78931,-122.41418,Entire home/apt,6,0,0.0,t,30,68,10,50,0.3333333333333333,0.3333333333333333,0.5,5.58724865840025
Haight Ashbury,37.77181201046846,-122.4496192570482,Entire home/apt,4,2,5.0,t,1,150,55,28,0.25,0.25,0.5,5.298317366548036
Noe Valley,37.75138,-122.4413,Entire home/apt,2,49,4.76,t,0,228,55,49,0.5,0.5,0.5,4.976733742420574
Marina,37.79655,-122.43357,Entire home/apt,2,10,4.8,t,0,256,34,73,0.0,0.5,1.0,4.787491742782046
Outer Richmond,37.77927,-122.48432,Entire home/apt,4,13,4.77,t,0,304,58,75,0.25,0.25,0.5,5.135798437050262
Outer Richmond,37.77404,-122.50783,Entire home/apt,2,308,4.9,t,9,9,46,63,0.0,0.5,0.5,4.770684624465665
Inner Richmond,37.7765659,-122.4663726,Entire home/apt,4,0,0.0,f,28,57,19,14,0.75,0.375,1.0,5.123963979403259
South of Market,37.7742931,-122.3912079,Entire home/apt,3,26,4.96,t,15,257,62,55,0.3333333333333333,0.3333333333333333,0.3333333333333333,6.095824562432225
South of Market,37.77856,-122.40943,Private room,2,2,4.5,f,0,186,21,69,0.5,1.0,1.0,3.6888794541139363
Outer Sunset,37.75927,-122.47856,Entire home/apt,3,6,5.0,f,30,365,46,80,0.3333333333333333,0.3333333333333333,0.3333333333333333,4.23410650459726
South of Market,37.77243410000001,-122.3972595,Entire home/apt,3,8,4.88,f,0,241,63,72,0.3333333333333333,0.5,0.0,5.8971538676367405
Inner Sunset,37.76344,-122.47519,Entire home/apt,2,332,4.96,t,2,109,36,79,0.5,0.5,0.5,4.867534450455582
Outer Sunset,37.74846,-122.48869,Private room,2,72,4.75,t,4,43,40,85,0.5,0.5,0.5,4.143134726391533
Marina,37.79712,-122.44556,Entire home/apt,4,9,5.0,f,0,258,50,14,0.75,0.5,0.75,5.926926025970411
Downtown/Civic Center,37.7884146,-122.4215935,Private room,2,1,5.0,f,30,365,35,49,0.5,0.5,0.5,5.572154032177765
Crocker Amazon,37.71047,-122.4433,Private room,2,11,4.91,t,29,269,59,56,0.5,0.5,0.5,4.189654742026425
North Beach,37.8054714,-122.4168419,Entire home/apt,4,0,0.0,f,27,357,45,70,0.0,0.25,0.25,6.210600077024653
South of Market,37.7743227,-122.410099,Entire home/apt,4,0,0.0,f,0,279,38,73,0.5,0.25,1.0,4.912654885736052
South of Market,37.7726424,-122.393188,Entire home/apt,2,11,5.0,t,4,297,56,74,0.5,0.5,0.5,5.771441123130016
South of Market,37.77572,-122.40955,Private room,2,217,4.99,t,11,132,58,77,0.5,0.5,0.5,4.574710978503383
Mission,37.76655,-122.42087,Entire home/apt,3,9,4.56,f,2,335,57,82,0.6666666666666666,0.3333333333333333,0.6666666666666666,5.60947179518496
Pacific Heights,37.79288,-122.43086,Entire home/apt,2,264,4.98,t,3,61,45,67,0.0,0.5,0.5,5.780743515792329
Chinatown,37.79515,-122.4067,Private room,4,28,5.0,t,22,254,67,73,0.25,0.375,0.25,6.1224928095143865
Visitacion Valley,37.7136553,-122.3997598,Entire home/apt,4,31,4.97,t,14,248,52,87,0.5,0.5,0.5,5.181783550292085
Ocean View,37.72169,-122.4624,Entire home/apt,4,0,0.0,f,27,59,34,60,0.5,0.25,0.5,4.709530201312334
Noe Valley,37.74639,-122.42864,Entire home/apt,3,181,4.81,t,15,340,45,82,0.3333333333333333,0.3333333333333333,0.3333333333333333,5.0689042022202315
Inner Richmond,37.77859,-122.4664,Entire home/apt,2,112,4.98,t,4,90,37,83,0.5,0.5,0.5,4.990432586778736
Noe Valley,37.74929,-122.42732,Entire home/apt,6,43,4.93,f,0,10,58,72,0.6666666666666666,0.3333333333333333,0.6666666666666666,7.24422751560335
Marina,37.80151,-122.42562,Hotel room,2,0,0.0,f,29,364,24,45,0.5,0.5,0.0,5.976350909297934
Bayview,37.73616,-122.39013,Private room,2,1,5.0,t,24,144,38,9,0.5,1.0,0.5,3.8066624897703196
Downtown/Civic Center,37.77512,-122.42004,Entire home/apt,2,13,5.0,f,1,336,37,36,0.5,0.5,0.5,5.075173815233827
Inner Sunset,37.76535,-122.46427,Entire home/apt,4,58,4.97,f,8,144,41,82,0.5,0.25,0.5,6.030685260261263
South of Market,37.77766,-122.4143,Hotel room,2,0,0.0,f,24,339,23,44,0.5,0.5,0.0,5.342334251964811
South of Market,37.77441,-122.40162,Entire home/apt,5,24,5.0,t,12,249,65,75,0.4,0.4,0.6,6.0330862217988015
Potrero Hill,37.75675582885742,-122.4001693725586,Private room,2,413,4.91,t,7,245,51,53,0.5,0.5,0.5,5.181783550292085
Haight Ashbury,37.76395,-122.44767,Private room,2,252,4.99,f,12,275,31,18,0.5,0.5,0.5,5.062595033026967
Financial District,37.7882187,-122.4030532,Entire home/apt,6,1,5.0,t,4,297,42,68,0.3333333333333333,0.3333333333333333,0.5,7.007600613951853
Downtown/Civic Center,37.78706350652868,-122.41080558156852,Private room,2,0,0.0,f,0,269,16,44,0.5,0.5,0.5,4.143134726391533
Noe Valley,37.74642,-122.43032,Entire home/apt,8,7,4.86,f,0,223,67,72,0.5,0.375,0.625,6.763884908562435
Castro/Upper Market,37.76765420599813,-122.43855620447458,Entire home/apt,6,98,4.99,t,11,224,53,68,0.5,0.4166666666666667,0.5,6.220590170099739
Western Addition,37.77157,-122.42977,Private room,2,220,4.68,f,17,138,43,59,0.5,0.5,0.5,4.290459441148391
Excelsior,37.71745,-122.42917,Private room,2,104,4.75,t,11,238,12,12,0.5,0.5,0.5,4.007333185232471
Bayview,37.7188123503473,-122.39544255623308,Entire home/apt,5,1,5.0,t,17,295,49,37,0.4,0.2,0.6,4.90527477843843
Marina,37.79683,-122.43497,Entire home/apt,4,4,4.5,f,0,335,17,36,0.5,0.5,0.5,5.966146739123692
Mission,37.7604222497624,-122.40844156593464,Entire home/apt,3,0,0.0,f,23,83,15,76,0.3333333333333333,0.3333333333333333,0.3333333333333333,5.298317366548036
Bernal Heights,37.74503,-122.41992,Entire home/apt,3,324,4.93,t,3,55,22,92,0.0,0.3333333333333333,0.3333333333333333,4.553876891600541
Outer Sunset,37.7548113,-122.4902623,Entire home/apt,6,151,4.87,t,19,291,61,84,0.5,0.25,0.5,5.805134968916488
Western Addition,37.77423477172852,-122.42544555664062,Entire home/apt,2,252,4.89,t,6,42,55,85,0.5,0.5,0.5,5.1298987149230735
Crocker Amazon,37.71263,-122.44408,Private room,2,254,4.94,t,9,37,31,81,0.5,0.5,0.5,4.189654742026425
Outer Richmond,37.77856,-122.50215,Private room,2,269,4.82,t,16,349,18,92,0.5,0.5,0.5,4.330733340286331
Haight Ashbury,37.77291,-122.45231,Entire home/apt,6,54,4.96,t,0,71,77,77,0.3333333333333333,0.16666666666666666,0.6666666666666666,6.0063531596017325
Outer Sunset,37.75158,-122.50741,Entire home/apt,4,5,5.0,t,27,84,20,79,0.5,0.5,0.5,5.298317366548036
Downtown/Civic Center,37.781231929823775,-122.41269754088046,Entire home/apt,2,2,4.0,f,0,273,63,66,0.5,0.5,0.5,5.14166355650266
Western Addition,37.77452299999999,-122.4280389,Private room,1,15,5.0,t,1,126,14,88,1.0,1.0,1.0,4.605170185988092
Mission,37.75041,-122.40685,Entire home/apt,4,0,0.0,f,16,140,12,78,0.25,0.25,0.25,5.135798437050262
Bernal Heights,37.73764534296442,-122.41239049464684,Entire home/apt,6,0,0.0,f,30,203,31,71,0.5,0.5,0.5,5.940171252720432
Outer Mission,37.72261,-122.44019,Private room,3,144,4.65,f,9,159,26,49,0.3333333333333333,0.3333333333333333,0.6666666666666666,3.9318256327243257
Inner Richmond,37.7756496,-122.4701316,Entire home/apt,4,5,4.4,f,0,275,26,5,0.5,0.25,0.5,4.976733742420574
Outer Sunset,37.74853,-122.50151,Entire home/apt,2,14,5.0,t,29,303,50,60,0.5,0.5,0.5,5.2574953720277815
Visitacion Valley,37.71342,-122.41028,Private room,4,300,4.91,t,5,203,29,41,0.25,0.25,0.5,4.0943445622221
Nob Hill,37.79021,-122.41923,Private room,2,3,5.0,f,0,244,10,57,0.5,0.5,0.5,4.787491742782046
Outer Mission,37.71275,-122.45263,Private room,1,9,4.56,f,1,336,27,69,1.0,2.0,1.0,3.828641396489095
Outer Richmond,37.7773,-122.49425,Entire home/apt,2,0,0.0,f,29,364,37,68,0.5,0.5,0.5,4.787491742782046
Marina,37.79759,-122.42398,Private room,2,115,4.45,f,29,259,21,14,0.5,0.5,0.5,4.762173934797756
Mission,37.7539,-122.42339,Private room,1,132,4.79,f,3,223,26,59,1.0,1.5,1.0,4.532599493153256
Outer Mission,37.722122888314175,-122.44960600774154,Private room,2,2,1.5,f,29,364,23,56,0.5,0.5,0.5,3.8501476017100584
Outer Mission,37.71144,-122.44691,Private room,2,28,4.11,f,30,270,14,36,0.5,0.5,0.5,4.189654742026425
Castro/Upper Market,37.76136,-122.44253,Entire home/apt,2,14,4.93,f,30,365,21,49,0.0,0.5,0.5,5.0106352940962555
Downtown/Civic Center,37.78535,-122.4175,Entire home/apt,2,6,4.17,f,24,359,49,71,0.5,0.5,0.5,4.919980925828125
Mission,37.74971,-122.4155,Entire home/apt,10,140,4.89,t,5,21,39,71,0.4,0.4,0.5,6.354370040797351
Outer Sunset,37.76329,-122.47808,Private room,1,8,4.63,f,29,364,25,32,1.0,1.0,1.0,3.9889840465642745
Outer Sunset,37.7593902,-122.5060959,Entire home/apt,7,180,4.95,t,16,241,57,71,0.42857142857142855,0.21428571428571427,0.5714285714285714,6.049733455231958
Potrero Hill,37.7611051,-122.4026142,Entire home/apt,2,4,5.0,t,27,238,29,91,0.5,0.5,0.5,4.9344739331306915
Outer Mission,37.71383,-122.45033,Private room,1,11,4.45,f,27,362,27,43,1.0,1.0,1.0,4.343805421853684
South of Market,37.78662,-122.39278,Entire home/apt,2,1,5.0,t,4,226,68,36,0.5,0.5,0.5,5.5909869805108565
Noe Valley,37.7548,-122.43413,Private room,2,429,4.84,t,4,112,15,42,0.5,0.5,0.5,4.663439094112067
Downtown/Civic Center,37.7787601,-122.4222545,Entire home/apt,2,1,5.0,f,23,220,34,54,0.0,0.0,0.5,4.919980925828125
Western Addition,37.78576,-122.42521,Private room,2,5,5.0,t,19,343,36,76,0.5,0.5,0.5,5.117993812416755
Outer Richmond,37.7774,-122.50255,Entire home/apt,4,316,4.44,f,22,249,42,70,0.25,0.25,0.5,5.375278407684165
Western Addition,37.77773,-122.43893,Entire home/apt,1,62,4.69,t,0,272,21,45,1.0,1.0,2.0,4.406719247264253
Nob Hill,37.79017,-122.41383,Entire home/apt,4,120,4.84,t,18,333,55,50,0.25,0.125,0.5,5.703782474656201
Excelsior,37.72344,-122.43174,Entire home/apt,6,214,4.86,t,0,64,52,72,0.3333333333333333,0.3333333333333333,0.6666666666666666,5.19295685089021
Downtown/Civic Center,37.7884146,-122.4215935,Private room,2,1,4.0,f,30,365,35,62,0.5,0.5,0.5,5.572154032177765
Russian Hill,37.79932,-122.41973,Entire home/apt,4,5,4.6,f,29,364,8,22,0.5,0.25,0.5,6.309918278226516
Potrero Hill,37.7551407,-122.3990095,Entire home/apt,4,1,4.0,f,0,164,14,61,0.5,0.5,0.0,5.4638318050256105
Outer Sunset,37.74883,-122.48879,Entire home/apt,4,7,4.86,f,11,254,52,71,0.5,0.25,0.5,5.19295685089021
Outer Sunset,37.74689,-122.48599,Entire home/apt,4,4,5.0,t,13,136,40,77,0.5,0.25,0.5,5.099866427824199
Western Addition,37.77848,-122.44118,Private room,2,333,4.97,t,12,15,68,79,0.5,0.5,0.5,4.74493212836325
Downtown/Civic Center,37.78614958782643,-122.40925872883606,Private room,2,1,5.0,f,1,74,24,30,0.5,0.5,0.5,5.958424693029782
Inner Richmond,37.77643446823986,-122.4703525163174,Entire home/apt,2,427,4.91,t,3,12,38,48,0.5,0.5,1.0,5.176149732573829
Inner Richmond,37.77872,-122.47531,Entire home/apt,8,23,5.0,f,0,296,57,84,0.375,0.25,0.625,6.161207321695077
Noe Valley,37.75342,-122.4357,Entire home/apt,6,3,5.0,f,0,126,36,77,0.5,0.25,0.6666666666666666,6.230481447578482
Nob Hill,37.79001,-122.41051,Entire home/apt,2,0,0.0,f,28,363,46,70,0.5,0.5,0.5,6.021023349349527
Marina,37.804222928760296,-122.44025591013455,Entire home/apt,2,1,5.0,f,0,59,15,77,0.0,0.5,0.5,5.220355825078324
Noe Valley,37.75117,-122.42567,Private room,1,63,4.93,f,2,337,7,0,1.0,0.5,1.0,4.605170185988092
Chinatown,37.79218,-122.40778,Private room,2,76,4.75,f,17,146,20,22,0.5,0.75,0.5,5.153291594497779
Haight Ashbury,37.77513415985184,-122.43851670674592,Entire home/apt,4,8,4.88,f,1,6,33,58,0.25,0.25,0.5,5.170483995038151
Western Addition,37.7731,-122.424394,Entire home/apt,3,3,5.0,f,0,117,43,30,0.6666666666666666,0.3333333333333333,0.6666666666666666,5.220355825078324
Nob Hill,37.79343,-122.41323,Entire home/apt,4,42,5.0,t,5,304,63,63,0.25,0.25,0.5,5.805134968916488
Mission,37.770357678900496,-122.4223977022981,Entire home/apt,4,0,0.0,f,0,87,7,46,0.5,0.25,0.5,5.198497031265826
Russian Hill,37.80201,-122.41891,Entire home/apt,2,158,4.67,t,0,81,30,38,0.5,0.5,1.0,4.969813299576001
Outer Richmond,37.77817,-122.50428,Private room,2,405,4.81,t,13,323,44,73,0.5,0.5,0.5,4.6913478822291435
Nob Hill,37.79108,-122.42006,Private room,1,193,4.74,f,29,359,23,37,0.0,1.0,1.0,4.882801922586371
Downtown/Civic Center,37.78605,-122.41613,Entire home/apt,2,1,4.0,f,14,254,24,67,0.0,0.5,0.5,4.356708826689592
Pacific Heights,37.79702,-122.4241,Private room,4,448,4.6,f,0,321,20,30,0.25,0.25,0.5,5.0106352940962555
Downtown/Civic Center,37.7884146,-122.4215935,Private room,2,0,0.0,f,30,365,35,49,0.5,0.5,0.5,5.572154032177765
Mission,37.75841971875468,-122.42526367306712,Private room,2,3,5.0,f,3,47,34,75,0.5,0.5,1.0,5.181783550292085
South of Market,37.77766,-122.4143,Hotel room,8,0,0.0,f,26,348,23,44,0.25,0.25,0.0,5.961005339623274
Downtown/Civic Center,37.7884146,-122.4215935,Private room,2,0,0.0,f,30,365,34,46,0.5,0.5,0.5,5.572154032177765
Russian Hill,37.79825,-122.41366,Entire home/apt,4,122,4.94,f,0,108,48,163,0.5,0.25,0.5,4.90527477843843
Downtown/Civic Center,37.78937,-122.40726,Entire home/apt,2,13,4.69,t,14,14,35,81,0.0,0.5,1.0,4.897839799950911
Twin Peaks,37.75192,-122.45106,Entire home/apt,5,153,4.93,t,13,329,44,85,0.6,0.4,1.0,5.87493073085203
South of Market,37.7776592,-122.4142959,Hotel room,2,0,0.0,f,26,348,23,42,0.5,0.5,0.0,5.389071729816501
Haight Ashbury,37.77335,-122.44489,Entire home/apt,4,125,4.95,f,6,294,43,78,0.25,0.25,0.5,5.5134287461649825
Mission,37.74856,-122.42105,Entire home/apt,4,6,5.0,t,0,237,48,78,0.5,0.25,0.5,5.170483995038151
Potrero Hill,37.7614,-122.39783,Entire home/apt,6,1,5.0,f,13,272,19,84,0.3333333333333333,0.16666666666666666,0.5,5.739792912179234
Western Addition,37.77802,-122.42431,Entire home/apt,2,23,4.91,t,0,283,19,31,0.0,0.5,0.0,4.787491742782046
Marina,37.80077,-122.42981,Entire home/apt,6,19,4.74,f,10,335,36,80,0.5,0.3333333333333333,0.5,5.8377304471659395
Nob Hill,37.79531,-122.41265,Entire home/apt,6,14,4.79,t,0,255,34,75,0.5,0.3333333333333333,0.5,5.631211781821365
Bernal Heights,37.747303,-122.409706,Entire home/apt,2,275,4.93,t,14,133,52,84,0.5,0.5,0.5,4.90527477843843
Mission,37.75454,-122.42242,Entire home/apt,6,6,4.33,t,6,259,43,77,0.5,0.5,0.5,5.003946305945459
Potrero Hill,37.76391,-122.3934,Entire home/apt,4,557,4.98,t,3,319,32,78,0.25,0.25,0.25,5.476463551931511
Inner Richmond,37.7756,-122.4776,Private room,2,55,4.75,t,7,328,30,66,0.5,0.5,0.5,4.736198448394496
Chinatown,37.79222428637281,-122.40788824861016,Entire home/apt,4,0,0.0,f,0,10,20,11,0.25,0.25,0.5,5.717027701406222
Bayview,37.73909,-122.39807,Private room,2,11,4.36,f,29,364,25,78,0.5,0.5,0.5,3.713572066704308
North Beach,37.80396,-122.41301,Private room,1,2,5.0,f,27,267,12,84,1.0,0.5,1.0,5.187385805840755
Potrero Hill,37.75625819583144,-122.39935530926554,Entire home/apt,6,20,5.0,t,13,225,55,45,0.3333333333333333,0.3333333333333333,0.5,6.040254711277414
Marina,37.79739047653177,-122.44473638760716,Private room,2,192,4.57,f,29,170,22,84,0.5,0.5,0.5,4.77912349311153
Downtown/Civic Center,37.7890848,-122.4129685,Entire home/apt,6,0,0.0,f,7,296,49,63,0.5,0.16666666666666666,0.6666666666666666,5.988961416889864
South of Market,37.77714,-122.411,Entire home/apt,6,8,5.0,f,14,120,53,81,0.5,0.16666666666666666,0.5,6.052089168924417
Parkside,37.74351,-122.47472,Private room,2,12,4.92,t,8,343,46,75,0.5,0.5,0.5,4.634728988229636
Glen Park,37.73742,-122.43529,Entire home/apt,2,13,5.0,t,0,272,45,48,0.0,0.5,0.5,4.804021044733257
Noe Valley,37.7558,-122.43257,Entire home/apt,5,12,5.0,f,0,42,16,39,0.6,0.4,0.6,6.723832440821209
Castro/Upper Market,37.76295,-122.43424,Entire home/apt,4,0,0.0,f,0,223,29,48,0.5,0.5,0.5,4.7535901911063645
Outer Sunset,37.7512,-122.50424,Private room,2,165,4.81,t,27,359,36,76,0.5,0.5,0.5,4.48863636973214
Western Addition,37.77636,-122.43209,Entire home/apt,6,17,5.0,f,0,0,29,160,0.5,0.3333333333333333,0.6666666666666666,5.863631175598097
Mission,37.7558,-122.40671,Private room,1,0,0.0,t,0,335,21,87,1.0,1.0,1.0,4.0943445622221
Outer Sunset,37.76103,-122.50152,Entire home/apt,2,97,4.96,f,0,200,38,82,0.5,0.5,0.5,5.298317366548036
South of Market,37.7749,-122.41573,Entire home/apt,2,5,4.8,t,0,305,68,35,0.0,0.5,0.5,5.153291594497779
Presidio Heights,37.7876,-122.44745,Entire home/apt,2,91,4.95,t,3,231,51,80,0.5,0.5,0.5,5.44673737166631
West of Twin Peaks,37.73372,-122.45778,Entire home/apt,4,121,4.83,f,19,338,37,88,0.5,0.5,0.5,5.5093883366279774
South of Market,37.78173725830773,-122.40432050678577,Entire home/apt,2,31,5.0,t,15,59,45,75,0.5,0.5,0.5,5.736572297479192
Outer Mission,37.73135757446289,-122.44217681884766,Entire home/apt,2,10,5.0,t,0,329,21,65,0.5,0.5,0.5,4.948759890378168
Castro/Upper Market,37.76171,-122.4273,Entire home/apt,4,19,4.79,f,0,210,30,73,0.5,0.25,0.5,5.429345628954441
Castro/Upper Market,37.76495,-122.43061,Private room,2,1,5.0,t,12,274,14,66,0.5,0.5,0.5,4.624972813284271
Western Addition,37.78863,-122.42882,Entire home/apt,8,19,5.0,f,28,358,67,36,0.375,0.3125,0.5,7.1308988302963465
North Beach,37.80619,-122.41744,Private room,4,1,5.0,t,12,252,14,73,0.25,0.25,0.5,5.41610040220442
Parkside,37.74245616660865,-122.50423138281931,Entire home/apt,3,328,4.77,t,14,248,47,37,0.3333333333333333,0.3333333333333333,0.3333333333333333,4.997212273764115
South of Market,37.7764063,-122.4151619,Private room,2,51,4.43,f,26,319,43,74,0.5,1.5,0.5,4.820281565605037
Nob Hill,37.78994369506836,-122.41272735595705,Entire home/apt,2,35,5.0,t,5,292,31,40,0.0,0.5,0.5,4.8283137373023015
North Beach,37.80065,-122.4084,Private room,2,52,4.6,f,6,280,16,60,0.5,0.5,0.5,5.147494476813453
Bayview,37.72212,-122.40008,Entire home/apt,6,130,4.78,t,10,125,43,84,0.5,0.3333333333333333,0.5,5.236441962829949
Russian Hill,37.8056755065918,-122.42237854003906,Entire home/apt,6,24,4.96,f,28,82,45,81,0.3333333333333333,0.3333333333333333,0.3333333333333333,6.398594934535208
Western Addition,37.78600741730256,-122.43140722098175,Entire home/apt,2,0,0.0,f,28,363,42,78,0.5,0.5,0.5,5.986452005284438
Twin Peaks,37.75255,-122.45248,Entire home/apt,6,46,5.0,f,15,68,47,36,0.5,0.3333333333333333,0.5,5.4638318050256105
South of Market,37.76703,-122.39691,Private room,2,8,5.0,t,0,7,73,80,0.5,0.5,0.5,5.147494476813453
South of Market,37.77242,-122.42209,Private room,2,48,4.17,f,19,349,19,75,0.5,0.5,0.5,4.61512051684126
Western Addition,37.77827,-122.43053,Entire home/apt,4,69,4.78,f,4,103,37,33,1.0,0.375,1.0,5.1647859739235145
Castro/Upper Market,37.76378,-122.44128,Entire home/apt,5,37,4.95,f,3,3,37,82,0.6,0.4,0.6,6.20455776256869
Outer Sunset,37.75908444170659,-122.4847681345632,Entire home/apt,8,119,4.97,t,2,168,51,72,0.25,0.25,0.625,5.332718793265369
Mission,37.76302,-122.41999,Entire home/apt,2,21,4.52,f,4,262,25,33,0.5,0.5,0.5,4.787491742782046
Mission,37.75006,-122.42386,Private room,2,2,5.0,t,14,331,63,33,0.5,0.5,0.5,5.703782474656201
Outer Richmond,37.78456,-122.48197,Private room,1,5,4.8,t,0,315,20,80,1.0,1.0,1.0,4.007333185232471
Mission,37.76682,-122.42117,Private room,2,135,4.39,f,22,351,25,59,0.5,0.5,0.5,4.59511985013459
Outer Mission,37.7302,-122.44568,Private room,2,307,4.91,t,12,245,70,64,0.5,0.5,0.5,4.919980925828125
Outer Sunset,37.76517,-122.47909,Entire home/apt,6,5,4.2,f,30,270,35,78,0.5,0.16666666666666666,0.6666666666666666,4.74493212836325
Bernal Heights,37.73354,-122.4228,Entire home/apt,2,178,4.93,t,13,134,29,69,0.5,0.5,0.5,5.3612921657094255
Western Addition,37.78485,-122.42712,Entire home/apt,4,0,0.0,t,0,322,26,74,0.25,0.25,0.5,5.6131281063880705
Chinatown,37.79072,-122.40796,Entire home/apt,2,21,4.62,t,0,302,29,48,0.0,0.5,0.5,4.48863636973214
Russian Hill,37.79777,-122.41152,Entire home/apt,5,0,0.0,t,29,364,90,8,0.4,0.2,0.8,5.583496308781699
Russian Hill,37.80167,-122.42338,Entire home/apt,4,18,5.0,t,0,63,61,72,0.5,0.25,0.75,5.099866427824199
Downtown/Civic Center,37.7884146,-122.4215935,Private room,2,0,0.0,f,30,365,35,53,0.5,0.5,0.5,5.572154032177765
Chinatown,37.79241,-122.40667,Entire home/apt,2,18,4.72,f,0,100,41,74,0.5,0.5,0.5,4.74493212836325
Parkside,37.74485,-122.50806,Entire home/apt,4,8,5.0,t,0,156,23,62,0.5,0.5,0.75,5.25227342804663
South of Market,37.78097,-122.40628,Entire home/apt,4,60,4.75,t,14,74,53,47,0.25,0.25,0.25,5.10594547390058
Inner Richmond,37.7835,-122.47445,Private room,2,256,4.95,f,12,300,22,52,0.5,0.5,0.5,5.2832037287379885
Nob Hill,37.794284063412064,-122.41730067640913,Entire home/apt,2,1,5.0,f,20,324,50,49,1.5,0.5,1.0,5.10594547390058
Noe Valley,37.75521,-122.43032,Entire home/apt,4,91,4.98,t,0,260,56,47,0.75,0.5,0.75,6.052089168924417
Western Addition,37.77666,-122.42402,Private room,2,8,5.0,t,28,358,44,80,0.5,0.75,0.5,4.882801922586371
North Beach,37.8054714,-122.4168419,Entire home/apt,4,1,5.0,f,27,361,45,70,0.0,0.25,0.25,6.210600077024653
North Beach,37.80780864779443,-122.41768149854884,Hotel room,4,16,4.69,f,20,165,24,31,0.25,0.25,0.5,5.459585514144159
Chinatown,37.79771193020809,-122.40716610726014,Private room,1,4,3.75,f,0,264,18,81,1.0,2.0,1.0,3.6109179126442243
Western Addition,37.77822,-122.44544,Private room,2,49,4.88,f,1,306,47,48,0.5,0.5,0.5,4.499809670330265
Downtown/Civic Center,37.78542,-122.41077,Private room,2,14,4.64,f,24,234,43,54,0.5,0.5,0.5,4.727387818712341
Mission,37.75928384264739,-122.41634961417464,Private room,1,0,0.0,t,0,90,28,69,1.0,1.0,1.0,4.68213122712422
Inner Sunset,37.76406,-122.46944,Entire home/apt,5,8,4.88,f,14,191,52,77,0.6,0.4,0.8,5.924255797414532
Parkside,37.7363054,-122.5060459,Entire home/apt,4,0,0.0,f,7,281,29,74,0.5,0.25,0.5,5.62040086571715
Mission,37.7502,-122.42299,Entire home/apt,2,81,4.88,t,7,311,50,49,0.0,0.5,0.5,5.043425116919247
Russian Hill,37.80612,-122.41929,Entire home/apt,6,0,0.0,f,30,365,10,55,0.5,0.3333333333333333,0.6666666666666666,6.1092475827643655
Downtown/Civic Center,37.7895,-122.40912,Entire home/apt,2,2,5.0,t,0,324,61,36,0.5,0.5,0.5,5.545177444479562
Mission,37.76921,-122.42453,Entire home/apt,2,19,5.0,f,4,6,45,75,0.5,0.5,0.5,5.752572638825633
Downtown/Civic Center,37.78784,-122.41249,Entire home/apt,4,1,5.0,f,0,180,21,66,0.25,0.25,0.5,5.857933154483459
Downtown/Civic Center,37.7889904,-122.4127915,Entire home/apt,4,0,0.0,f,19,308,48,69,0.25,0.25,0.5,5.652489180268651
Crocker Amazon,37.71076004257231,-122.43362309501968,Entire home/apt,2,114,4.98,t,1,237,48,81,0.0,0.5,0.5,4.74493212836325
Ocean View,37.7129308,-122.4667123,Private room,1,0,0.0,f,29,269,7,80,1.0,1.0,1.0,3.871201010907891
Outer Richmond,37.77726,-122.49928,Entire home/apt,4,13,4.54,f,0,30,65,69,0.5,0.375,0.5,6.925595197110468
Inner Sunset,37.76176,-122.46901,Entire home/apt,2,13,4.62,t,30,180,30,19,0.5,0.5,1.0,5.293304824724492
South of Market,37.77264022827149,-122.409912109375,Hotel room,2,109,4.54,f,21,351,44,47,0.5,2.0,0.5,4.31748811353631
Russian Hill,37.80232,-122.41871,Entire home/apt,2,415,4.9,t,6,197,44,58,0.5,0.5,0.5,5.351858133476067
Downtown/Civic Center,37.78784,-122.41036,Private room,4,105,4.88,t,24,51,27,61,0.0,0.25,0.5,5.488937726156687
Inner Sunset,37.7581596,-122.4687879,Entire home/apt,2,1,5.0,f,0,220,33,5,0.5,0.5,0.5,4.74493212836325
Excelsior,37.71733791370965,-122.42930708586908,Entire home/apt,6,126,4.91,t,4,208,29,85,0.5,0.3333333333333333,0.5,5.476463551931511
Excelsior,37.72758,-122.41463,Entire home/apt,13,50,4.96,t,0,148,63,82,0.3076923076923077,0.23076923076923078,0.46153846153846156,6.556778356158042
Bernal Heights,37.73505,-122.42228,Entire home/apt,4,248,4.86,t,5,5,38,81,0.0,0.25,0.25,4.882801922586371
West of Twin Peaks,37.73823,-122.44511,Entire home/apt,9,13,5.0,f,19,168,55,70,0.4444444444444444,0.3333333333333333,0.4444444444444444,5.762051382780177
Outer Sunset,37.76031,-122.48127,Private room,2,160,4.95,t,14,328,22,39,0.5,0.5,1.0,4.430816798843313
Presidio Heights,37.78807,-122.4578,Entire home/apt,6,0,0.0,f,27,362,12,81,0.5,0.3333333333333333,0.5,6.222576268071369
Mission,37.75133,-122.41772,Entire home/apt,8,3,5.0,f,0,304,55,72,0.5,0.375,0.5,5.3706380281276624
Nob Hill,37.79015,-122.40915,Private room,2,0,0.0,f,27,98,20,73,0.5,0.5,0.5,4.969813299576001
Outer Sunset,37.75841,-122.49703,Entire home/apt,2,161,4.77,f,22,23,29,82,0.0,0.5,0.5,5.0106352940962555
Marina,37.79755017562333,-122.44248270556989,Entire home/apt,6,3,5.0,f,9,310,61,77,0.5,0.3333333333333333,0.6666666666666666,6.612041034833092
Western Addition,37.77064,-122.42554,Entire home/apt,4,14,4.5,t,0,275,41,12,0.25,0.25,0.5,4.852030263919617
Inner Sunset,37.7596664,-122.4517884,Entire home/apt,6,2,5.0,f,4,263,18,80,0.5,0.5,1.0,5.926926025970411
Haight Ashbury,37.77022,-122.44869,Entire home/apt,5,14,4.57,t,0,97,35,61,0.6,0.2,0.6,4.867534450455582
Western Addition,37.78628,-122.42465,Private room,2,1,5.0,f,14,282,6,65,0.5,0.5,0.5,5.723585101952381
Western Addition,37.78747,-122.42292,Private room,2,1,5.0,f,13,286,6,63,0.5,0.5,0.5,5.703782474656201
Downtown/Civic Center,37.7851394,-122.4097605,Private room,1,2,2.5,f,17,314,43,52,1.0,4.0,1.0,4.31748811353631
Western Addition,37.77614,-122.42852,Entire home/apt,4,18,4.94,t,0,110,44,73,0.5,0.25,0.5,4.962844630259907
Parkside,37.74411,-122.48976,Entire home/apt,4,217,4.84,t,1,127,40,86,0.5,0.25,0.75,5.14166355650266
Western Addition,37.77364,-122.43202,Entire home/apt,6,17,4.82,f,30,180,11,36,0.5,0.16666666666666666,0.5,5.652489180268651
Bayview,37.73138,-122.39497,Entire home/apt,8,161,4.98,t,10,43,48,76,0.5,0.25,0.625,5.932245187448011
Downtown/Civic Center,37.7884146,-122.4215935,Private room,2,0,0.0,f,30,365,35,71,0.5,0.5,0.5,5.572154032177765
South of Market,37.773979664951305,-122.40895145835466,Private room,2,0,0.0,f,0,334,36,9,0.5,0.5,0.5,4.6913478822291435
North Beach,37.80018,-122.40841,Private room,3,8,4.63,f,7,307,18,60,0.3333333333333333,0.3333333333333333,0.6666666666666666,5.438079308923196
Bernal Heights,37.7474311,-122.4112028,Entire home/apt,2,75,4.95,t,3,190,40,83,0.5,0.5,0.5,5.062595033026967
South of Market,37.77797,-122.41078,Private room,2,360,4.93,t,18,168,63,74,0.5,0.5,0.5,4.762173934797756
West of Twin Peaks,37.73972,-122.44835,Private room,5,3,5.0,t,15,61,38,85,0.4,0.2,0.4,5.1647859739235145
Mission,37.7557622,-122.419807,Private room,1,8,5.0,f,13,324,27,55,1.0,1.0,1.0,4.795790545596741
Nob Hill,37.79258,-122.42105,Private room,2,19,4.68,f,0,263,10,38,0.5,0.5,0.5,4.477336814478207
Nob Hill,37.79142,-122.41726,Entire home/apt,10,137,4.86,f,0,276,57,74,0.5,0.35,0.6,6.380122536899765
Western Addition,37.77135,-122.43097,Entire home/apt,5,10,4.7,f,27,333,27,52,0.4,0.2,0.6,5.3981627015177525
Downtown/Civic Center,37.7878653,-122.4104163,Entire home/apt,4,23,4.78,t,14,220,50,75,0.0,0.25,0.5,5.517452896464707
Noe Valley,37.74859,-122.4318,Entire home/apt,6,127,4.98,t,0,54,54,39,0.5,0.3333333333333333,0.5,6.856461984594587
Chinatown,37.79428517862773,-122.40864578405552,Private room,1,0,0.0,f,0,113,16,14,1.0,0.0,1.0,4.0943445622221
Downtown/Civic Center,37.78787,-122.41042,Entire home/apt,4,27,4.93,t,7,201,50,75,0.0,0.25,0.5,5.517452896464707
Parkside,37.74119,-122.49241,Private room,2,179,4.83,f,23,83,37,65,0.5,0.5,0.5,4.700480365792417
Outer Richmond,37.77853,-122.50835,Entire home/apt,4,243,4.87,t,9,290,65,89,0.25,0.25,0.75,5.1647859739235145
Outer Sunset,37.74756,-122.48026,Private room,2,22,4.73,t,0,303,18,77,0.5,0.5,0.5,3.912023005428146
Mission,37.752159870788816,-122.42296844809216,Private room,2,0,0.0,f,6,308,12,66,0.5,0.5,0.5,5.652489180268651
Marina,37.80166,-122.43901,Entire home/apt,3,12,5.0,t,0,182,38,74,0.6666666666666666,0.5,0.6666666666666666,5.568344503761097
Outer Mission,37.72738443239043,-122.43500721195936,Private room,2,12,4.83,f,9,240,12,77,0.5,0.5,0.5,4.48863636973214
Nob Hill,37.79103,-122.41541,Entire home/apt,2,2,4.5,t,1,296,50,35,0.0,0.5,0.5,5.176149732573829
Ocean View,37.71225,-122.46734,Private room,2,107,4.83,t,23,352,30,78,0.5,0.5,0.5,4.174387269895637
Western Addition,37.78662763613937,-122.42570429983246,Private room,4,11,4.91,t,10,321,43,77,0.5,0.25,0.5,5.41610040220442
Western Addition,37.77822,-122.42418,Private room,2,196,4.48,f,29,364,17,50,0.5,0.5,0.5,4.574710978503383
Downtown/Civic Center,37.78726921625649,-122.4103714311627,Entire home/apt,2,0,0.0,t,30,365,34,78,0.5,0.5,0.5,5.41610040220442
South of Market,37.77745,-122.40767,Private room,2,0,0.0,f,6,264,27,69,0.5,1.0,0.0,3.6888794541139363
Russian Hill,37.8043,-122.41612,Entire home/apt,4,0,0.0,f,0,5,6,78,0.25,0.0,0.5,6.0844994130751715
North Beach,37.80023,-122.40965,Private room,2,42,4.38,f,19,341,16,60,0.5,0.5,0.5,5.247024072160486
North Beach,37.8054714,-122.4168419,Entire home/apt,6,0,0.0,f,28,358,42,70,0.3333333333333333,0.3333333333333333,0.5,6.883462586413092
Outer Sunset,37.75161,-122.50635,Entire home/apt,4,28,4.89,f,13,254,37,86,0.5,0.25,0.5,5.4680601411351315
Mission,37.7535,-122.42215,Entire home/apt,3,85,4.4,t,0,71,23,39,0.0,0.3333333333333333,0.3333333333333333,4.6443908991413725
Mission,37.75213,-122.42359,Entire home/apt,3,7,5.0,f,0,128,21,82,0.3333333333333333,0.3333333333333333,0.3333333333333333,4.770684624465665
Inner Richmond,37.77781,-122.45916,Private room,1,95,4.69,f,4,329,24,57,1.0,1.0,1.0,3.970291913552122
Twin Peaks,37.75227,-122.45073,Entire home/apt,6,21,5.0,t,2,299,50,70,0.5,0.3333333333333333,0.5,5.579729825986222
Noe Valley,37.75197,-122.4426,Private room,1,17,4.88,f,0,305,53,68,1.0,1.0,1.0,4.51085950651685
Outer Sunset,37.7596728,-122.5072597,Entire home/apt,5,24,5.0,f,0,11,48,68,0.4,0.4,0.4,5.857933154483459
Bayview,37.73767706623599,-122.3970765860968,Entire home/apt,5,10,4.8,f,22,351,8,76,0.4,0.2,0.4,5.53338948872752
Visitacion Valley,37.714478727899206,-122.40821325625322,Entire home/apt,2,18,4.94,t,11,57,36,74,0.5,0.5,0.0,4.543294782270004
Bernal Heights,37.74139,-122.41576,Entire home/apt,2,59,4.97,f,0,58,43,40,0.0,0.5,0.5,4.983606621708336
Downtown/Civic Center,37.7889904,-122.4127915,Entire home/apt,4,3,5.0,t,16,334,50,69,0.25,0.25,0.5,5.652489180268651
South of Market,37.78818,-122.38947,Entire home/apt,2,17,4.94,t,17,299,22,46,0.0,0.5,0.5,4.852030263919617
Pacific Heights,37.79373,-122.42507,Private room,1,167,4.61,t,10,160,18,0,1.0,1.5,1.0,4.174387269895637
Marina,37.79757,-122.42562,Entire home/apt,4,9,4.89,t,1,135,26,50,0.5,0.25,0.5,5.6131281063880705
Outer Richmond,37.77227942096194,-122.50761453062296,Entire home/apt,4,30,4.97,t,5,41,56,88,0.25,0.25,0.5,5.4510384535657
Inner Richmond,37.78632885645219,-122.46560423330786,Entire home/apt,8,7,5.0,f,0,219,63,82,0.625,0.4375,0.0,6.902742737158593
Outer Mission,37.71285,-122.45034,Private room,2,233,4.82,f,22,357,30,70,0.5,0.5,0.5,4.51085950651685
Downtown/Civic Center,37.7884146,-122.4215935,Private room,2,0,0.0,f,30,365,35,70,0.5,0.5,0.5,5.572154032177765
Mission,37.75962390445428,-122.42070032442534,Entire home/apt,4,8,5.0,t,1,105,35,12,0.5,0.5,0.5,5.41610040220442
Downtown/Civic Center,37.78687,-122.41005,Entire home/apt,3,3,5.0,t,0,4,21,84,0.0,0.3333333333333333,0.6666666666666666,4.844187086458591
Bayview,37.73108,-122.38854,Entire home/apt,5,87,4.83,t,3,46,55,81,0.2,0.2,0.2,4.795790545596741
Outer Sunset,37.75661,-122.48097,Entire home/apt,3,0,0.0,t,0,335,29,73,0.6666666666666666,0.3333333333333333,0.6666666666666666,4.6443908991413725
Downtown/Civic Center,37.78913661346961,-122.4113010972357,Private room,2,0,0.0,f,6,280,16,57,0.5,0.5,0.5,4.143134726391533
South of Market,37.77510953381959,-122.41396294963798,Private room,1,0,0.0,f,0,304,8,12,1.0,1.0,1.0,3.713572066704308
Downtown/Civic Center,37.7884146,-122.4215935,Private room,2,0,0.0,f,30,365,22,49,0.5,0.5,0.5,5.572154032177765
Outer Richmond,37.77585,-122.48757,Entire home/apt,1,256,4.84,t,9,146,25,63,1.0,1.0,1.0,4.127134385045092
Crocker Amazon,37.7133516915,-122.43590300852584,Private room,1,0,0.0,f,0,25,28,40,1.0,1.5,1.0,3.8066624897703196
Outer Richmond,37.78028,-122.50252,Entire home/apt,2,958,4.92,t,5,208,32,71,0.5,0.5,0.5,4.8283137373023015
Downtown/Civic Center,37.78911,-122.41201,Entire home/apt,4,3,4.67,f,0,208,34,55,0.5,0.5,0.0,5.198497031265826
Downtown/Civic Center,37.786667,-122.408366,Private room,2,22,4.59,f,27,111,25,75,0.5,0.5,0.5,5.375278407684165
Noe Valley,37.75223,-122.44055,Private room,1,18,4.72,f,6,328,51,76,1.0,1.0,1.0,4.51085950651685
Castro/Upper Market,37.75923,-122.43522,Private room,2,100,4.9,t,20,350,51,79,0.5,1.5,0.5,5.10594547390058
Western Addition,37.77519794143242,-122.42698372695982,Entire home/apt,3,7,5.0,f,2,320,16,80,0.3333333333333333,0.3333333333333333,0.3333333333333333,6.26530121273771
Mission,37.7673,-122.41764,Private room,2,505,4.92,t,11,157,46,47,0.5,0.5,0.5,4.882801922586371
South of Market,37.77766,-122.4143,Hotel room,2,0,0.0,f,26,349,23,60,0.5,0.5,0.0,5.293304824724492
Bernal Heights,37.73988,-122.41995,Entire home/apt,3,0,0.0,t,0,335,10,35,0.6666666666666666,0.3333333333333333,0.6666666666666666,5.081404364984463
Downtown/Civic Center,37.7884146,-122.4215935,Private room,2,0,0.0,f,30,365,35,49,0.5,0.5,0.5,5.736572297479192
Mission,37.759976271074905,-122.41040812792474,Entire home/apt,4,7,5.0,t,1,130,28,55,0.25,0.25,0.5,5.030437921392435
Outer Sunset,37.76302,-122.48987,Entire home/apt,3,329,4.95,t,10,200,51,73,0.3333333333333333,0.3333333333333333,0.6666666666666666,4.976733742420574
North Beach,37.80744,-122.41854,Private room,2,2,5.0,f,28,169,21,33,0.5,0.5,0.5,4.890349128221754
Mission,37.75065,-122.42449,Private room,2,102,4.99,t,23,341,52,67,0.5,0.5,0.5,5.393627546352362
Ocean View,37.70854754835247,-122.46418805744248,Entire home/apt,4,45,4.98,t,17,255,35,61,0.5,0.25,0.5,5.5134287461649825
Western Addition,37.78813,-122.42275,Private room,2,0,0.0,f,9,293,7,65,0.5,0.5,0.5,5.755742213586912
Outer Sunset,37.74869,-122.48758,Private room,2,76,4.93,t,11,334,44,80,0.5,0.5,0.5,4.605170185988092
Mission,37.74990756394091,-122.41223234102208,Entire home/apt,2,26,4.96,t,0,31,68,73,0.5,0.5,0.5,5.2832037287379885
Castro/Upper Market,37.75749,-122.43647,Entire home/apt,4,19,5.0,t,22,165,64,72,0.75,0.5,0.75,5.752572638825633
Ocean View,37.7167999,-122.4599266,Entire home/apt,4,87,4.79,t,24,264,36,26,0.5,0.375,0.5,5.093750200806762
Downtown/Civic Center,37.77548,-122.41925,Private room,2,1,4.0,f,4,244,13,70,0.5,1.0,0.5,3.912023005428146
North Beach,37.79863,-122.40395,Entire home/apt,2,10,4.7,t,0,220,76,83,0.5,0.5,0.5,5.10594547390058
Noe Valley,37.75492862125189,-122.44103400874724,Entire home/apt,2,1,4.0,f,0,253,10,88,0.5,0.5,0.5,5.0106352940962555
Downtown/Civic Center,37.78871778669213,-122.41006444054578,Entire home/apt,2,1,5.0,f,28,363,46,81,0.5,0.5,0.5,5.8289456176102075
Nob Hill,37.79273,-122.41668,Entire home/apt,10,1,5.0,f,30,365,51,80,0.4,0.2,0.5,6.20455776256869
Downtown/Civic Center,37.78127,-122.41271,Hotel room,2,43,4.49,f,0,0,15,19,0.5,0.5,0.5,4.90527477843843
Western Addition,37.78288,-122.44062,Private room,1,16,4.94,t,2,152,32,55,1.0,1.0,0.0,4.543294782270004
North Beach,37.8054714,-122.4168419,Entire home/apt,6,0,0.0,f,28,356,42,70,0.3333333333333333,0.3333333333333333,0.5,6.883462586413092
Financial District,37.7978,-122.40407,Shared room,2,125,4.71,t,20,320,27,67,0.5,5.0,2.0,4.07753744390572
Downtown/Civic Center,37.78599,-122.41465,Entire home/apt,3,0,0.0,f,2,241,17,68,0.0,0.3333333333333333,0.3333333333333333,4.61512051684126
Bernal Heights,37.74641,-122.42237,Private room,2,55,4.89,t,21,261,59,61,0.5,0.75,0.5,4.564348191467836
Pacific Heights,37.79555391726263,-122.4270116594278,Entire home/apt,2,6,4.83,f,0,316,22,38,0.0,0.5,0.5,4.787491742782046
Downtown/Civic Center,37.78846120245842,-122.40848879259885,Entire home/apt,4,0,0.0,t,25,63,37,52,0.0,0.25,0.5,4.897839799950911
Haight Ashbury,37.769092,-122.4436069,Entire home/apt,2,2,5.0,f,0,335,30,46,0.0,0.5,0.5,4.700480365792417
Western Addition,37.77652,-122.43148,Private room,3,218,4.83,t,4,209,73,44,0.3333333333333333,0.3333333333333333,0.3333333333333333,4.941642422609304
Chinatown,37.79206,-122.40769,Entire home/apt,2,0,0.0,f,0,7,20,11,0.0,0.5,0.5,5.717027701406222
Parkside,37.74559,-122.48953,Entire home/apt,2,170,4.84,t,1,127,34,86,0.5,0.5,1.0,4.48863636973214
Nob Hill,37.79036,-122.40948,Entire home/apt,3,4,5.0,t,0,4,21,50,0.3333333333333333,0.3333333333333333,0.3333333333333333,4.605170185988092
Bernal Heights,37.74352,-122.4122,Entire home/apt,2,145,4.83,f,4,61,32,2,0.5,0.5,0.5,4.59511985013459
Outer Sunset,37.74683249140941,-122.48677298765604,Entire home/apt,4,24,5.0,t,20,199,53,52,0.5,0.5,0.75,5.375278407684165
Bayview,37.71734,-122.38965,Private room,2,4,5.0,t,0,279,45,78,0.5,0.5,0.5,4.07753744390572
Mission,37.75602,-122.42086,Entire home/apt,2,1,5.0,f,5,276,60,76,1.0,1.0,1.0,5.703782474656201
Inner Richmond,37.78123,-122.46959,Private room,2,57,4.95,t,8,252,25,72,0.5,0.5,0.5,4.77912349311153
Outer Sunset,37.74998,-122.48783,Entire home/apt,8,135,4.93,t,9,297,60,58,0.375,0.25,0.625,5.948034989180646
Downtown/Civic Center,37.7889904,-122.4127915,Entire home/apt,6,15,4.93,f,10,281,48,69,0.3333333333333333,0.16666666666666666,0.5,5.886104031450156
Noe Valley,37.74788,-122.43625,Entire home/apt,2,231,4.98,t,5,305,30,67,0.0,0.5,0.5,5.493061443340548
Outer Sunset,37.75852,-122.50988,Entire home/apt,2,0,0.0,f,0,58,12,82,0.5,0.5,0.5,4.553876891600541
Bayview,37.73456214652021,-122.3910664891618,Private room,1,0,0.0,f,0,148,8,70,1.0,1.5,0.0,3.6888794541139363
Mission,37.7585,-122.40815,Entire home/apt,4,107,4.94,t,10,81,53,61,0.5,0.25,0.5,5.934894195619588
Mission,37.75821,-122.41447,Entire home/apt,2,153,4.99,t,3,42,38,79,0.0,0.5,0.5,5.313205979041787
Marina,37.80494,-122.44457,Entire home/apt,5,42,4.88,f,0,325,60,73,0.6,0.4,0.6,5.953243334287785
Mission,37.77063,-122.42307,Private room,2,54,4.93,t,15,345,48,89,0.5,0.5,0.5,4.812184355372417
Inner Sunset,37.76545,-122.45354,Private room,1,5,5.0,f,0,119,26,79,1.0,1.0,1.0,4.394449154672439
Nob Hill,37.79124069413744,-122.40957875610376,Entire home/apt,2,0,0.0,f,28,363,43,83,0.5,0.5,0.5,5.817111159963204
Noe Valley,37.751919,-122.434654,Entire home/apt,2,137,4.8,f,15,233,40,67,0.5,0.5,1.0,5.375278407684165
Outer Mission,37.72763,-122.43975,Entire home/apt,5,18,4.94,f,16,314,15,39,0.6,0.4,0.6,6.12029741895095
South of Market,37.78158552301912,-122.3901935984894,Entire home/apt,2,1,5.0,f,20,264,18,67,0.5,0.5,0.5,4.6443908991413725
Downtown/Civic Center,37.7884146,-122.4215935,Private room,2,1,4.0,f,30,365,35,70,0.5,0.5,0.5,5.572154032177765
Inner Sunset,37.75928,-122.47671,Private room,2,16,4.75,f,2,277,44,74,0.5,0.5,0.5,4.248495242049359
South of Market,37.77726,-122.40837,Private room,2,0,0.0,f,29,364,42,15,0.5,0.5,0.5,5.298317366548036
Mission,37.76458,-122.41571,Private room,2,377,4.76,t,7,242,25,40,0.5,1.0,0.5,4.727387818712341
Outer Richmond,37.777756,-122.478989,Entire home/apt,2,185,4.9,t,3,186,57,78,0.5,0.5,0.5,5.0106352940962555
Outer Sunset,37.75343887203295,-122.50742437911325,Entire home/apt,8,23,4.91,f,7,292,40,84,0.5,0.375,0.5,5.424950017481403
Downtown/Civic Center,37.7884146,-122.4215935,Private room,2,0,0.0,f,30,365,35,73,0.5,0.5,0.5,5.572154032177765
Mission,37.758169,-122.407173,Entire home/apt,2,96,4.78,t,0,40,37,80,0.5,0.5,0.5,4.912654885736052
Marina,37.8015142,-122.4256185,Hotel room,4,0,0.0,f,30,365,24,41,0.25,0.25,0.0,5.093750200806762
South of Market,37.7670325,-122.3969054,Entire home/apt,4,9,5.0,t,11,57,65,80,0.5,0.5,0.5,5.8289456176102075
Marina,37.796578,-122.4351633,Entire home/apt,2,0,0.0,f,0,274,46,37,0.5,0.5,0.5,5.54907608489522
Bayview,37.72013,-122.39822,Entire home/apt,5,135,4.68,f,9,222,56,76,0.2,0.2,0.6,4.477336814478207
Inner Sunset,37.76142,-122.47448,Private room,1,9,4.44,f,1,336,9,48,1.0,1.0,1.0,3.6888794541139363
Financial District,37.78695,-122.39596,Entire home/apt,2,0,0.0,f,28,363,48,77,0.5,0.5,0.5,6.184148890937483
Financial District,37.7882187,-122.4030532,Entire home/apt,4,1,5.0,t,16,273,43,68,0.25,0.25,0.5,6.57507584059962
West of Twin Peaks,37.74111,-122.44932,Entire home/apt,2,109,4.74,f,30,365,24,72,0.0,0.0,0.5,5.017279836814924
Western Addition,37.77367,-122.42929,Entire home/apt,2,3,5.0,f,0,290,46,49,0.5,0.5,0.5,4.59511985013459
South of Market,37.77884842332912,-122.4047035589512,Private room,2,0,0.0,f,18,341,14,58,0.5,0.5,0.5,5.003946305945459
Noe Valley,37.749444,-122.440979,Entire home/apt,3,112,4.96,t,9,314,58,89,0.3333333333333333,0.3333333333333333,0.3333333333333333,5.342334251964811
North Beach,37.80443,-122.41116,Private room,3,2,5.0,f,27,267,56,96,0.3333333333333333,0.3333333333333333,0.0,5.652489180268651
Chinatown,37.79261,-122.40809,Entire home/apt,4,0,0.0,f,2,100,20,11,0.25,0.25,0.5,5.583496308781699
North Beach,37.80734,-122.41466,Entire home/apt,2,2,4.5,f,28,363,44,78,0.5,0.5,0.5,5.4510384535657
Mission,37.75564,-122.41391,Entire home/apt,5,51,5.0,t,10,154,52,79,0.6,0.5,0.6,6.447305862541213
Excelsior,37.72335,-122.41743,Private room,2,191,4.76,t,0,142,24,18,0.5,0.5,0.5,4.248495242049359
Downtown/Civic Center,37.7884146,-122.4215935,Private room,2,0,0.0,f,30,365,35,66,0.5,0.5,0.5,5.572154032177765
Inner Sunset,37.7621,-122.47631,Private room,1,0,0.0,f,0,280,56,29,1.0,1.0,1.0,3.7376696182833684
North Beach,37.79961,-122.40382,Entire home/apt,2,2,5.0,t,8,343,32,71,0.5,0.5,0.5,5.5254529391317835
Lakeshore,37.72490897277283,-122.47399139427031,Private room,1,8,4.75,f,0,274,20,81,1.0,1.0,1.0,3.970291913552122
Inner Sunset,37.76031,-122.46516,Entire home/apt,16,154,4.92,t,12,303,74,76,0.25,0.15625,0.375,6.403574197934815
Western Addition,37.7777,-122.42631,Entire home/apt,2,2,5.0,f,30,227,66,72,0.5,0.5,0.5,6.173786103901937
Visitacion Valley,37.71781,-122.40451,Private room,2,89,4.98,t,3,3,58,82,0.5,1.5,0.5,4.51085950651685
Mission,37.75796,-122.40913,Private room,2,163,4.79,f,6,140,45,84,0.5,0.5,0.5,4.61512051684126
Financial District,37.78924,-122.39584,Private room,1,4,5.0,f,30,365,17,53,1.0,1.0,1.0,5.4116460518550396
Castro/Upper Market,37.76412,-122.43026,Private room,2,1,5.0,f,2,242,20,59,0.5,0.75,0.5,4.787491742782046
Bayview,37.73656,-122.38597,Private room,1,9,5.0,t,25,334,32,53,1.0,1.0,1.0,4.007333185232471
Castro/Upper Market,37.76425,-122.44025,Entire home/apt,3,43,4.98,t,0,121,62,76,0.3333333333333333,0.3333333333333333,0.6666666666666666,4.700480365792417
Downtown/Civic Center,37.78450600835756,-122.41906794841996,Entire home/apt,6,1,1.0,f,1,336,45,76,0.3333333333333333,0.25,0.6666666666666666,5.424950017481403
Western Addition,37.78006,-122.43286,Private room,2,0,0.0,f,17,309,6,67,0.5,0.5,0.5,6.093569770045136
Mission,37.74949,-122.42447,Entire home/apt,3,49,4.71,f,7,18,46,70,0.3333333333333333,0.3333333333333333,0.6666666666666666,5.19295685089021
Ocean View,37.72813,-122.46919,Private room,1,62,4.72,t,28,363,31,49,1.0,1.0,1.0,4.248495242049359
Pacific Heights,37.78954,-122.43122,Entire home/apt,2,89,4.71,f,28,298,33,79,0.0,0.5,0.5,5.262690188904886
Mission,37.77045,-122.42374,Entire home/apt,4,45,4.98,t,5,97,58,40,0.5,0.5,0.5,6.46302945692067
Parkside,37.74426860437821,-122.476877747549,Private room,2,3,4.67,t,0,240,39,61,0.5,1.0,0.5,3.9318256327243257
Western Addition,37.78697,-122.44246,Private room,4,10,5.0,t,4,4,49,37,0.5,0.25,0.5,5.82600010738045
Outer Richmond,37.7828484,-122.492252,Entire home/apt,4,55,4.89,t,4,289,39,77,0.25,0.25,0.5,5.3706380281276624
South of Market,37.7776592,-122.4142959,Hotel room,2,0,0.0,f,24,339,23,44,0.5,0.5,0.0,5.342334251964811
Visitacion Valley,37.71336,-122.40852,Private room,2,297,4.87,t,5,215,29,41,0.5,0.5,0.5,3.9512437185814275
Mission,37.7548,-122.41119,Entire home/apt,2,32,4.91,f,0,14,60,45,0.5,0.5,0.5,4.882801922586371
Outer Richmond,37.78346968334727,-122.4886032790967,Entire home/apt,4,2,5.0,f,16,306,19,51,0.5,0.25,0.5,5.793013608384144
Downtown/Civic Center,37.78702,-122.41465,Entire home/apt,6,38,4.61,f,18,184,46,46,0.16666666666666666,0.16666666666666666,0.5,5.313205979041787
Financial District,37.792699,-122.39212,Private room,2,7,5.0,f,25,96,23,46,0.5,0.5,0.5,5.8998973535824915
Mission,37.75698852539063,-122.41758728027344,Entire home/apt,6,57,4.86,t,0,107,69,156,0.5,0.16666666666666666,0.5,5.991464547107982
Downtown/Civic Center,37.78901162701573,-122.41085406619614,Entire home/apt,2,0,0.0,f,19,56,24,71,0.0,0.5,1.0,5.43372200355424
Potrero Hill,37.7634366,-122.389509,Entire home/apt,2,2,5.0,t,0,273,42,76,0.5,0.75,0.5,5.25227342804663
Financial District,37.78835,-122.40489,Private room,2,58,4.48,f,17,224,14,82,0.5,0.5,0.5,4.382026634673881
Parkside,37.74266,-122.47925,Entire home/apt,4,52,4.98,t,5,131,42,78,0.5,0.25,0.5,4.90527477843843
Mission,37.76044,-122.41954,Private room,1,0,0.0,f,0,275,15,14,1.0,0.0,1.0,4.189654742026425
Western Addition,37.77699,-122.44019,Entire home/apt,2,89,4.85,f,0,243,33,155,0.5,0.5,0.5,5.3471075307174685
Mission,37.7574895,-122.4175807,Entire home/apt,8,1,5.0,f,0,73,10,72,0.5,0.4375,0.5,6.113682179832232
South of Market,37.7745,-122.39133,Entire home/apt,3,5,5.0,f,14,336,51,78,0.3333333333333333,0.3333333333333333,0.6666666666666666,6.068425588244111
Outer Richmond,37.78139,-122.48276,Entire home/apt,6,13,4.69,f,0,105,55,73,0.5,0.3333333333333333,0.6666666666666666,5.755742213586912
Inner Richmond,37.78262,-122.46797,Entire home/apt,5,364,4.71,f,14,311,43,65,0.2,0.2,0.4,5.14166355650266
West of Twin Peaks,37.73389,-122.45869,Private room,1,22,4.64,f,30,90,34,56,1.0,1.0,1.0,4.59511985013459
Mission,37.76739,-122.41989,Private room,1,7,5.0,t,0,149,42,80,1.0,1.5,1.0,4.330733340286331
Western Addition,37.78713,-122.44528,Hotel room,1,2,5.0,f,21,329,9,85,1.0,1.0,1.0,5.58724865840025
Mission,37.75137,-122.41012,Private room,2,130,4.89,f,17,243,41,78,0.5,0.5,0.5,4.653960350157523
Castro/Upper Market,37.7653,-122.43638,Entire home/apt,2,73,4.96,t,5,324,51,45,0.5,0.5,1.0,5.231108616854587
Marina,37.8015142,-122.4256185,Hotel room,6,0,0.0,f,27,355,24,50,0.16666666666666666,0.16666666666666666,0.0,5.739792912179234
Presidio Heights,37.78307,-122.45318,Entire home/apt,4,5,5.0,f,0,156,56,65,0.5,0.5,0.5,6.059123195581797
Downtown/Civic Center,37.7884146,-122.4215935,Private room,2,0,0.0,f,30,365,35,53,0.5,0.5,0.5,5.572154032177765
South of Market,37.7871274,-122.3930498,Entire home/apt,4,3,5.0,t,20,74,38,43,0.5,0.5,0.5,6.3835066348840055
Excelsior,37.72299,-122.42622,Entire home/apt,4,172,4.89,t,8,8,58,81,0.5,0.375,0.5,4.844187086458591
Marina,37.8015142,-122.4256185,Hotel room,2,0,0.0,f,29,364,24,45,0.5,0.5,0.0,5.976350909297934
Downtown/Civic Center,37.78929,-122.4118,Entire home/apt,2,113,4.57,f,16,281,24,78,0.0,0.5,0.5,6.906754778648554
Mission,37.76323,-122.40749,Entire home/apt,6,58,4.97,t,10,123,54,74,0.3333333333333333,0.16666666666666666,0.5,5.332718793265369
Outer Sunset,37.76487,-122.47827,Entire home/apt,5,52,4.96,t,9,79,52,82,0.4,0.4,0.6,5.389071729816501
Castro/Upper Market,37.76685,-122.43499,Entire home/apt,3,527,4.86,t,6,225,44,29,0.0,0.3333333333333333,0.6666666666666666,5.10594547390058
Western Addition,37.77156,-122.43684,Entire home/apt,7,2,5.0,t,6,270,46,80,0.5714285714285714,0.14285714285714285,0.5714285714285714,6.1092475827643655
Castro/Upper Market,37.76011,-122.4346,Private room,2,123,4.94,t,23,358,52,88,0.5,0.5,0.5,4.852030263919617
Excelsior,37.73137,-122.40812,Private room,2,10,4.4,f,24,174,33,41,0.5,1.0,1.0,3.713572066704308
Outer Sunset,37.75582,-122.47889,Entire home/apt,4,25,4.84,t,28,189,42,79,0.5,0.25,0.5,5.53338948872752
Haight Ashbury,37.76191,-122.44917,Private room,2,153,4.89,t,22,243,33,14,0.5,0.5,1.0,4.9344739331306915
Western Addition,37.78262,-122.43098,Entire home/apt,4,13,5.0,t,0,332,74,65,0.5,0.5,0.5,5.796057750765372
Excelsior,37.729818090147546,-122.42909252015052,Entire home/apt,3,12,5.0,f,10,315,42,47,0.3333333333333333,0.3333333333333333,0.6666666666666666,4.51085950651685
Marina,37.80403678197029,-122.43063679085571,Entire home/apt,2,4,4.75,t,4,272,45,81,0.5,0.5,0.5,4.882801922586371
Outer Sunset,37.7521117,-122.5062036,Entire home/apt,4,99,4.94,t,3,204,66,84,0.5,0.25,0.75,5.53338948872752
Potrero Hill,37.7575,-122.40179,Entire home/apt,4,12,4.5,t,0,289,38,9,0.25,0.25,0.25,5.768320995793772
Noe Valley,37.74402,-122.43729,Entire home/apt,2,249,4.91,t,2,26,40,43,0.5,0.5,0.5,4.736198448394496
Excelsior,37.73247,-122.4082,Private room,2,14,4.36,f,30,180,36,41,0.5,1.0,0.5,3.6888794541139363
Noe Valley,37.74966,-122.43824,Private room,2,199,4.92,t,7,292,43,1,0.5,0.5,0.5,4.836281906951478
Downtown/Civic Center,37.7884146,-122.4215935,Private room,2,0,0.0,f,30,365,35,49,0.5,0.5,0.5,5.572154032177765
Downtown/Civic Center,37.7889904,-122.4127915,Entire home/apt,6,0,0.0,t,7,295,52,63,0.5,0.3333333333333333,0.5,5.976350909297934
Western Addition,37.77743,-122.42502,Entire home/apt,2,46,4.74,t,4,266,24,28,0.0,0.5,0.5,4.787491742782046
Russian Hill,37.79934,-122.42407,Private room,4,152,4.51,f,0,237,21,50,0.25,0.25,0.5,5.003946305945459
Mission,37.75402,-122.41845,Private room,1,0,0.0,t,28,363,26,62,3.0,1.0,1.0,4.382026634673881
Chinatown,37.79106837074182,-122.40546139054138,Private room,2,54,4.74,f,27,156,21,88,0.5,0.5,0.5,4.983606621708336
Downtown/Civic Center,37.77948105346263,-122.42265783980082,Entire home/apt,2,10,5.0,t,7,29,35,37,0.0,0.5,0.5,4.343805421853684
Financial District,37.79147,-122.4039,Entire home/apt,4,15,4.93,t,0,258,36,62,0.5,0.5,0.5,5.934894195619588
Haight Ashbury,37.774892239761336,-122.43976396737014,Entire home/apt,6,73,4.9,t,6,152,54,44,0.5,0.4166666666666667,0.5,6.635946555686647
Mission,37.7664,-122.41827,Private room,1,2,5.0,t,0,120,41,82,1.0,1.5,1.0,4.007333185232471
Crocker Amazon,37.71144225342755,-122.43552673799373,Entire home/apt,4,60,5.0,t,10,224,25,79,0.5,0.375,0.5,5.181783550292085
Western Addition,37.77099,-122.43355,Entire home/apt,3,422,4.96,t,6,316,17,73,0.3333333333333333,0.3333333333333333,0.6666666666666666,5.0106352940962555
Downtown/Civic Center,37.78725,-122.40929,Entire home/apt,4,0,0.0,t,30,68,39,52,0.0,0.25,0.5,4.897839799950911
Glen Park,37.7365,-122.43032,Entire home/apt,8,0,0.0,f,23,263,12,70,0.5,0.4375,0.5,6.1092475827643655
Marina,37.800942079549685,-122.43517477065323,Entire home/apt,4,30,5.0,t,2,182,60,69,0.5,0.5,0.5,5.8944028342648505
Excelsior,37.72652,-122.42726,Private room,1,4,4.5,f,14,349,58,13,1.0,1.0,1.0,3.9889840465642745
Marina,37.799881,-122.435287,Entire home/apt,4,727,4.78,f,25,357,35,76,0.25,0.25,0.5,5.43372200355424
Excelsior,37.72358,-122.4176,Entire home/apt,5,215,4.74,t,21,205,25,18,0.2,0.2,0.6,4.68213122712422
Chinatown,37.7905509,-122.4069285,Entire home/apt,2,12,5.0,f,13,64,11,71,0.5,0.5,0.5,5.135798437050262
Ocean View,37.71786794284224,-122.46850671744652,Private room,2,3,4.67,f,24,264,40,48,0.5,0.75,0.5,4.634728988229636
Haight Ashbury,37.77617603568005,-122.44193679038194,Entire home/apt,2,87,4.95,t,9,195,42,95,0.5,0.5,0.5,5.375278407684165
South of Market,37.78536,-122.39508,Entire home/apt,5,8,4.88,f,0,314,62,84,0.4,0.4,0.4,5.480638923341991
North Beach,37.80352,-122.40758,Entire home/apt,10,11,5.0,t,0,303,67,78,0.2,0.2,0.5,6.175867270105761
Downtown/Civic Center,37.78744,-122.42095,Private room,2,0,0.0,f,20,309,34,12,0.5,0.5,0.5,5.572154032177765
Downtown/Civic Center,37.7884146,-122.4215935,Private room,2,0,0.0,f,30,365,34,46,0.5,0.5,0.5,5.572154032177765
Mission,37.76274,-122.42389,Entire home/apt,8,84,4.89,t,18,323,33,41,0.5,0.25,0.625,6.620073206530356
North Beach,37.80501359467127,-122.41197289997882,Private room,4,12,4.83,f,27,267,37,80,0.5,0.25,0.5,5.981414211254481
Western Addition,37.77327,-122.42565,Entire home/apt,6,72,4.79,t,0,166,70,46,0.5,0.16666666666666666,0.8333333333333334,5.541263545158426
Outer Mission,37.73309,-122.44195,Entire home/apt,4,15,4.93,t,4,16,29,62,0.5,0.25,0.5,5.117993812416755
Castro/Upper Market,37.76434,-122.43586,Entire home/apt,4,66,5.0,t,8,41,32,82,0.5,0.375,0.5,6.008813185442595
Downtown/Civic Center,37.78894340371292,-122.409917676014,Entire home/apt,4,0,0.0,t,0,3,6,79,0.0,0.25,0.5,5.214935757608986
West of Twin Peaks,37.73399,-122.45361,Private room,1,70,4.36,f,17,347,27,76,0.0,1.0,2.0,4.1588830833596715
Outer Sunset,37.76025,-122.48143,Private room,2,164,4.92,t,11,332,33,39,0.5,0.5,0.5,4.394449154672439
Western Addition,37.7891721,-122.4297053,Entire home/apt,2,6,5.0,t,0,188,55,69,0.5,0.5,1.0,5.0106352940962555
Ocean View,37.71882,-122.46538,Entire home/apt,4,12,4.92,f,0,327,19,44,0.5,0.25,0.5,4.90527477843843
Financial District,37.7882187,-122.4030532,Entire home/apt,4,0,0.0,t,16,271,43,68,0.25,0.25,0.5,6.57507584059962
Mission,37.75312,-122.42518,Entire home/apt,2,14,4.86,t,21,200,20,83,0.0,0.5,0.5,4.532599493153256
Nob Hill,37.79603,-122.41259,Entire home/apt,4,8,4.75,f,0,296,17,45,0.5,0.25,0.5,5.1647859739235145
Pacific Heights,37.79543,-122.42691,Entire home/apt,3,12,5.0,f,0,283,23,30,0.3333333333333333,0.3333333333333333,0.6666666666666666,4.820281565605037
North Beach,37.8054714,-122.4168419,Entire home/apt,6,1,5.0,t,28,352,44,70,0.3333333333333333,0.3333333333333333,0.5,6.98933526597456
Bernal Heights,37.73483,-122.41838,Entire home/apt,8,53,4.79,f,0,0,47,0,0.375,0.25,0.5,5.796057750765372
Haight Ashbury,37.76892,-122.44925,Private room,1,12,4.92,t,0,212,55,9,3.0,1.5,1.0,4.477336814478207
Noe Valley,37.7510135,-122.4287206,Entire home/apt,2,6,5.0,t,11,214,51,74,0.5,0.5,0.5,5.765191102784844
Western Addition,37.77789583526665,-122.42323400225436,Entire home/apt,2,11,4.91,t,4,32,35,37,0.0,0.5,0.5,4.343805421853684
Bernal Heights,37.74119,-122.41347,Entire home/apt,2,145,4.87,t,0,28,58,85,0.5,0.5,0.5,4.919980925828125
Excelsior,37.73168,-122.4129,Entire home/apt,4,2,5.0,f,29,364,42,32,0.75,0.5,1.0,5.762051382780177
Inner Richmond,37.77882,-122.45555,Entire home/apt,2,17,4.47,f,22,114,16,15,0.5,0.5,0.5,5.241747015059643
Bernal Heights,37.73321,-122.42552,Entire home/apt,5,64,4.91,f,0,239,65,22,0.4,0.2,0.8,5.298317366548036
Haight Ashbury,37.7703703866424,-122.44738795527054,Private room,1,8,4.5,f,23,351,46,69,1.0,1.5,1.0,4.330733340286331
Downtown/Civic Center,37.7884146,-122.4215935,Private room,2,0,0.0,f,30,365,35,53,0.5,0.5,0.5,5.572154032177765
Lakeshore,37.72853,-122.47506,Entire home/apt,1,136,4.84,f,24,255,24,80,1.0,1.0,1.0,4.890349128221754
Mission,37.75877,-122.42177,Entire home/apt,5,47,4.81,f,12,235,61,66,0.4,0.2,0.4,5.814130531825066
South of Market,37.775987873375605,-122.41258568988972,Private room,1,1,5.0,f,0,310,7,38,1.0,1.0,1.0,4.174387269895637
Financial District,37.78931,-122.40588,Private room,2,312,4.34,f,10,222,14,65,0.5,0.5,0.5,4.382026634673881
Bayview,37.7357570230998,-122.39869561992734,Private room,2,0,0.0,f,30,327,24,78,0.5,0.5,0.5,4.189654742026425
Potrero Hill,37.76235,-122.38873,Entire home/apt,3,10,4.8,t,0,0,39,80,0.3333333333333333,0.5,0.6666666666666666,5.278114659230517
Marina,37.798700840025575,-122.43259197915724,Entire home/apt,1,1,5.0,t,0,305,26,86,0.0,1.0,1.0,4.605170185988092
Pacific Heights,37.79364,-122.42805,Entire home/apt,2,2,5.0,t,21,263,31,40,0.5,0.5,0.5,5.342334251964811
Nob Hill,37.79016,-122.41129,Entire home/apt,3,6,5.0,t,0,212,44,69,0.6666666666666666,0.6666666666666666,0.6666666666666666,5.19295685089021
Outer Sunset,37.75869778024612,-122.48243737108687,Private room,2,4,5.0,t,23,263,29,73,0.5,0.75,0.5,3.970291913552122
Castro/Upper Market,37.766568001161865,-122.43434208262978,Entire home/apt,4,7,5.0,t,0,92,47,77,0.5,0.5,0.5,5.752572638825633
Twin Peaks,37.75496,-122.44326,Entire home/apt,2,165,4.81,t,17,349,59,66,0.5,0.5,0.5,5.598421958998375
Western Addition,37.77181,-122.43041,Private room,2,3,5.0,f,0,267,53,76,0.5,0.5,0.5,4.219507705176107
Western Addition,37.787003,-122.4238528,Private room,2,0,0.0,f,16,301,13,64,0.5,0.5,0.5,5.768320995793772
Western Addition,37.78168487548828,-122.43801879882812,Entire home/apt,2,4,5.0,t,2,147,43,59,0.5,0.5,1.0,4.727387818712341
Nob Hill,37.79125767616709,-122.40985524102229,Entire home/apt,4,0,0.0,f,2,100,20,11,0.25,0.25,0.5,5.583496308781699
South of Market,37.7776592,-122.4142959,Hotel room,8,0,0.0,f,25,347,23,46,0.25,0.25,0.0,6.0112671744041615
Downtown/Civic Center,37.7890848,-122.4129685,Entire home/apt,4,2,5.0,f,19,309,50,69,0.25,0.25,0.5,5.796057750765372
Parkside,37.74455724688527,-122.49597221776946,Entire home/apt,7,91,4.88,t,14,239,39,49,0.42857142857142855,0.14285714285714285,0.5714285714285714,5.236441962829949
Marina,37.80572424729636,-122.4367292708654,Entire home/apt,4,2,5.0,t,0,281,18,59,0.25,0.25,0.5,5.75890177387728
Downtown/Civic Center,37.7884146,-122.4215935,Private room,2,0,0.0,f,30,365,36,56,0.5,0.5,0.5,5.572154032177765
Castro/Upper Market,37.76634,-122.43587,Entire home/apt,4,7,5.0,t,0,148,20,85,0.5,0.375,0.5,5.616771097666572
Downtown/Civic Center,37.785477096172166,-122.4064138347881,Entire home/apt,2,0,0.0,f,28,363,45,75,0.5,0.5,0.5,5.666426688112432
Castro/Upper Market,37.7623469507935,-122.4263734145448,Entire home/apt,4,4,4.5,t,3,106,46,61,0.5,0.25,0.5,5.493061443340548
Lakeshore,37.73334,-122.47649,Private room,1,0,0.0,f,0,209,8,31,1.0,1.0,1.0,3.970291913552122
Western Addition,37.78814,-122.43468,Entire home/apt,4,0,0.0,t,22,327,31,14,0.5,0.25,0.5,5.703782474656201
North Beach,37.80408,-122.40525,Entire home/apt,3,12,4.83,t,16,31,42,65,0.3333333333333333,0.3333333333333333,1.0,5.3981627015177525
Marina,37.80097,-122.43311,Private room,1,18,4.89,t,29,364,19,87,1.0,1.0,1.0,4.060443010546419
Downtown/Civic Center,37.7873,-122.41141,Entire home/apt,4,24,4.96,t,0,5,13,43,0.0,0.25,0.5,4.770684624465665
Downtown/Civic Center,37.782713125488186,-122.41366060977973,Entire home/apt,3,0,0.0,f,12,347,9,8,0.3333333333333333,0.3333333333333333,0.3333333333333333,4.564348191467836
Pacific Heights,37.796021,-122.431109,Entire home/apt,2,29,4.9,f,0,290,42,74,0.5,0.5,0.0,5.703782474656201
Financial District,37.7882187,-122.4030532,Entire home/apt,4,0,0.0,f,16,271,43,68,0.25,0.25,0.5,6.656726524178391
South of Market,37.77628,-122.41507,Private room,2,132,4.28,f,26,323,44,72,0.5,2.0,0.5,4.836281906951478
Mission,37.75743,-122.42062,Entire home/apt,6,23,5.0,t,0,262,36,32,0.5,0.16666666666666666,0.5,5.945420608606575
Downtown/Civic Center,37.78694,-122.40967,Entire home/apt,4,18,4.89,f,30,357,22,82,0.0,0.25,0.5,5.673323267171493
Downtown/Civic Center,37.7884146,-122.4215935,Private room,2,0,0.0,f,30,365,35,71,0.5,0.5,0.5,5.572154032177765
Bernal Heights,37.73835,-122.41134,Private room,2,459,4.83,t,8,144,28,62,0.5,0.5,1.0,4.174387269895637
Noe Valley,37.75356,-122.42711,Entire home/apt,5,141,4.77,t,7,298,55,76,0.6,0.4,1.0,5.634789603169249
Bernal Heights,37.73451,-122.4122,Entire home/apt,6,8,4.5,t,27,362,36,66,0.5,0.16666666666666666,0.6666666666666666,5.66988092298052
Bayview,37.73642847128387,-122.3881127597044,Private room,1,0,0.0,f,0,335,11,62,1.0,1.0,1.0,4.174387269895637
Twin Peaks,37.75172,-122.44466,Entire home/apt,4,0,0.0,t,0,304,48,47,0.5,0.25,0.5,5.147494476813453
Downtown/Civic Center,37.7884146,-122.4215935,Private room,2,1,4.0,f,30,365,36,49,0.5,0.5,0.5,5.572154032177765
Nob Hill,37.79088520373902,-122.41212217235896,Entire home/apt,2,4,5.0,t,0,305,53,77,0.0,0.5,0.5,4.553876891600541
Downtown/Civic Center,37.78964,-122.40762,Entire home/apt,4,11,4.91,t,12,12,36,81,0.25,0.25,0.5,5.337538079701318
Marina,37.805939,-122.435486,Private room,2,158,4.96,t,16,342,44,79,0.5,0.5,0.5,5.69035945432406
Bayview,37.73439,-122.387894,Private room,6,245,4.9,t,0,212,59,85,0.5,0.5,0.5,5.393627546352362
Parkside,37.74562,-122.50176,Entire home/apt,2,193,4.92,t,0,33,43,82,0.5,0.5,0.5,5.272999558563747
Downtown/Civic Center,37.776701,-122.4192044,Entire home/apt,2,0,0.0,f,0,29,34,42,0.5,0.5,0.5,5.645446897643238
Bernal Heights,37.74694,-122.40479,Entire home/apt,1,24,4.79,t,6,139,34,11,0.0,1.0,1.0,5.1647859739235145
West of Twin Peaks,37.72449,-122.45722,Private room,1,7,5.0,f,0,243,46,68,1.0,1.0,1.0,4.882801922586371
Bernal Heights,37.74492,-122.41044,Entire home/apt,2,162,4.91,t,12,234,42,76,0.5,0.5,0.5,5.170483995038151
Financial District,37.78961,-122.39984,Entire home/apt,3,1,5.0,f,0,259,31,17,0.6666666666666666,0.6666666666666666,0.6666666666666666,5.616771097666572
Western Addition,37.774323,-122.43644,Private room,2,363,4.98,t,6,206,58,65,0.5,0.5,0.5,4.6913478822291435
Russian Hill,37.8045,-122.42398,Entire home/apt,8,24,5.0,f,23,77,30,49,0.375,0.375,0.5,7.24422751560335
Western Addition,37.78269348478221,-122.42864301707246,Entire home/apt,2,0,0.0,f,30,365,3,73,0.5,0.5,0.5,6.253828811575473
Mission,37.76359,-122.42051,Entire home/apt,4,4,5.0,f,0,89,38,74,0.75,0.25,0.75,5.111987788356544
Pacific Heights,37.79425,-122.43074,Entire home/apt,2,1,5.0,f,0,304,37,67,0.5,0.5,0.5,5.0369526024136295
North Beach,37.79891,-122.40682,Private room,2,1,5.0,f,0,44,17,82,0.0,1.0,0.5,3.713572066704308
Mission,37.76712764693656,-122.41862683084314,Entire home/apt,2,6,4.67,f,0,334,37,75,0.5,0.5,0.5,5.402677381872279
Mission,37.76663419455173,-122.41797420354382,Private room,1,2,5.0,t,29,364,42,7,1.0,1.5,1.0,5.0106352940962555
Outer Sunset,37.76175422901465,-122.4999026878357,Entire home/apt,3,78,4.91,t,8,60,44,80,0.3333333333333333,0.3333333333333333,0.3333333333333333,5.0106352940962555
Outer Richmond,37.77389,-122.50027,Entire home/apt,4,257,4.97,t,6,220,57,71,0.25,0.25,0.5,5.087596335232384
Downtown/Civic Center,37.7877337,-122.4107138,Private room,2,306,4.63,f,28,110,23,65,0.5,0.5,0.5,4.787491742782046
Marina,37.80497,-122.4369,Entire home/apt,6,54,4.96,t,30,349,71,54,0.5,0.4166666666666667,0.6666666666666666,7.086737934510577
Noe Valley,37.751629,-122.432159,Entire home/apt,3,8,4.88,f,12,176,62,94,0.6666666666666666,0.3333333333333333,0.6666666666666666,5.135798437050262
Financial District,37.7978687,-122.4031551,Entire home/apt,3,50,4.96,t,0,176,58,77,0.3333333333333333,0.3333333333333333,0.6666666666666666,5.247024072160486
Downtown/Civic Center,37.78751,-122.40929,Entire home/apt,4,10,4.9,f,27,351,20,82,0.0,0.25,0.5,5.700443573390687
Mission,37.76102360014311,-122.41770096868991,Private room,1,0,0.0,t,0,29,28,69,1.0,3.0,1.0,4.882801922586371
Castro/Upper Market,37.76088,-122.43916,Entire home/apt,8,110,4.94,t,29,179,53,80,0.375,0.25,0.75,7.227662498728654
Castro/Upper Market,37.75748,-122.43753,Private room,2,16,5.0,t,13,323,22,93,0.5,0.5,0.5,4.969813299576001
Downtown/Civic Center,37.78777,-122.41348,Entire home/apt,2,0,0.0,f,25,62,26,60,0.5,0.5,0.5,6.0330862217988015
Financial District,37.7902,-122.40581,Entire home/apt,2,14,4.57,t,19,72,31,34,0.5,0.5,0.5,5.099866427824199
Presidio,37.80594,-122.44864,Entire home/apt,8,133,4.92,t,4,308,52,55,0.375,0.3125,0.5,6.345636360828596
Glen Park,37.74184,-122.42423,Private room,2,105,4.85,t,20,20,49,28,0.5,0.5,0.5,4.290459441148391
Nob Hill,37.79117,-122.41512,Entire home/apt,6,0,0.0,f,30,365,48,75,0.5,0.3333333333333333,0.5,5.700443573390687
Excelsior,37.73050016170305,-122.42900701855773,Entire home/apt,4,0,0.0,f,10,160,44,75,0.5,0.25,0.5,5.1647859739235145
Pacific Heights,37.79078,-122.44592,Entire home/apt,6,2,5.0,t,13,319,45,58,0.5,0.3333333333333333,0.6666666666666666,6.45833828334479
Downtown/Civic Center,37.7787601,-122.4222545,Private room,4,1,5.0,f,21,123,32,77,0.25,0.25,0.5,5.739792912179234
Noe Valley,37.74372,-122.43571,Entire home/apt,6,200,4.9,t,7,218,49,85,0.3333333333333333,0.16666666666666666,0.5,5.351858133476067
Haight Ashbury,37.7697,-122.44431,Private room,1,90,4.93,t,5,50,56,22,1.0,1.5,1.0,4.382026634673881
Outer Sunset,37.75196,-122.48953,Private room,3,464,4.92,t,25,255,54,88,0.3333333333333333,0.3333333333333333,0.3333333333333333,4.672828834461906
South of Market,37.77352881016958,-122.39180070905547,Entire home/apt,2,2,5.0,t,0,232,70,36,0.5,0.5,0.5,5.726847747587197
South of Market,37.77766,-122.4143,Hotel room,2,0,0.0,f,26,349,23,42,0.5,0.5,0.0,5.241747015059643
Outer Richmond,37.77871192230744,-122.48488727357166,Private room,2,3,4.67,f,0,332,45,72,0.5,0.75,0.5,3.912023005428146
Excelsior,37.7308308,-122.4062416,Private room,2,1,4.0,f,0,70,45,83,0.5,0.5,0.5,4.110873864173311
Parkside,37.7435,-122.48473,Entire home/apt,1,44,4.48,t,0,335,38,149,1.0,1.0,1.0,4.330733340286331
Haight Ashbury,37.77408,-122.44232,Entire home/apt,8,53,4.91,t,26,176,24,61,0.5,0.1875,0.75,5.529429087511423
Parkside,37.74058390832144,-122.49119992320044,Entire home/apt,2,1,5.0,f,0,148,40,83,0.5,0.5,0.5,5.117993812416755
Ocean View,37.71882,-122.4718,Private room,2,0,0.0,f,16,351,18,45,0.5,1.0,0.5,4.543294782270004
Marina,37.80151,-122.42562,Hotel room,4,0,0.0,f,30,365,24,35,0.25,0.25,0.0,6.761572768804055
Castro/Upper Market,37.76049,-122.4414,Entire home/apt,3,235,4.97,t,7,223,50,89,0.3333333333333333,0.3333333333333333,0.6666666666666666,5.389071729816501
Potrero Hill,37.76095,-122.40534,Private room,2,521,4.93,t,4,20,51,71,0.5,0.5,0.5,4.634728988229636
Russian Hill,37.79890741726767,-122.4103066792622,Private room,2,1,5.0,f,0,301,16,68,0.5,1.0,1.0,3.7376696182833684
South of Market,37.77813368780478,-122.40645643883576,Private room,1,4,4.75,f,0,51,21,62,1.0,2.0,1.0,3.7376696182833684
Downtown/Civic Center,37.7878653,-122.4104163,Entire home/apt,4,2,5.0,f,18,225,49,75,0.0,0.25,0.5,5.365976015021851
Russian Hill,37.79688,-122.42296,Entire home/apt,2,137,4.85,t,4,321,44,44,0.5,0.5,0.5,4.787491742782046
Financial District,37.79,-122.40584,Private room,2,1,5.0,f,30,365,20,11,0.0,0.5,0.5,5.971261839790462
Inner Richmond,37.77701,-122.45489,Entire home/apt,2,244,4.96,t,9,208,30,78,0.5,0.5,0.5,5.288267030694535
Outer Richmond,37.77898728406716,-122.48682909385172,Private room,2,17,4.29,f,2,237,42,72,0.5,0.5,0.5,4.30406509320417
Russian Hill,37.79862,-122.41207,Entire home/apt,2,16,4.75,f,0,261,29,46,0.5,0.5,0.5,4.574710978503383
Inner Richmond,37.778497038161575,-122.45017064847998,Entire home/apt,8,32,4.41,f,8,272,16,60,0.5,0.25,0.625,6.148468295917647
Mission,37.75254,-122.40497,Entire home/apt,5,665,4.95,t,5,168,58,52,0.2,0.2,0.6,5.351858133476067
Western Addition,37.77725,-122.44567,Entire home/apt,4,84,4.82,t,0,320,42,63,0.25,0.25,0.5,4.976733742420574
Noe Valley,37.7517929,-122.4406435,Entire home/apt,6,0,0.0,f,0,243,50,69,0.5,0.25,0.3333333333333333,6.249975242259483
Outer Richmond,37.77403,-122.49317,Entire home/apt,3,72,4.69,f,12,238,38,49,0.3333333333333333,0.3333333333333333,0.6666666666666666,4.672828834461906
Castro/Upper Market,37.75631,-122.43328,Entire home/apt,2,397,4.89,t,9,214,30,68,0.5,0.5,0.5,5.10594547390058
Russian Hill,37.79722,-122.41789,Entire home/apt,3,383,4.96,t,4,180,45,163,0.0,0.3333333333333333,0.6666666666666666,5.3471075307174685
Potrero Hill,37.75841,-122.40113,Entire home/apt,2,52,4.98,t,1,152,57,81,0.0,0.5,1.0,4.997212273764115
South of Market,37.78707,-122.38844,Private room,2,0,0.0,f,3,338,21,68,0.5,0.5,0.5,4.605170185988092
North Beach,37.79956666493697,-122.40726362858436,Private room,2,3,5.0,f,6,236,19,83,0.5,1.0,0.5,3.6375861597263857
Bayview,37.73542,-122.38626,Private room,1,4,4.75,t,25,334,38,56,1.0,1.0,1.0,4.007333185232471
Inner Richmond,37.782,-122.46141,Private room,2,509,4.72,f,14,160,24,88,0.5,1.0,1.0,4.143134726391533
Lakeshore,37.7339,-122.47362,Entire home/apt,2,19,4.89,t,21,77,33,75,0.5,0.5,0.5,5.135798437050262
Mission,37.76196,-122.41779,Entire home/apt,8,66,4.71,f,0,35,40,63,0.375,0.1875,0.375,5.0689042022202315
South of Market,37.7776592,-122.4142959,Hotel room,4,0,0.0,f,25,347,23,46,0.25,0.25,0.0,5.318119993844216
Western Addition,37.78639,-122.42559,Private room,2,14,4.86,t,9,339,42,77,0.5,0.5,0.5,4.736198448394496
Mission,37.76660626484894,-122.42065656213347,Entire home/apt,4,1,5.0,f,30,365,54,34,0.5,0.5,0.5,5.187385805840755
Excelsior,37.72492,-122.40852,Entire home/apt,3,342,4.98,t,3,122,30,77,0.3333333333333333,0.3333333333333333,0.3333333333333333,4.867534450455582
Pacific Heights,37.79231,-122.42923,Entire home/apt,4,91,4.9,t,8,170,37,31,0.0,0.25,0.5,5.605802066295998
Mission,37.75363,-122.40466,Private room,1,3,5.0,t,0,131,21,84,1.0,1.0,0.0,4.174387269895637
West of Twin Peaks,37.7299,-122.46185,Entire home/apt,3,114,4.89,t,17,162,28,34,0.3333333333333333,0.3333333333333333,0.6666666666666666,4.9344739331306915
Mission,37.76111,-122.4209,Entire home/apt,2,12,4.83,f,0,289,34,39,0.5,0.5,0.5,5.049856007249537
Downtown/Civic Center,37.78698,-122.41303,Private room,2,1,1.0,f,26,94,20,76,0.5,0.5,0.5,5.117993812416755
Inner Richmond,37.7802079,-122.4596827,Private room,2,59,4.9,t,5,322,30,78,0.5,0.5,0.5,4.290459441148391
Marina,37.7989985,-122.44399,Private room,2,3,5.0,f,8,312,32,80,0.5,0.5,0.5,5.68697535633982
Presidio Heights,37.78658,-122.44959,Entire home/apt,2,8,4.38,f,0,304,25,41,0.5,0.5,0.5,4.812184355372417
Excelsior,37.71706,-122.43046,Private room,2,197,4.83,t,17,352,28,72,0.5,0.5,0.5,3.713572066704308
Castro/Upper Market,37.76119,-122.42858,Private room,1,9,5.0,t,23,238,25,48,1.0,1.5,1.0,4.836281906951478
Presidio Heights,37.78866158312889,-122.45566175211432,Entire home/apt,5,53,4.98,t,0,58,43,75,0.6,0.2,0.6,6.4457198193855785
Nob Hill,37.79585,-122.4173,Entire home/apt,4,0,0.0,f,0,276,9,8,0.25,0.25,0.5,5.991464547107982
Noe Valley,37.74966,-122.43774,Entire home/apt,6,73,5.0,t,3,39,52,163,0.6666666666666666,0.5,0.6666666666666666,6.835184586147301
Russian Hill,37.80574,-122.41836,Private room,2,0,0.0,f,28,171,21,31,0.5,0.5,0.5,5.117993812416755
Mission,37.75389,-122.42333,Entire home/apt,2,3,4.67,f,0,203,18,81,0.0,0.5,0.5,4.787491742782046
Ocean View,37.7129308,-122.4667123,Private room,1,0,0.0,f,12,252,42,77,1.0,1.0,1.0,4.0943445622221
Bernal Heights,37.74617,-122.41591,Entire home/apt,9,201,4.96,t,8,229,71,77,0.2222222222222222,0.2222222222222222,0.4444444444444444,5.5254529391317835
Castro/Upper Market,37.76236,-122.4295,Entire home/apt,2,296,4.98,t,11,152,33,88,0.0,0.5,0.5,5.10594547390058
Downtown/Civic Center,37.7787601,-122.4222545,Entire home/apt,2,0,0.0,f,23,220,34,54,0.0,0.0,0.5,4.919980925828125
Excelsior,37.72905,-122.4098,Private room,1,5,4.2,t,0,240,40,76,1.0,1.0,1.0,4.406719247264253
Western Addition,37.77895333742873,-122.44314243231752,Entire home/apt,3,3,4.67,t,8,329,38,24,0.3333333333333333,0.3333333333333333,0.3333333333333333,4.976733742420574
Western Addition,37.7724594,-122.4294394,Private room,1,25,4.72,f,6,327,34,79,1.0,1.0,1.0,4.07753744390572
Nob Hill,37.79415324793901,-122.41314341134031,Entire home/apt,2,4,5.0,t,0,141,34,85,0.0,0.5,0.5,4.382026634673881
South of Market,37.77823814646791,-122.41067125999548,Entire home/apt,4,0,0.0,f,30,365,12,7,0.25,0.25,0.25,5.857933154483459
Inner Richmond,37.78186862636112,-122.47458271355023,Entire home/apt,6,0,0.0,f,0,92,13,11,0.3333333333333333,0.16666666666666666,0.5,5.5254529391317835
Nob Hill,37.7904,-122.41357,Entire home/apt,12,121,4.96,t,11,336,83,79,0.25,0.16666666666666666,0.3333333333333333,6.507277712385012
Western Addition,37.786834,-122.4246657,Private room,2,27,4.89,t,19,259,47,77,0.5,0.5,0.5,4.962844630259907
Outer Sunset,37.75168,-122.48952,Private room,2,94,4.87,t,22,259,40,37,0.5,0.5,0.5,4.31748811353631
Downtown/Civic Center,37.7884146,-122.4215935,Private room,2,1,3.0,f,30,365,33,49,0.5,0.5,0.5,5.572154032177765
Mission,37.75405,-122.42309,Entire home/apt,3,6,4.33,f,18,353,13,73,0.3333333333333333,0.3333333333333333,0.3333333333333333,4.605170185988092
Noe Valley,37.75575,-122.44029,Entire home/apt,2,763,4.87,t,7,228,27,67,0.5,0.5,0.5,4.61512051684126
Excelsior,37.72863,-122.4207,Private room,1,4,4.75,t,0,305,50,87,1.0,1.0,1.0,4.02535169073515
Nob Hill,37.79234,-122.42127,Private room,2,20,4.8,f,0,304,12,28,0.5,0.5,0.5,4.787491742782046
Castro/Upper Market,37.76344,-122.44396,Entire home/apt,2,26,5.0,t,0,280,28,82,0.5,0.5,0.5,4.700480365792417
Inner Sunset,37.76234173272096,-122.45339341537212,Entire home/apt,2,0,0.0,f,23,263,8,47,0.5,0.5,0.5,4.836281906951478
Inner Richmond,37.7755955,-122.453266,Private room,2,0,0.0,f,30,365,57,0,0.5,0.5,0.5,4.969813299576001
Nob Hill,37.79267767608896,-122.40931704487176,Entire home/apt,4,89,4.96,t,3,9,44,75,0.25,0.25,0.5,5.66988092298052
Western Addition,37.77007,-122.43105,Private room,2,36,4.94,t,18,342,13,56,0.5,0.5,0.5,4.394449154672439
Outer Sunset,37.74699,-122.47593,Private room,2,253,4.87,t,23,261,40,46,0.5,1.0,0.5,4.564348191467836
Noe Valley,37.75170388933016,-122.42744900286198,Entire home/apt,8,2,3.5,f,30,362,17,68,0.375,0.1875,0.375,5.8916442118257715
Mission,37.7519,-122.41935,Private room,1,0,0.0,t,28,363,26,62,10.0,1.0,1.0,4.382026634673881
Downtown/Civic Center,37.78783165616401,-122.4092406493794,Entire home/apt,2,0,0.0,f,28,363,43,68,0.5,0.5,0.5,5.676753802268282
Mission,37.75428,-122.4168,Entire home/apt,2,26,4.88,f,0,252,50,78,0.5,0.5,0.5,5.517452896464707
Financial District,37.7882187,-122.4030532,Entire home/apt,4,0,0.0,t,16,271,41,68,0.25,0.25,0.5,6.57507584059962
Nob Hill,37.79402579495571,-122.41810089491914,Entire home/apt,4,4,4.25,f,3,302,30,88,0.5,0.25,0.5,4.465908118654584
Financial District,37.792699,-122.39212,Private room,2,4,4.5,f,25,92,23,35,0.5,0.5,0.5,5.799092654460526
Outer Richmond,37.77628,-122.49414,Entire home/apt,5,283,4.78,t,13,307,57,86,0.4,0.2,0.6,5.2574953720277815
Chinatown,37.79034,-122.40749,Entire home/apt,3,3,5.0,t,0,4,21,50,0.3333333333333333,0.3333333333333333,0.6666666666666666,4.605170185988092
Western Addition,37.77587,-122.43328,Entire home/apt,1,4,4.0,f,21,356,14,46,2.0,1.0,2.0,6.52649485957079
Noe Valley,37.75565786882899,-122.4397059183502,Entire home/apt,2,2,3.0,f,3,338,31,79,0.5,0.5,0.5,4.68213122712422
Mission,37.761438499277546,-122.41376234422766,Entire home/apt,3,6,5.0,f,6,240,41,80,0.6666666666666666,0.5,0.6666666666666666,6.075346031088684
Mission,37.76538,-122.41461,Private room,2,364,4.76,t,3,239,29,39,0.5,1.0,0.5,4.762173934797756
Outer Richmond,37.7723078,-122.5081014,Entire home/apt,2,0,0.0,f,0,112,36,87,0.5,0.5,1.0,4.897839799950911
Outer Sunset,37.75605,-122.48013,Entire home/apt,2,105,4.95,t,12,249,39,72,0.5,0.5,0.5,4.770684624465665
Inner Sunset,37.75453257259066,-122.46493294000176,Entire home/apt,8,12,5.0,t,30,259,34,40,0.5,0.5,0.625,6.823286122355687
Pacific Heights,37.79141,-122.42376,Private room,2,36,4.56,t,3,321,28,71,0.5,0.5,0.5,4.454347296253507
Bayview,37.73751,-122.38526,Entire home/apt,2,163,4.8,f,29,89,43,88,1.0,0.5,1.0,5.017279836814924
Downtown/Civic Center,37.7884146,-122.4215935,Private room,2,3,4.67,f,30,365,35,60,0.5,0.5,0.5,5.572154032177765
South of Market,37.773618466193,-122.41111364086906,Private room,1,0,0.0,f,0,152,11,72,0.0,2.0,1.0,4.127134385045092
Castro/Upper Market,37.763149,-122.427876,Entire home/apt,6,5,5.0,t,12,316,37,78,0.6666666666666666,0.3333333333333333,0.6666666666666666,6.3784261836515865
Outer Sunset,37.75532,-122.50364,Entire home/apt,6,15,4.73,f,5,334,46,65,0.5,0.16666666666666666,0.5,5.616771097666572
Bernal Heights,37.73633,-122.42129,Entire home/apt,2,88,4.85,f,0,122,31,56,0.0,0.5,0.5,4.787491742782046
Western Addition,37.7716,-122.43245,Entire home/apt,2,163,4.88,t,4,126,34,49,0.0,0.5,0.5,4.584967478670572
Mission,37.76705,-122.42038,Entire home/apt,2,5,4.8,f,0,296,40,23,0.5,0.5,0.5,4.927253685157205
Lakeshore,37.71261,-122.4833,Private room,2,15,4.87,f,29,89,17,53,0.5,0.5,0.5,4.605170185988092
Outer Sunset,37.75968,-122.49696,Entire home/apt,2,9,4.56,f,0,148,36,54,0.5,0.5,1.0,4.74493212836325
Inner Sunset,37.76411,-122.4618,Entire home/apt,2,2,5.0,f,3,338,14,85,0.0,0.5,0.5,4.499809670330265
Downtown/Civic Center,37.77844,-122.42248,Entire home/apt,2,9,4.89,f,15,350,33,39,0.0,0.5,0.5,5.0238805208462765
Mission,37.75393,-122.42505,Entire home/apt,2,51,4.83,t,0,141,31,44,0.5,0.5,0.5,5.771441123130016
Mission,37.75605,-122.4112,Private room,1,70,4.87,f,0,334,46,3,1.0,1.0,1.0,4.343805421853684
Haight Ashbury,37.77471166221109,-122.44614385222046,Entire home/apt,9,0,0.0,f,29,269,18,76,0.4444444444444444,0.2222222222222222,0.4444444444444444,5.583496308781699
Marina,37.800778000000015,-122.42748200596498,Private room,4,5,4.4,f,30,164,19,77,0.25,0.25,0.5,4.867534450455582
Outer Sunset,37.7515,-122.50272,Private room,1,0,0.0,t,30,365,18,35,1.0,1.0,1.0,4.204692619390966
Bayview,37.73288,-122.38755,Private room,1,8,4.75,f,4,272,18,89,1.0,2.5,1.0,4.02535169073515
North Beach,37.8054714,-122.4168419,Entire home/apt,2,0,0.0,t,16,16,18,36,0.0,0.5,0.5,6.284134161070802
South of Market,37.77462,-122.40881,Entire home/apt,4,35,4.8,t,16,167,29,63,0.5,0.375,0.5,5.298317366548036
Haight Ashbury,37.77004,-122.44464,Entire home/apt,9,3,5.0,f,30,365,37,78,0.4444444444444444,0.1111111111111111,0.5555555555555556,6.052089168924417
Inner Richmond,37.78441,-122.47231,Entire home/apt,2,127,4.75,f,27,319,28,90,0.5,1.0,0.5,5.429345628954441
Inner Richmond,37.77725,-122.47228,Entire home/apt,5,1,5.0,f,0,49,18,71,0.6,0.3,0.6,5.075173815233827
Russian Hill,37.80547,-122.42124,Entire home/apt,2,49,4.98,t,0,246,49,72,0.5,0.75,1.0,6.551080335043404
Mission,37.75767,-122.42278,Entire home/apt,2,23,4.96,t,0,290,56,73,0.5,0.5,0.5,4.700480365792417
Haight Ashbury,37.77347,-122.44364,Private room,4,484,4.84,t,12,320,55,77,0.0,0.25,0.5,5.0689042022202315
Western Addition,37.78737,-122.42277,Private room,2,0,0.0,f,30,365,33,14,0.5,0.5,0.5,5.572154032177765
Downtown/Civic Center,37.7884146,-122.4215935,Private room,2,0,0.0,f,30,365,35,71,0.5,0.5,0.5,5.572154032177765
South of Market,37.77985,-122.40496,Entire home/apt,2,121,4.63,f,0,210,44,45,0.5,0.5,0.5,5.0689042022202315
Outer Sunset,37.7587238,-122.4770855,Entire home/apt,3,143,4.78,t,5,220,32,82,0.3333333333333333,0.3333333333333333,0.3333333333333333,4.553876891600541
Bernal Heights,37.74583,-122.42163,Entire home/apt,4,2,5.0,f,2,68,70,64,0.75,0.5,0.75,5.886104031450156
Noe Valley,37.75209391562882,-122.4285376444459,Entire home/apt,4,1,5.0,f,0,296,55,89,0.5,0.5,0.5,5.579729825986222
Outer Richmond,37.77822423678023,-122.48209372267512,Private room,2,1,4.0,f,10,238,30,43,0.5,0.5,0.5,4.477336814478207
Bernal Heights,37.74134,-122.40958,Private room,2,16,4.75,t,30,306,54,71,0.5,0.5,0.5,4.836281906951478
Downtown/Civic Center,37.78924,-122.41372,Entire home/apt,4,8,4.88,t,11,265,48,79,0.25,0.25,0.5,5.616771097666572
Potrero Hill,37.75036142928936,-122.4001952550858,Entire home/apt,3,2,5.0,f,0,149,61,70,0.6666666666666666,0.3333333333333333,0.6666666666666666,5.017279836814924
Chinatown,37.79090719901164,-122.40788664794046,Entire home/apt,4,0,0.0,f,2,100,20,11,0.25,0.25,0.5,5.583496308781699
Bayview,37.71788600316808,-122.39148018662222,Private room,1,3,4.33,t,13,317,72,71,1.0,1.0,1.0,4.2626798770413155
Marina,37.7975,-122.42544,Private room,2,250,4.6,f,30,265,30,40,0.5,0.5,0.5,4.787491742782046
Parkside,37.73573260678869,-122.50509614674378,Entire home/apt,4,55,4.78,f,1,290,32,62,0.5,0.25,0.5,5.220355825078324
Downtown/Civic Center,37.77734939099588,-122.41745634284068,Private room,2,0,0.0,f,15,350,15,70,0.5,1.0,0.5,3.9318256327243257
Potrero Hill,37.75986,-122.40023,Entire home/apt,4,56,4.93,t,0,264,46,36,0.5,0.25,0.5,4.941642422609304
Pacific Heights,37.79039609536881,-122.44708687788524,Entire home/apt,2,0,0.0,t,0,205,47,36,0.5,0.5,0.5,5.424950017481403
Haight Ashbury,37.76864,-122.45267,Entire home/apt,6,75,4.89,f,29,351,37,34,0.5,0.4166666666666667,0.5,7.150701457592526
Russian Hill,37.80121884525346,-122.41334618094965,Private room,2,0,0.0,t,0,234,40,32,0.5,0.5,2.0,5.356586274672012
Mission,37.75328,-122.4178,Private room,1,0,0.0,f,28,363,14,62,1.0,2.0,1.0,4.477336814478207
Downtown/Civic Center,37.7798972160329,-122.42252025824976,Entire home/apt,2,5,5.0,t,2,2,14,75,0.5,0.5,0.5,4.8283137373023015
Outer Sunset,37.76488,-122.47843,Private room,1,130,4.83,t,18,75,34,76,1.0,1.0,1.0,4.653960350157523
Outer Richmond,37.77937,-122.50574,Entire home/apt,14,60,4.83,f,22,336,62,60,0.21428571428571427,0.14285714285714285,0.35714285714285715,6.583409222158765
South of Market,37.77243410000001,-122.3972595,Entire home/apt,2,0,0.0,t,12,313,54,41,0.5,0.5,0.5,5.14166355650266
Castro/Upper Market,37.75954,-122.43823,Entire home/apt,9,6,5.0,f,0,143,27,66,0.5555555555555556,0.3888888888888889,0.5555555555555556,6.429719478039138
Bernal Heights,37.74666,-122.40616,Entire home/apt,6,380,4.93,t,4,179,58,85,0.3333333333333333,0.16666666666666666,0.3333333333333333,5.393627546352362
Downtown/Civic Center,37.7889904,-122.4127915,Entire home/apt,6,0,0.0,t,10,283,48,69,0.3333333333333333,0.16666666666666666,0.5,5.793013608384144
Nob Hill,37.79036,-122.40989,Entire home/apt,4,0,0.0,f,0,7,20,11,0.25,0.25,0.5,5.717027701406222
Outer Mission,37.72151,-122.43897,Entire home/apt,4,272,4.87,t,0,162,64,72,0.25,0.25,0.25,4.61512051684126
Inner Sunset,37.76133,-122.4766,Private room,4,49,4.76,f,11,335,27,83,0.25,0.25,0.5,4.795790545596741
Excelsior,37.72729,-122.42926,Private room,2,132,4.87,t,29,364,18,85,0.5,0.5,0.5,4.499809670330265
Western Addition,37.770767378805125,-122.42748343483974,Entire home/apt,2,3,5.0,f,20,355,51,30,0.0,0.5,0.5,5.236441962829949
South of Market,37.78696,-122.39198,Entire home/apt,1,0,0.0,f,0,194,20,87,1.0,1.0,1.0,5.337538079701318
Marina,37.79651139793415,-122.43264955309732,Entire home/apt,2,10,5.0,t,0,208,58,69,0.5,0.5,1.0,5.351858133476067
West of Twin Peaks,37.74274,-122.4617,Entire home/apt,3,104,4.92,t,1,22,14,83,0.3333333333333333,0.3333333333333333,0.3333333333333333,4.90527477843843
Inner Richmond,37.78554,-122.4724,Private room,2,1,5.0,t,24,359,33,87,0.5,1.25,0.5,4.653960350157523
Castro/Upper Market,37.75765,-122.42953,Entire home/apt,2,39,4.59,f,27,362,27,0,0.5,0.5,0.5,4.941642422609304
Western Addition,37.77877,-122.43251,Private room,2,0,0.0,f,11,309,11,67,0.5,0.5,0.5,5.762051382780177
Presidio Heights,37.78639,-122.44983,Entire home/apt,2,2,2.5,f,8,343,17,36,0.0,0.5,0.5,4.584967478670572
Glen Park,37.73896,-122.42644,Entire home/apt,4,40,4.93,t,0,283,64,32,0.5,0.25,0.5,5.393627546352362
Potrero Hill,37.76277,-122.40367,Entire home/apt,2,4,4.75,t,0,119,21,67,0.5,0.5,0.5,4.770684624465665
Potrero Hill,37.76285,-122.39454,Entire home/apt,4,16,4.94,t,0,144,45,65,0.5,0.625,0.5,6.47543271670409
Pacific Heights,37.795041,-122.4306881,Entire home/apt,2,1,5.0,f,28,268,60,23,0.5,0.75,0.5,6.416732282512326
Marina,37.8050118,-122.4389453,Entire home/apt,2,3,5.0,f,0,137,51,64,0.5,0.5,0.5,6.021023349349527
Western Addition,37.77721528506903,-122.4253565486706,Entire home/apt,2,2,5.0,t,4,183,39,68,0.5,0.5,0.5,5.123963979403259
Chinatown,37.79227,-122.40803,Entire home/apt,4,10,5.0,t,3,241,18,82,0.0,0.25,0.5,4.700480365792417
Glen Park,37.73604,-122.43777,Entire home/apt,4,371,4.89,t,4,299,40,29,0.5,0.25,0.5,5.564520407322694
Downtown/Civic Center,37.78677,-122.41129,Entire home/apt,2,202,4.87,f,22,310,22,84,0.5,0.5,0.0,5.19295685089021
Pacific Heights,37.79156,-122.44492,Entire home/apt,5,0,0.0,f,1,148,28,8,0.4,0.5,0.0,5.480638923341991
Marina,37.79988693830306,-122.42864748467466,Private room,2,0,0.0,t,4,82,54,58,1.5,0.75,1.5,5.176149732573829
Castro/Upper Market,37.76899,-122.4341,Entire home/apt,4,2,5.0,t,0,101,63,70,0.5,0.375,0.5,5.313205979041787
Nob Hill,37.792670664317,-122.41146864594413,Entire home/apt,5,0,0.0,t,13,139,49,56,0.6,0.3,0.6,6.0014148779611505
Haight Ashbury,37.77453808221601,-122.44697062917122,Entire home/apt,4,0,0.0,f,29,269,5,61,0.5,0.25,0.5,5.583496308781699
Downtown/Civic Center,37.77993,-122.42114,Entire home/apt,2,4,5.0,f,5,185,12,27,0.5,0.5,1.0,5.521460917862246
Haight Ashbury,37.76915096373144,-122.43845559591102,Entire home/apt,6,5,5.0,t,16,97,28,84,0.16666666666666666,0.16666666666666666,0.16666666666666666,5.918893854273146
Inner Sunset,37.75398,-122.47257,Entire home/apt,4,386,4.87,t,9,293,71,77,0.25,0.25,0.5,5.159055299214529
Western Addition,37.78596,-122.43052,Entire home/apt,2,245,4.95,t,3,195,45,71,0.0,0.5,0.5,5.087596335232384
Western Addition,37.77005,-122.43366,Entire home/apt,4,481,4.98,t,6,20,38,72,0.25,0.25,0.5,5.170483995038151
Western Addition,37.78312,-122.44005,Private room,1,15,5.0,t,29,364,52,78,1.0,1.0,1.0,4.356708826689592
Downtown/Civic Center,37.7878653,-122.4104163,Private room,4,5,4.2,f,22,106,31,82,0.0,0.25,0.5,5.389071729816501
Haight Ashbury,37.76631425667963,-122.45145443622046,Private room,2,12,4.92,f,18,62,8,61,0.5,0.5,0.5,4.859812404361672
Downtown/Civic Center,37.7786662,-122.4222893,Private room,2,1,5.0,f,30,180,14,56,0.0,0.5,0.5,5.720311776607412
Potrero Hill,37.76321,-122.39799,Entire home/apt,2,336,4.82,f,4,132,42,76,0.5,0.5,0.5,5.424950017481403
Inner Richmond,37.77733,-122.46394,Private room,2,0,0.0,f,1,267,17,76,0.5,0.5,0.5,4.31748811353631
South of Market,37.775082,-122.407234,Entire home/apt,2,119,4.87,t,5,302,37,79,0.5,0.5,0.5,5.030437921392435
Castro/Upper Market,37.76038423944253,-122.42865639034336,Private room,1,10,5.0,t,16,65,20,48,1.0,1.5,1.0,4.762173934797756
South of Market,37.78778,-122.39185,Entire home/apt,2,14,4.71,f,5,264,25,75,0.5,0.5,0.5,5.204006687076795
Outer Sunset,37.76149,-122.48917,Private room,1,0,0.0,f,30,365,33,73,1.0,1.0,1.0,4.3694478524670215
Outer Richmond,37.77455,-122.49918,Entire home/apt,4,156,4.62,f,10,70,37,59,0.25,0.25,0.5,4.709530201312334
Western Addition,37.77472728273754,-122.43108419099096,Entire home/apt,4,18,5.0,f,2,3,47,83,0.5,0.625,0.5,5.8289456176102075
Marina,37.80438198981173,-122.44139521244624,Entire home/apt,2,24,4.46,f,9,330,39,66,0.0,0.5,0.5,4.812184355372417
Pacific Heights,37.79068505668424,-122.44285532860344,Entire home/apt,3,22,5.0,f,6,64,46,64,0.6666666666666666,0.3333333333333333,0.6666666666666666,6.29156913955832
South of Market,37.788063049316406,-122.38982391357422,Entire home/apt,4,14,4.93,f,0,174,45,70,0.5,0.25,0.75,5.384495062789089
South of Market,37.77914,-122.40725,Entire home/apt,2,22,4.95,t,0,164,50,76,0.5,0.5,0.5,5.247024072160486
South of Market,37.77638,-122.40748,Entire home/apt,5,406,4.91,t,8,54,51,47,0.4,0.2,0.4,5.817111159963204
Financial District,37.79337,-122.40198,Entire home/apt,2,24,4.52,f,11,327,55,62,0.5,0.5,1.0,4.90527477843843
Ocean View,37.72197,-122.45,Private room,1,5,4.4,f,0,55,26,61,1.0,1.0,1.0,3.367295829986474
Western Addition,37.78660654155781,-122.4428874232788,Entire home/apt,2,3,5.0,f,2,107,8,71,0.5,0.5,0.5,5.680172609017068
Ocean View,37.712471,-122.457535,Entire home/apt,6,101,4.91,t,5,220,44,77,0.5,0.3333333333333333,0.5,5.41610040220442
Inner Sunset,37.75103,-122.47571,Entire home/apt,2,17,5.0,f,8,316,54,77,0.5,0.5,0.5,4.844187086458591
Mission,37.75419,-122.42444,Entire home/apt,3,1,5.0,f,21,328,13,66,0.3333333333333333,0.3333333333333333,0.3333333333333333,4.61512051684126
Castro/Upper Market,37.75958,-122.44256,Entire home/apt,3,15,5.0,t,0,106,59,71,1.0,0.6666666666666666,1.0,5.918893854273146
Visitacion Valley,37.71391,-122.41028,Private room,2,322,4.89,t,5,207,29,41,0.5,0.5,0.5,3.9889840465642745
Inner Richmond,37.7810806,-122.4703533,Entire home/apt,4,37,4.92,t,30,272,34,77,0.25,0.25,0.25,4.836281906951478
Mission,37.7683,-122.42539,Private room,2,195,4.94,t,0,204,52,40,0.5,0.5,0.5,4.553876891600541
South of Market,37.77833,-122.39121,Private room,2,13,4.85,t,23,352,14,76,0.5,0.5,0.5,5.991464547107982
Western Addition,37.77123,-122.43078,Private room,2,139,4.94,t,10,342,47,76,0.5,0.75,0.5,4.356708826689592
Marina,37.80589,-122.43536,Entire home/apt,4,255,4.96,t,18,165,24,72,0.25,0.25,0.5,5.966146739123692
Inner Sunset,37.7647694515291,-122.46213432712796,Private room,1,0,0.0,f,0,89,50,85,1.0,2.0,1.0,3.871201010907891
Inner Sunset,37.76351,-122.47346,Private room,1,1,5.0,f,0,212,14,67,1.0,1.0,1.0,3.5263605246161616
North Beach,37.8054714,-122.4168419,Entire home/apt,6,0,0.0,t,28,353,45,70,0.3333333333333333,0.3333333333333333,0.5,6.883462586413092
Noe Valley,37.74988,-122.4355,Entire home/apt,2,516,4.92,t,6,281,33,42,0.5,0.5,0.5,5.0689042022202315
Mission,37.75543682853956,-122.41683411038645,Entire home/apt,12,0,0.0,f,0,282,47,63,0.5833333333333334,0.25,0.75,5.703782474656201
Pacific Heights,37.79702,-122.42433,Private room,4,373,4.51,f,30,268,22,29,0.25,0.25,0.5,5.003946305945459
Mission,37.751073836074255,-122.40815163422576,Private room,2,0,0.0,f,29,269,52,48,0.5,0.5,0.5,5.58724865840025
Downtown/Civic Center,37.78681152189068,-122.409675672962,Entire home/apt,2,0,0.0,f,28,363,46,74,0.5,0.5,0.5,5.950642552587727
Outer Mission,37.72843,-122.45208,Entire home/apt,2,309,4.97,t,3,299,41,74,0.0,0.5,0.5,4.90527477843843
Potrero Hill,37.75588,-122.39937,Entire home/apt,3,36,4.89,t,12,269,34,79,0.6666666666666666,0.3333333333333333,0.6666666666666666,4.9344739331306915
Inner Richmond,37.779643493524446,-122.45465123119868,Entire home/apt,4,209,4.94,t,7,58,59,40,0.25,0.25,0.5,5.700443573390687
North Beach,37.7986,-122.40598,Entire home/apt,4,78,4.88,f,7,323,29,43,0.5,0.25,0.75,5.135798437050262
Bayview,37.71994,-122.39458,Private room,1,26,4.62,t,2,274,45,76,1.0,1.0,1.0,3.8918202981106265
Downtown/Civic Center,37.78967,-122.41261,Private room,2,155,4.83,f,7,224,22,73,0.5,0.5,0.5,4.68213122712422
South of Market,37.7771596,-122.4088976,Private room,2,108,4.38,f,27,354,29,79,0.5,0.5,0.5,4.770684624465665
Western Addition,37.78328,-122.44666,Entire home/apt,2,450,4.86,t,1,27,43,59,0.5,0.5,0.5,4.6913478822291435
Mission,37.75161,-122.40619,Private room,1,64,4.92,t,0,150,41,82,1.0,1.0,1.0,4.04305126783455
Nob Hill,37.79211,-122.41867,Entire home/apt,2,138,4.78,t,9,136,59,72,0.0,0.5,1.0,4.787491742782046
Downtown/Civic Center,37.78742,-122.41141,Entire home/apt,4,4,4.75,t,0,304,15,80,0.25,0.25,0.5,5.605802066295998
Western Addition,37.77089,-122.43063,Entire home/apt,2,121,4.89,t,3,228,52,74,0.5,0.5,0.5,5.53338948872752
Excelsior,37.73235098884251,-122.40699886312596,Entire home/apt,5,56,4.68,f,8,343,41,67,0.4,0.2,0.6,5.093750200806762
Downtown/Civic Center,37.78959571670164,-122.41093162497124,Entire home/apt,2,0,0.0,t,0,285,52,68,0.5,0.5,0.5,5.313205979041787
Haight Ashbury,37.76979,-122.43725,Entire home/apt,2,0,0.0,f,0,333,25,2,0.5,0.5,0.5,4.553876891600541
Russian Hill,37.79752,-122.42233,Entire home/apt,5,91,4.81,f,0,108,65,84,0.6,0.2,0.6,5.521460917862246
Mission,37.75808,-122.42114,Entire home/apt,2,37,4.76,f,0,335,45,52,0.5,0.5,0.5,5.384495062789089
Western Addition,37.76969,-122.42818,Entire home/apt,1,4,5.0,f,0,150,42,71,0.0,1.0,1.0,4.8283137373023015
Haight Ashbury,37.76992120173736,-122.44549379410874,Shared room,2,6,4.83,t,14,56,15,83,0.0,0.5,0.5,4.07753744390572
North Beach,37.80112652606204,-122.41058333133488,Private room,2,6,4.83,f,0,88,21,66,0.5,0.5,0.5,3.828641396489095
North Beach,37.80462,-122.40615,Entire home/apt,2,3,5.0,f,0,240,50,71,0.5,0.5,0.5,5.241747015059643
Outer Mission,37.72916,-122.44822,Entire home/apt,4,3,4.67,f,9,162,55,66,0.5,0.25,0.75,5.537334267018537
Outer Sunset,37.756859807437166,-122.4928530516987,Entire home/apt,5,192,4.92,t,1,283,45,67,0.4,0.2,0.4,5.356586274672012
Mission,37.7503,-122.40885,Entire home/apt,3,7,5.0,f,4,13,7,88,0.0,0.3333333333333333,0.0,4.6443908991413725
Western Addition,37.77327,-122.43686,Private room,2,78,4.68,t,20,346,8,56,0.0,0.5,0.5,5.5254529391317835
Visitacion Valley,37.71783,-122.40852,Entire home/apt,4,134,4.86,t,5,127,55,75,0.25,0.5,0.5,5.117993812416755
Western Addition,37.78809,-122.43647,Entire home/apt,2,0,0.0,f,0,303,54,0,0.5,0.5,0.5,5.075173815233827
Western Addition,37.78582327822178,-122.4240382986853,Private room,2,18,4.83,t,1,274,42,77,0.5,0.5,0.5,4.990432586778736
Inner Richmond,37.77703,-122.47067,Entire home/apt,9,6,4.5,f,0,255,46,73,0.2222222222222222,0.1111111111111111,0.8888888888888888,5.262690188904886
Nob Hill,37.7893,-122.42078,Private room,2,0,0.0,f,30,365,18,69,0.5,0.5,0.5,5.572154032177765
South of Market,37.78261,-122.39561,Private room,2,152,4.95,t,12,304,49,80,0.5,0.5,0.5,4.983606621708336
Inner Sunset,37.7540052,-122.4756543,Entire home/apt,5,20,4.8,f,21,337,35,82,0.4,0.2,0.8,5.393627546352362
Financial District,37.79303350039727,-122.4032105249624,Shared room,6,10,4.8,t,28,269,26,45,0.16666666666666666,0.16666666666666666,1.0,4.343805421853684
Western Addition,37.7757,-122.4275,Entire home/apt,4,18,4.67,f,0,274,25,67,0.5,0.25,0.5,5.093750200806762
Pacific Heights,37.78897,-122.43376,Entire home/apt,4,506,4.86,t,11,186,51,76,0.25,0.25,0.5,5.438079308923196
Excelsior,37.73146,-122.41371,Entire home/apt,2,0,0.0,f,29,364,42,32,1.0,1.0,1.0,5.476463551931511
Haight Ashbury,37.7691781,-122.4443989,Entire home/apt,2,6,5.0,f,2,239,37,71,0.5,0.5,0.5,4.77912349311153
Western Addition,37.7879,-122.43821,Entire home/apt,5,18,5.0,f,0,152,45,58,0.6,0.4,0.6,6.551080335043404
Noe Valley,37.75037,-122.43164,Entire home/apt,6,41,4.88,t,12,62,41,75,0.5,0.4166666666666667,0.5,6.267200548541362
South of Market,37.775761,-122.406944,Entire home/apt,2,26,4.96,t,13,316,33,67,0.5,0.5,0.5,4.897839799950911
Marina,37.80101,-122.4325,Private room,1,10,4.5,t,5,280,19,77,1.0,1.0,1.0,4.276666119016055
Downtown/Civic Center,37.78823,-122.40944,Entire home/apt,3,4,5.0,t,0,6,21,81,0.0,0.3333333333333333,0.6666666666666666,5.298317366548036
Outer Sunset,37.76337,-122.50549,Entire home/apt,4,86,4.53,f,15,342,22,37,0.5,0.25,0.75,4.605170185988092
South of Market,37.78772,-122.38936,Entire home/apt,2,14,4.57,f,4,335,46,89,0.5,0.5,0.5,5.225746673713202
Bayview,37.7316,-122.38963,Entire home/apt,4,29,4.76,t,9,313,44,69,0.25,0.25,0.5,5.0238805208462765
Outer Richmond,37.7784707,-122.4858803,Entire home/apt,12,57,4.93,t,11,298,69,87,0.25,0.20833333333333334,0.3333333333333333,6.5337888379333435
Noe Valley,37.75156,-122.43776,Entire home/apt,2,92,4.64,f,30,270,34,47,1.0,0.5,0.5,5.14166355650266
Inner Sunset,37.76514,-122.46098,Private room,1,26,5.0,t,1,59,45,40,1.0,1.0,1.0,4.955827057601261
Western Addition,37.78311,-122.44043,Private room,1,18,4.94,t,0,143,24,69,0.0,0.0,1.0,4.430816798843313
Mission,37.75314331054688,-122.41404724121094,Entire home/apt,2,10,5.0,t,1,251,62,75,0.5,0.5,1.0,4.553876891600541
Inner Sunset,37.75495,-122.45631,Entire home/apt,5,126,4.96,t,15,36,52,89,0.4,0.2,0.4,5.627621113690637
Downtown/Civic Center,37.78878,-122.41064,Private room,4,48,4.85,t,4,4,34,79,0.0,0.25,0.5,5.407171771460119
Mission,37.75813,-122.40626,Entire home/apt,3,0,0.0,t,1,58,61,82,0.3333333333333333,0.3333333333333333,0.6666666666666666,5.204006687076795
Outer Mission,37.73411,-122.44805,Private room,1,24,4.83,f,28,363,53,35,1.0,1.0,1.0,4.174387269895637
Downtown/Civic Center,37.7842,-122.41518,Entire home/apt,2,9,4.67,f,14,254,24,60,0.0,0.5,0.5,4.356708826689592
Downtown/Civic Center,37.78924,-122.40974,Private room,2,82,4.85,t,24,99,23,74,0.5,0.5,0.5,5.25227342804663
Marina,37.79781,-122.42706,Entire home/apt,4,50,4.92,t,0,44,32,161,0.5,0.375,0.5,5.886104031450156
Mission,37.75229,-122.41338,Private room,2,21,4.9,t,1,191,41,67,0.5,0.5,0.5,4.394449154672439
Haight Ashbury,37.7708767,-122.4412783,Entire home/apt,8,140,4.98,t,8,256,54,81,0.375,0.25,0.375,6.257667587882639
Outer Richmond,37.77315,-122.50656,Private room,2,136,4.8,t,11,61,30,39,0.5,0.5,0.5,4.356708826689592
Downtown/Civic Center,37.78506,-122.41398,Private room,2,63,4.65,f,22,256,18,66,0.5,0.25,0.5,4.330733340286331
Russian Hill,37.80445,-122.42249,Entire home/apt,6,110,4.92,f,29,364,57,82,0.3333333333333333,0.3333333333333333,0.3333333333333333,6.985641817639208
Western Addition,37.7803,-122.43326,Private room,2,0,0.0,f,6,289,14,67,0.5,0.5,0.5,5.886104031450156
Western Addition,37.78,-122.43868,Private room,1,4,5.0,f,1,336,34,53,1.0,1.0,1.0,3.912023005428146
Marina,37.799909697478775,-122.4401930845154,Private room,2,65,4.15,f,24,345,26,78,0.5,0.5,0.5,4.77912349311153
South of Market,37.7874798,-122.3905769,Entire home/apt,2,2,5.0,f,0,107,19,70,0.5,0.5,0.5,4.867534450455582
Financial District,37.7937,-122.40417,Shared room,8,583,4.73,t,30,271,23,27,0.125,0.125,1.0,3.9512437185814275
Western Addition,37.77257,-122.42509,Private room,2,285,4.91,t,8,254,42,59,0.5,0.5,1.0,4.8283137373023015
Western Addition,37.78593541197176,-122.42409998838514,Private room,1,6,5.0,t,1,336,30,55,1.0,1.0,1.0,4.672828834461906
Excelsior,37.7301815,-122.4138755,Private room,2,38,4.71,t,7,143,35,6,0.5,0.5,0.5,3.912023005428146
Outer Sunset,37.75098,-122.48713,Entire home/apt,2,8,4.63,f,0,334,43,26,0.5,0.5,0.5,4.709530201312334
Inner Richmond,37.78584,-122.4661,Entire home/apt,4,4,5.0,t,14,303,48,81,0.5,0.375,0.5,5.8916442118257715
Outer Mission,37.7332353,-122.4393145,Entire home/apt,4,72,4.89,t,12,333,60,75,0.5,0.5,0.5,4.941642422609304
Castro/Upper Market,37.75972360376056,-122.43605785218185,Entire home/apt,2,2,5.0,t,0,299,6,79,0.5,0.5,0.5,4.969813299576001
Marina,37.80466743067501,-122.43490988118477,Entire home/apt,2,149,4.97,t,5,134,47,54,0.5,0.5,0.5,5.730099782973574
South of Market,37.77587,-122.4088,Private room,2,194,4.95,t,13,152,59,77,0.5,0.5,0.5,4.770684624465665
Bernal Heights,37.73337,-122.43138,Entire home/apt,1,16,4.69,f,0,327,29,81,1.0,1.5,1.0,4.553876891600541
Twin Peaks,37.7544,-122.45452,Entire home/apt,2,236,4.93,t,0,0,24,62,0.0,0.5,0.5,4.919980925828125
Mission,37.75232,-122.41382,Private room,2,0,0.0,f,1,83,31,53,0.5,0.5,0.5,4.890349128221754
Downtown/Civic Center,37.78882,-122.41161,Entire home/apt,4,35,5.0,t,5,31,22,60,0.0,0.25,0.25,4.9344739331306915
Downtown/Civic Center,37.7884146,-122.4215935,Private room,2,0,0.0,f,30,365,35,73,0.5,0.5,0.5,5.572154032177765
Castro/Upper Market,37.76173,-122.43604,Private room,2,130,4.91,t,10,335,30,0,0.5,0.5,0.5,4.605170185988092
Western Addition,37.77567,-122.42525,Private room,3,179,4.9,t,4,212,36,82,0.3333333333333333,0.3333333333333333,0.6666666666666666,4.787491742782046
Nob Hill,37.79132,-122.40963,Entire home/apt,2,4,5.0,t,1,336,59,36,0.5,0.5,0.5,5.739792912179234
Outer Richmond,37.77281316824497,-122.48654812574388,Entire home/apt,3,120,4.93,t,8,118,39,60,0.3333333333333333,0.3333333333333333,0.3333333333333333,4.709530201312334
Nob Hill,37.78872676772384,-122.42061863029782,Entire home/apt,2,11,5.0,t,7,87,62,66,0.5,0.5,0.5,5.71042701737487
Twin Peaks,37.75047,-122.44475,Entire home/apt,2,407,4.81,t,12,338,41,75,0.0,0.5,0.5,4.820281565605037
Outer Mission,37.73234,-122.44256,Private room,2,459,4.9,t,9,334,64,88,0.5,0.5,1.0,4.77912349311153
Outer Richmond,37.7784,-122.48511,Entire home/apt,5,25,4.88,t,10,345,33,85,0.4,0.2,0.6,5.808142489980444
Mission,37.75685,-122.42087,Private room,2,308,4.91,t,13,36,19,27,0.5,0.5,0.5,4.564348191467836
Financial District,37.79039,-122.40672,Hotel room,2,16,4.13,f,26,349,18,67,0.5,0.5,0.5,4.976733742420574
South of Market,37.78117,-122.39533,Entire home/apt,2,64,4.8,t,10,229,17,89,0.5,0.5,0.5,4.787491742782046
West of Twin Peaks,37.73222,-122.46171,Private room,4,295,4.88,t,26,165,54,78,0.5,0.25,0.75,4.990432586778736
Outer Sunset,37.75939,-122.50664,Private room,2,296,4.97,t,2,193,36,35,0.5,0.5,0.5,4.700480365792417
Mission,37.77025,-122.42193,Entire home/apt,2,46,4.3,f,5,229,24,53,0.5,0.5,0.5,4.7535901911063645
Outer Richmond,37.77879,-122.50102,Entire home/apt,10,56,4.77,t,0,334,68,73,0.5,0.35,0.8,5.860786223465865
Outer Richmond,37.77825,-122.48464,Entire home/apt,6,2,5.0,f,3,338,18,77,0.3333333333333333,0.16666666666666666,0.6666666666666666,4.867534450455582
Mission,37.7487,-122.4152,Private room,1,23,5.0,f,0,15,40,72,1.0,1.0,1.0,4.2626798770413155
North Beach,37.80561860282386,-122.41207548663684,Entire home/apt,6,5,4.8,t,6,294,47,83,0.5,0.16666666666666666,0.6666666666666666,5.805134968916488
Castro/Upper Market,37.76088425143471,-122.42677216037734,Entire home/apt,5,4,5.0,f,1,1,11,32,0.4,0.3,0.4,5.393627546352362
North Beach,37.805077,-122.4119729,Entire home/apt,12,1,4.0,f,27,267,54,73,0.4166666666666667,0.25,0.75,6.408528791059498
Nob Hill,37.7914648,-122.4110011,Entire home/apt,4,21,4.9,f,12,262,49,75,0.5,0.25,0.5,5.8289456176102075
Parkside,37.74374,-122.47556,Private room,2,0,0.0,t,0,148,44,31,0.5,0.75,0.5,3.912023005428146
Mission,37.76308172800447,-122.42428781780428,Entire home/apt,2,2,5.0,f,0,297,37,60,0.5,0.5,0.5,4.605170185988092
Bernal Heights,37.74666,-122.4233,Private room,2,40,4.78,t,7,237,61,75,0.5,0.75,0.5,4.564348191467836
Haight Ashbury,37.76629,-122.4527,Entire home/apt,7,0,0.0,t,0,252,51,75,0.42857142857142855,0.14285714285714285,0.5714285714285714,5.616771097666572
South of Market,37.78165,-122.39918,Entire home/apt,2,0,0.0,f,21,121,21,66,0.0,0.5,0.5,4.700480365792417
Financial District,37.7882187,-122.4030532,Entire home/apt,6,1,5.0,f,2,290,45,68,0.3333333333333333,0.3333333333333333,0.5,6.983789965258135
South of Market,37.781364094775455,-122.3990772116394,Entire home/apt,2,14,5.0,t,12,318,46,75,0.0,0.5,0.5,4.709530201312334
Bernal Heights,37.73964,-122.41522,Entire home/apt,1,125,4.74,t,29,186,50,70,1.0,1.0,2.0,4.718498871295094
Financial District,37.78939,-122.40611,Private room,2,74,4.43,f,30,212,12,56,0.5,0.0,0.5,4.574710978503383
Inner Richmond,37.78567544383781,-122.47422170631648,Private room,2,1,5.0,t,24,359,33,87,0.5,1.25,0.5,4.718498871295094
South of Market,37.7738,-122.38964,Entire home/apt,2,0,0.0,f,28,363,49,78,0.5,0.5,0.5,7.155396301896734
Crocker Amazon,37.71469,-122.44124,Private room,3,28,4.82,t,8,343,27,38,0.3333333333333333,0.3333333333333333,0.6666666666666666,4.356708826689592
Downtown/Civic Center,37.78661,-122.4142,Private room,1,95,4.62,t,18,347,15,34,1.0,1.0,1.0,4.248495242049359
Haight Ashbury,37.77255,-122.44985,Private room,2,680,4.72,t,24,357,24,24,0.5,1.0,0.5,4.5217885770490405
Downtown/Civic Center,37.78425632875975,-122.408212849108,Entire home/apt,2,0,0.0,f,28,363,46,81,0.5,0.5,0.5,5.945420608606575
Nob Hill,37.79523,-122.41202,Private room,2,4,4.75,t,0,255,33,34,0.5,0.5,0.5,4.430816798843313
Outer Sunset,37.75632,-122.49987,Entire home/apt,3,180,4.94,t,21,252,45,80,0.6666666666666666,0.3333333333333333,0.6666666666666666,5.564520407322694
West of Twin Peaks,37.72775,-122.46422,Entire home/apt,4,72,4.9,t,0,145,68,73,0.75,0.375,0.75,6.163314804034641
Western Addition,37.77558,-122.42929,Entire home/apt,6,14,4.93,f,0,28,25,71,0.6666666666666666,0.3333333333333333,0.6666666666666666,5.7899601708972535
South of Market,37.77766,-122.4143,Hotel room,4,0,0.0,f,26,348,23,44,0.25,0.25,0.0,5.267858159063328
Outer Sunset,37.75919094452145,-122.48274305273785,Private room,2,3,5.0,t,29,269,30,73,0.5,0.75,0.5,4.04305126783455
Pacific Heights,37.79242,-122.42456,Private room,2,25,4.56,t,10,312,29,71,0.5,0.5,0.5,4.454347296253507
Chinatown,37.7905509,-122.4069285,Private room,4,4,4.25,f,28,208,27,61,0.25,0.25,0.5,5.056245805348308
Bernal Heights,37.74448,-122.41699,Entire home/apt,4,399,4.89,t,13,25,51,72,0.5,0.25,0.5,5.356586274672012
Inner Sunset,37.76468,-122.45281,Entire home/apt,4,1,5.0,t,23,358,57,65,0.5,0.5,0.5,6.455198563340122
Downtown/Civic Center,37.77907,-122.42324,Entire home/apt,2,50,5.0,t,2,2,14,85,0.5,0.5,0.5,4.867534450455582
Noe Valley,37.74329,-122.42444,Entire home/apt,3,14,4.93,f,0,164,45,59,0.3333333333333333,0.3333333333333333,0.6666666666666666,4.605170185988092
Outer Sunset,37.76196,-122.50774,Entire home/apt,6,5,5.0,f,0,294,35,85,0.5,0.3333333333333333,0.6666666666666666,4.969813299576001
Outer Mission,37.72991,-122.44753,Entire home/apt,2,197,4.83,f,9,292,39,55,0.5,0.5,0.5,4.204692619390966
Seacliff,37.77832957191736,-122.5093311244604,Entire home/apt,4,31,4.9,f,23,355,48,84,0.5,0.25,0.5,5.552959584921617
Nob Hill,37.79072,-122.40991,Entire home/apt,2,0,0.0,f,0,88,20,11,0.0,0.5,0.5,5.564520407322694
Haight Ashbury,37.77366,-122.45128,Private room,2,23,5.0,f,0,123,52,75,0.5,0.5,0.5,4.804021044733257
Mission,37.76105,-122.41674,Private room,2,0,0.0,t,0,30,53,77,0.5,0.5,0.5,4.8283137373023015
Financial District,37.7917955,-122.3923567,Private room,1,0,0.0,f,30,90,12,24,0.0,0.5,1.0,4.564348191467836
Western Addition,37.78903,-122.42944,Entire home/apt,2,0,0.0,f,0,92,28,77,1.0,0.5,1.0,4.948759890378168
Castro/Upper Market,37.75908,-122.43516,Entire home/apt,8,11,4.91,t,3,321,57,67,0.5,0.25,0.5,6.988413181999592
Nob Hill,37.79013,-122.4208,Private room,2,9,4.78,f,4,335,7,38,0.5,0.5,0.5,4.477336814478207
Outer Richmond,37.77956,-122.49946,Entire home/apt,2,459,4.87,t,7,225,43,87,0.5,0.5,0.5,4.624972813284271
North Beach,37.80433,-122.41149,Entire home/apt,4,19,4.84,f,0,216,25,77,0.5,0.25,0.5,6.437751649736401
Inner Sunset,37.76379,-122.46172,Entire home/apt,2,44,4.95,t,29,182,68,74,0.5,0.5,0.5,5.198497031265826
Potrero Hill,37.76073,-122.39041,Entire home/apt,2,26,4.85,t,2,180,42,38,0.5,0.75,0.5,4.969813299576001
Outer Sunset,37.76308055337613,-122.48965072165548,Private room,1,2,5.0,f,17,352,42,9,1.0,1.0,1.0,3.9889840465642745
Downtown/Civic Center,37.7884146,-122.4215935,Private room,2,1,5.0,f,30,365,34,46,0.5,0.5,0.5,5.572154032177765
Castro/Upper Market,37.75651,-122.42785,Entire home/apt,6,39,4.85,f,16,335,11,33,0.5,0.5833333333333334,0.5,6.762729506931879
Excelsior,37.72684,-122.41027,Entire home/apt,7,0,0.0,f,23,173,16,6,0.5714285714285714,0.42857142857142855,0.42857142857142855,5.147494476813453
Bernal Heights,37.74627,-122.41726,Entire home/apt,2,7,5.0,f,0,251,56,85,0.5,0.5,0.5,5.6937321388027
Castro/Upper Market,37.758892,-122.437469,Entire home/apt,6,113,4.88,t,6,46,53,80,0.3333333333333333,0.16666666666666666,0.3333333333333333,5.318119993844216
Noe Valley,37.75317803724099,-122.42668904271292,Entire home/apt,2,53,4.74,f,10,240,31,66,0.5,0.5,0.5,4.852030263919617
Mission,37.75325252236132,-122.41797163005567,Entire home/apt,12,2,5.0,f,0,187,47,74,0.5833333333333334,0.25,0.6666666666666666,6.095824562432225
Downtown/Civic Center,37.78828,-122.4092,Entire home/apt,4,9,4.78,f,30,357,24,84,0.0,0.25,0.5,5.700443573390687
Crocker Amazon,37.71227,-122.43735,Private room,4,81,4.95,t,12,136,39,58,0.5,0.5,0.5,4.867534450455582
Bernal Heights,37.743557,-122.409401,Private room,4,334,4.91,t,12,304,74,87,0.25,0.25,0.75,5.4680601411351315
Parkside,37.74001,-122.49544,Entire home/apt,4,185,4.79,f,19,79,27,53,0.5,0.25,0.5,5.10594547390058
Downtown/Civic Center,37.777238061529815,-122.41764636606682,Private room,2,0,0.0,f,0,146,14,70,0.5,1.0,0.5,3.912023005428146
Castro/Upper Market,37.76342,-122.4327,Private room,2,448,4.84,t,6,304,28,164,0.5,0.5,0.5,4.74493212836325
South of Market,37.78676795130513,-122.39293304333164,Entire home/apt,3,6,5.0,f,15,107,49,42,0.3333333333333333,0.3333333333333333,0.3333333333333333,6.354370040797351
Mission,37.75559,-122.4084,Entire home/apt,4,20,4.9,f,22,295,50,68,0.5,0.25,0.5,5.187385805840755
Financial District,37.78931,-122.40588,Private room,2,315,4.35,f,11,222,14,84,0.5,0.5,0.5,4.382026634673881
Outer Sunset,37.74798,-122.50688,Entire home/apt,2,236,4.97,t,1,27,38,79,0.5,0.5,0.5,4.454347296253507
Western Addition,37.78562422411069,-122.42948687743184,Entire home/apt,5,3,4.33,f,0,176,53,72,0.8,0.6,0.8,6.51471269087253
Lakeshore,37.72992,-122.4892,Private room,1,47,4.64,f,30,365,41,78,1.0,1.0,1.0,3.9889840465642745
Downtown/Civic Center,37.7774,-122.42003,Entire home/apt,2,14,4.71,f,0,243,36,35,0.5,0.5,0.5,5.1647859739235145
Western Addition,37.76975,-122.4309,Private room,2,97,4.96,t,12,340,48,71,0.5,0.5,0.5,4.477336814478207
Visitacion Valley,37.71069,-122.41253,Entire home/apt,7,186,4.8,t,6,250,44,78,0.42857142857142855,0.14285714285714285,0.5714285714285714,4.882801922586371
Western Addition,37.77335,-122.43632,Entire home/apt,2,0,0.0,f,30,365,48,78,0.5,0.5,0.5,5.1647859739235145
Marina,37.80225985640598,-122.44483367648368,Entire home/apt,2,1,5.0,t,9,282,47,36,0.5,0.5,0.5,5.8289456176102075
Mission,37.76685,-122.41803,Private room,1,12,5.0,t,0,209,42,80,1.0,1.5,1.0,4.0943445622221
Bayview,37.73577,-122.38841,Entire home/apt,2,15,4.93,t,16,238,53,88,0.5,0.5,0.5,4.74493212836325
Western Addition,37.77617589654695,-122.43614255421149,Entire home/apt,4,4,5.0,f,4,105,53,21,0.5,0.5,0.75,5.703782474656201
Castro/Upper Market,37.76074,-122.42878,Entire home/apt,4,48,4.94,f,0,59,63,82,0.5,0.25,0.5,5.697093486505405
Western Addition,37.77368628146201,-122.4290060529302,Private room,2,0,0.0,f,0,243,52,65,0.5,0.5,0.5,4.290459441148391
Castro/Upper Market,37.7588337,-122.431693,Entire home/apt,8,69,4.99,t,7,209,65,84,0.375,0.25,0.75,5.8916442118257715
Inner Sunset,37.76271,-122.45419,Entire home/apt,2,150,4.89,t,0,209,29,44,0.5,0.5,0.5,4.700480365792417
Mission,37.75656265250052,-122.41554691288752,Entire home/apt,4,7,5.0,f,17,328,48,63,0.75,0.375,0.75,6.395261598115449
Financial District,37.78975,-122.40695,Private room,2,23,4.61,f,30,212,16,69,0.5,0.5,0.5,4.5217885770490405
Outer Richmond,37.77402,-122.503,Entire home/apt,8,10,4.9,t,20,232,49,87,0.375,0.25,0.25,5.8522024797744745
South of Market,37.7767618436674,-122.41708378641007,Entire home/apt,2,2,5.0,t,1,159,65,35,0.0,0.5,0.5,5.081404364984463
Haight Ashbury,37.77066,-122.44485,Entire home/apt,5,2,5.0,f,24,264,12,85,0.8,0.2,1.2,6.040254711277414
Downtown/Civic Center,37.788475165564336,-122.41950624773784,Entire home/apt,4,41,4.9,f,0,228,84,66,0.5,0.5,0.5,5.726847747587197
Potrero Hill,37.75512313842773,-122.3990478515625,Entire home/apt,5,41,4.44,f,7,266,58,14,0.6,0.4,0.8,5.459585514144159
Haight Ashbury,37.76648,-122.44576,Entire home/apt,3,344,4.99,t,0,0,45,77,0.3333333333333333,0.3333333333333333,0.6666666666666666,5.181783550292085
Haight Ashbury,37.77229,-122.44747,Entire home/apt,2,639,4.97,t,3,297,48,42,0.0,0.5,0.5,4.962844630259907
Castro/Upper Market,37.76332404809354,-122.42975234757228,Entire home/apt,2,20,4.95,t,6,102,53,67,0.5,0.75,1.0,5.420534999272286
Visitacion Valley,37.71939,-122.40341,Entire home/apt,3,3,5.0,t,23,358,43,6,0.3333333333333333,0.3333333333333333,0.6666666666666666,4.762173934797756
North Beach,37.7993368,-122.4050027,Entire home/apt,4,29,4.76,t,1,8,68,73,0.5,0.5,0.5,6.519147287940395
Castro/Upper Market,37.7673,-122.44015,Entire home/apt,2,130,4.92,t,6,309,22,46,0.5,0.5,0.5,5.231108616854587
Downtown/Civic Center,37.78993,-122.40807,Entire home/apt,2,17,4.82,t,0,4,22,51,0.0,0.5,0.5,4.605170185988092
Crocker Amazon,37.7134904,-122.441104,Private room,1,7,4.29,f,30,231,29,65,1.0,2.0,1.0,3.9512437185814275
Excelsior,37.7149453,-122.435884,Entire home/apt,4,41,4.85,f,10,199,41,80,0.5,0.5,0.75,4.976733742420574
South of Market,37.775628576221465,-122.41131865505189,Private room,1,0,0.0,f,3,338,11,72,0.0,2.0,2.0,3.784189633918261
Outer Richmond,37.7746,-122.492,Entire home/apt,2,24,5.0,f,0,108,56,71,0.5,0.5,1.0,4.969813299576001
Western Addition,37.7737,-122.42865,Private room,2,378,4.87,t,2,141,52,81,0.5,1.5,0.5,4.454347296253507
Mission,37.75394,-122.42226,Private room,2,249,4.99,t,3,33,41,43,0.5,0.5,0.5,4.875197323201151
Noe Valley,37.75213,-122.43693,Entire home/apt,2,97,4.89,f,0,82,40,23,0.5,0.5,0.5,4.90527477843843
Glen Park,37.73864,-122.42966,Entire home/apt,2,12,4.67,f,0,309,46,79,0.5,0.5,0.5,5.4638318050256105
Haight Ashbury,37.76646,-122.44425,Entire home/apt,2,480,4.72,t,17,338,29,49,0.5,0.5,0.5,4.812184355372417
Outer Mission,37.71446,-122.44789,Entire home/apt,2,6,5.0,t,0,321,53,82,0.5,0.5,0.5,4.700480365792417
Mission,37.75135867036632,-122.42440996318574,Entire home/apt,2,78,4.94,t,5,127,40,72,0.5,0.5,0.5,4.59511985013459
Downtown/Civic Center,37.78655534460459,-122.40899857706628,Private room,2,0,0.0,f,23,318,22,69,0.5,0.5,0.5,4.736198448394496
Financial District,37.78699,-122.40212,Entire home/apt,3,0,0.0,f,5,340,40,70,0.0,0.3333333333333333,0.6666666666666666,5.293304824724492
Mission,37.7694,-122.42212,Entire home/apt,2,4,5.0,f,0,121,57,60,0.5,0.5,0.5,5.41610040220442
Downtown/Civic Center,37.7889904,-122.4127915,Entire home/apt,4,0,0.0,t,19,337,50,69,0.25,0.25,0.5,5.652489180268651
Mission,37.75642,-122.41032,Entire home/apt,2,12,4.17,f,19,322,43,84,0.5,0.5,0.5,5.953243334287785
South of Market,37.77333864310618,-122.4117500541693,Private room,1,0,0.0,f,14,349,11,72,0.0,2.0,1.0,3.784189633918261
Outer Sunset,37.76138945277447,-122.4932349656723,Entire home/apt,4,82,4.99,t,11,306,54,81,0.25,0.25,0.5,5.627621113690637
Outer Richmond,37.77891394809125,-122.495418540132,Private room,3,6,4.83,f,17,273,6,33,0.3333333333333333,0.6666666666666666,0.3333333333333333,4.290459441148391
Inner Richmond,37.7774708,-122.4685569,Entire home/apt,8,4,4.75,t,0,23,58,80,0.5,0.4375,0.625,6.849066282633458
Downtown/Civic Center,37.7889904,-122.4127915,Entire home/apt,4,2,4.0,t,19,337,50,69,0.25,0.25,0.5,5.652489180268651
Downtown/Civic Center,37.77876,-122.42225,Entire home/apt,2,0,0.0,f,23,220,34,54,0.0,0.0,0.5,4.919980925828125
Bernal Heights,37.74703,-122.41887,Entire home/apt,2,20,4.9,f,6,72,60,74,0.5,0.75,0.5,5.247024072160486
Outer Richmond,37.77852,-122.48508,Private room,2,1,3.0,f,5,337,38,42,0.5,0.5,1.0,3.7612001156935624
Nob Hill,37.79455,-122.41029,Entire home/apt,5,13,4.69,t,0,314,43,73,0.4,0.3,0.6,5.0106352940962555
Excelsior,37.73056,-122.42917,Entire home/apt,4,79,4.89,t,13,242,41,81,0.25,0.25,0.5,4.574710978503383
Western Addition,37.7706666,-122.4299053,Private room,2,62,4.97,t,11,333,44,78,0.5,0.75,0.5,4.418840607796598
Russian Hill,37.80125,-122.41439,Entire home/apt,2,34,4.88,t,0,329,49,53,0.5,0.5,1.0,4.795790545596741
Downtown/Civic Center,37.7851394,-122.4097605,Private room,1,0,0.0,f,0,294,43,52,1.0,4.0,1.0,4.189654742026425
Marina,37.8009199,-122.4258129,Shared room,1,3,4.33,f,27,337,10,32,1.0,1.0,1.0,4.060443010546419
Glen Park,37.73841015039902,-122.42491940043718,Entire home/apt,2,18,5.0,t,6,321,50,68,0.5,0.5,0.5,5.493061443340548
Bayview,37.71651,-122.38939,Entire home/apt,7,3,5.0,f,12,23,61,56,0.42857142857142855,0.42857142857142855,0.42857142857142855,6.222576268071369
Outer Mission,37.72401,-122.44045,Private room,1,138,4.57,f,15,165,26,49,1.0,1.0,1.0,3.9889840465642745
Downtown/Civic Center,37.78725,-122.40944,Entire home/apt,3,2,5.0,t,0,4,21,83,0.0,0.3333333333333333,0.3333333333333333,4.844187086458591
Russian Hill,37.80576,-122.42377,Entire home/apt,6,4,5.0,f,29,364,53,43,0.3333333333333333,0.5,0.3333333333333333,6.984716320118266
Nob Hill,37.79181,-122.41943,Private room,2,3,5.0,f,9,263,13,27,0.5,0.5,0.5,4.477336814478207
Western Addition,37.77648,-122.42728,Entire home/apt,8,3,4.33,f,11,332,38,72,0.25,0.125,0.25,6.008813185442595
Excelsior,37.72682,-122.42159,Private room,1,52,4.87,t,12,334,45,66,1.0,2.0,1.0,3.828641396489095
Mission,37.76795914914816,-122.41911353385731,Entire home/apt,2,0,0.0,t,7,342,33,57,0.5,0.5,0.5,5.783825182329737
Bayview,37.73852,-122.39215,Private room,1,11,4.82,f,28,88,30,84,1.0,1.5,1.0,4.465908118654584
Downtown/Civic Center,37.78941,-122.41128,Private room,2,117,4.78,f,5,240,21,72,0.5,0.5,0.0,4.532599493153256
Noe Valley,37.7548,-122.43777,Entire home/apt,10,13,5.0,f,0,19,14,79,0.3,0.2,0.5,6.395261598115449
Ocean View,37.71267,-122.46883,Private room,1,0,0.0,f,30,365,10,48,1.0,1.5,1.0,3.828641396489095
Downtown/Civic Center,37.7851394,-122.4097605,Private room,1,1,5.0,f,12,242,43,53,1.0,4.0,1.0,4.382026634673881
Pacific Heights,37.78902,-122.44154,Private room,2,42,5.0,t,8,257,24,63,0.5,0.5,0.5,5.1298987149230735
Downtown/Civic Center,37.7878653,-122.4104163,Entire home/apt,4,2,5.0,f,18,224,51,75,0.0,0.25,0.5,5.41610040220442
Bernal Heights,37.74741,-122.42087,Entire home/apt,4,63,4.9,t,2,67,43,51,0.5,0.25,0.5,5.58724865840025
Mission,37.75894,-122.41187,Entire home/apt,6,66,4.97,f,20,21,57,84,0.3333333333333333,0.25,0.3333333333333333,6.1224928095143865
North Beach,37.805368,-122.4168723,Entire home/apt,10,0,0.0,f,2,167,46,68,0.3,0.3,0.5,7.265429723253953
Downtown/Civic Center,37.7851394,-122.4097605,Private room,1,0,0.0,f,0,283,44,0,1.0,4.0,1.0,4.31748811353631
South of Market,37.77722,-122.4156,Private room,1,44,4.52,f,30,362,46,51,1.0,4.0,1.0,4.532599493153256
Noe Valley,37.75132,-122.43145,Entire home/apt,4,22,4.95,f,0,153,50,49,0.5,0.25,0.5,5.616771097666572
Potrero Hill,37.7641029051133,-122.38859936627044,Entire home/apt,5,29,4.93,t,0,134,64,83,0.4,0.4,0.4,5.8289456176102075
Castro/Upper Market,37.768074493983015,-122.43898173502636,Entire home/apt,6,0,0.0,t,2,168,56,70,0.6666666666666666,0.25,0.6666666666666666,5.768320995793772
North Beach,37.801543654048274,-122.40561800530698,Entire home/apt,1,8,4.75,t,3,243,40,82,1.0,1.0,1.0,5.1298987149230735
Marina,37.80377,-122.44342,Entire home/apt,6,7,5.0,t,30,257,38,34,0.3333333333333333,0.3333333333333333,0.5,5.703782474656201
Downtown/Civic Center,37.78907,-122.40965,Private room,4,34,5.0,f,24,166,26,37,0.25,0.25,0.5,5.666426688112432
Inner Sunset,37.76518,-122.45359,Private room,1,3,5.0,f,0,66,50,82,1.0,1.0,1.0,4.442651256490317
Twin Peaks,37.75506,-122.44212,Entire home/apt,2,4,5.0,t,17,347,55,51,0.5,0.5,0.5,5.948034989180646
Bernal Heights,37.74131,-122.41179,Entire home/apt,5,587,4.84,t,0,225,46,75,0.0,0.2,0.4,4.820281565605037
Noe Valley,37.75383,-122.4389,Entire home/apt,2,385,4.86,f,10,70,27,48,0.5,0.5,0.5,5.181783550292085
Marina,37.80099437300132,-122.44509431008797,Entire home/apt,4,174,4.92,t,19,165,57,80,0.25,0.25,0.5,5.598421958998375
West of Twin Peaks,37.74412,-122.45273,Entire home/apt,8,172,4.85,f,0,243,69,39,0.375,0.25,0.625,5.877735781779639
South of Market,37.78246,-122.39782,Private room,2,2,5.0,f,0,124,59,83,0.5,0.5,0.5,4.787491742782046
Downtown/Civic Center,37.78620692363418,-122.41178813033994,Private room,2,1,5.0,t,28,359,8,81,0.5,0.5,0.5,5.521460917862246
Financial District,37.7882187,-122.4030532,Entire home/apt,6,0,0.0,f,2,288,45,68,0.3333333333333333,0.3333333333333333,0.5,6.983789965258135
Noe Valley,37.74253,-122.4333,Private room,2,7,5.0,f,17,17,65,63,0.5,0.5,0.5,4.454347296253507
Outer Richmond,37.77614,-122.50391,Entire home/apt,2,626,4.92,t,7,123,36,84,0.5,0.5,0.5,4.890349128221754
Marina,37.799881,-122.435287,Entire home/apt,2,230,4.64,f,9,336,46,75,0.5,0.5,0.5,5.342334251964811
Outer Sunset,37.76115,-122.49138,Entire home/apt,4,92,4.95,f,11,11,26,49,0.5,0.5,0.5,5.799092654460526
Excelsior,37.72025,-122.43653,Entire home/apt,6,164,4.91,t,10,235,62,86,0.3333333333333333,0.25,0.5,5.220355825078324
Chinatown,37.79105,-122.4071,Entire home/apt,3,0,0.0,f,11,94,25,40,0.6666666666666666,0.3333333333333333,0.6666666666666666,5.14166355650266
Downtown/Civic Center,37.788568675267584,-122.4116336683048,Entire home/apt,4,5,5.0,t,11,261,49,79,0.25,0.25,0.5,5.616771097666572
Outer Richmond,37.77994,-122.48524,Private room,2,23,4.57,f,0,177,43,73,0.5,0.5,0.5,3.7376696182833684
Haight Ashbury,37.77381,-122.45109,Entire home/apt,2,49,5.0,f,11,148,46,9,0.0,0.5,0.5,5.075173815233827
Outer Mission,37.71421,-122.44785,Entire home/apt,4,8,5.0,t,0,236,52,80,0.5,0.25,0.5,4.859812404361672
Downtown/Civic Center,37.78877620711335,-122.41230977064698,Private room,2,0,0.0,f,0,322,13,39,0.5,0.5,0.5,4.143134726391533
Inner Sunset,37.75256,-122.47585,Entire home/apt,2,3,5.0,f,7,321,41,83,0.5,0.5,0.5,4.927253685157205
Chinatown,37.79102436006858,-122.4057876240542,Entire home/apt,3,2,5.0,t,0,4,15,76,0.3333333333333333,0.3333333333333333,0.6666666666666666,4.605170185988092
Marina,37.79915,-122.42524,Private room,1,1,5.0,t,0,335,27,60,1.0,1.0,1.0,4.31748811353631
Downtown/Civic Center,37.7884146,-122.4215935,Private room,2,6,4.0,f,30,365,36,66,0.5,0.5,0.5,5.736572297479192
Downtown/Civic Center,37.78672262156708,-122.4117015165329,Private room,2,52,4.87,t,27,159,22,67,0.5,0.5,0.5,5.472270673671475
Marina,37.79943080854957,-122.43218213875129,Private room,2,5,5.0,t,0,329,22,85,0.5,0.5,0.5,4.060443010546419
West of Twin Peaks,37.74331,-122.4561,Entire home/apt,6,1,5.0,f,29,364,16,43,0.6666666666666666,0.3333333333333333,0.6666666666666666,6.543911845564792
Inner Sunset,37.76103,-122.47025,Entire home/apt,3,127,4.98,t,10,146,44,82,0.3333333333333333,0.3333333333333333,0.6666666666666666,5.407171771460119
Castro/Upper Market,37.76531,-122.42814,Entire home/apt,4,44,4.98,t,0,0,45,90,0.5,0.25,0.5,5.209486152841421
Western Addition,37.78665,-122.42565,Private room,2,9,4.67,t,13,344,38,77,0.5,0.5,0.5,5.0106352940962555
Ocean View,37.72046,-122.46311,Private room,2,320,4.84,f,10,311,43,26,0.5,0.5,1.0,4.219507705176107
Bernal Heights,37.74282,-122.40926,Entire home/apt,2,63,4.75,t,27,113,32,96,0.0,0.5,0.5,5.14166355650266
Excelsior,37.72278557727147,-122.42586956511096,Entire home/apt,3,24,4.71,t,9,9,36,76,0.3333333333333333,0.3333333333333333,0.3333333333333333,4.382026634673881
Financial District,37.78989,-122.40587,Private room,2,133,4.22,f,29,363,18,55,0.5,0.5,0.5,4.727387818712341
Outer Sunset,37.764572,-122.479607,Private room,2,154,4.78,t,11,71,25,79,0.5,0.5,0.5,4.248495242049359
Nob Hill,37.79082,-122.40971,Entire home/apt,2,0,0.0,f,0,88,20,11,0.0,0.5,0.5,5.564520407322694
Castro/Upper Market,37.7621,-122.43123,Entire home/apt,4,354,4.96,t,5,251,50,81,0.25,0.25,0.5,5.4116460518550396
Downtown/Civic Center,37.7884146,-122.4215935,Private room,2,0,0.0,f,30,365,35,49,0.5,0.5,0.5,5.572154032177765
Financial District,37.79292,-122.39199,Entire home/apt,2,0,0.0,f,28,363,40,74,0.5,0.5,0.5,6.63200177739563
Marina,37.79755,-122.42441,Entire home/apt,2,13,5.0,t,6,58,44,32,0.5,0.5,0.5,4.787491742782046
Western Addition,37.78728,-122.42374,Private room,2,3,5.0,t,21,325,48,77,0.5,0.5,0.5,5.117993812416755
Marina,37.80115,-122.43626,Private room,6,5,4.4,f,29,364,20,12,0.3333333333333333,0.16666666666666666,0.5,5.823045895483019
Castro/Upper Market,37.76159,-122.44218,Entire home/apt,2,13,4.92,f,24,359,59,70,0.5,0.5,0.5,6.543911845564792
Bernal Heights,37.7417911,-122.4233063,Entire home/apt,10,0,0.0,f,28,363,11,78,0.4,0.2,0.6,5.700443573390687
Russian Hill,37.79767,-122.41866,Entire home/apt,2,67,4.87,t,0,248,48,71,0.5,0.5,0.5,4.844187086458591
Western Addition,37.786561471669785,-122.44565205029652,Entire home/apt,4,0,0.0,t,23,191,10,18,0.5,0.375,0.5,7.038783541388542
North Beach,37.80022,-122.40428,Entire home/apt,6,77,4.86,t,9,305,69,33,0.5,0.3333333333333333,0.5,6.22455842927536
Inner Richmond,37.78611755371094,-122.47742462158205,Entire home/apt,4,296,4.94,t,10,280,53,54,0.25,0.25,0.75,5.187385805840755
Russian Hill,37.80651,-122.41944,Entire home/apt,6,3,5.0,t,6,6,37,52,0.3333333333333333,0.16666666666666666,0.5,5.808142489980444
Bernal Heights,37.74784966971026,-122.42326884581055,Entire home/apt,5,32,4.97,t,0,244,73,33,0.4,0.2,0.4,6.29156913955832
Downtown/Civic Center,37.7884146,-122.4215935,Private room,2,0,0.0,f,30,365,34,46,0.5,0.5,0.5,5.572154032177765
Parkside,37.74628956667121,-122.4784188568891,Entire home/apt,6,36,4.56,f,30,270,46,85,0.5,0.25,0.5,5.4116460518550396
Outer Sunset,37.76197111280011,-122.5071242173839,Entire home/apt,6,1,5.0,f,8,343,13,78,0.5,0.3333333333333333,0.5,5.393627546352362
Bayview,37.71991,-122.39374,Private room,1,9,4.89,t,3,316,38,68,1.0,1.0,1.0,3.9318256327243257
Noe Valley,37.75225,-122.4313,Entire home/apt,8,4,5.0,f,6,260,48,87,0.375,0.375,0.375,5.991464547107982
Marina,37.80304,-122.44187,Entire home/apt,3,32,4.88,t,0,243,55,79,0.3333333333333333,0.3333333333333333,0.6666666666666666,4.990432586778736
West of Twin Peaks,37.73508,-122.46109,Entire home/apt,6,8,5.0,f,0,243,51,88,0.5,0.6666666666666666,0.8333333333333334,6.263398262591624
Mission,37.75048209875331,-122.4171100440489,Private room,2,2,5.0,f,13,163,42,55,0.5,0.5,0.5,4.6443908991413725
Mission,37.75122,-122.42484,Entire home/apt,2,26,5.0,t,0,42,25,55,0.5,0.5,0.5,4.955827057601261
Mission,37.75979232788086,-122.41967010498048,Entire home/apt,2,202,4.54,t,7,308,29,52,0.5,0.5,0.5,4.718498871295094
Downtown/Civic Center,37.7878653,-122.4104163,Entire home/apt,4,7,4.86,f,18,223,51,75,0.0,0.25,0.5,5.517452896464707
North Beach,37.80043,-122.40873,Entire home/apt,4,16,4.94,f,0,34,48,74,0.25,0.25,0.5,4.770684624465665
Downtown/Civic Center,37.78887,-122.41306,Entire home/apt,2,30,4.97,t,0,195,57,57,0.5,0.5,1.0,5.187385805840755
North Beach,37.8076,-122.41317,Private room,2,0,0.0,t,29,99,23,60,0.5,0.5,0.5,5.247024072160486
Downtown/Civic Center,37.7889904,-122.4127915,Entire home/apt,6,0,0.0,f,10,283,48,69,0.3333333333333333,0.16666666666666666,0.5,5.886104031450156
Downtown/Civic Center,37.78865444064736,-122.40964159550448,Entire home/apt,2,2,5.0,f,16,53,24,72,0.0,0.5,1.0,5.43372200355424
Downtown/Civic Center,37.78697,-122.41224,Private room,2,0,0.0,t,29,360,9,72,0.5,0.5,0.5,5.521460917862246
Downtown/Civic Center,37.78735146128014,-122.42128828410588,Private room,2,0,0.0,f,30,365,36,49,0.5,0.5,0.5,5.572154032177765
Marina,37.80094957067711,-122.42589336627044,Shared room,1,49,4.9,f,30,341,9,17,0.0,1.0,0.0,4.060443010546419
North Beach,37.8043609,-122.4040744,Entire home/apt,5,0,0.0,f,30,90,15,17,0.4,0.5,0.4,5.713732805509369
Pacific Heights,37.79122218965717,-122.43166837444411,Entire home/apt,4,5,5.0,f,0,161,69,69,0.75,0.625,0.75,7.1592919047975645
Inner Richmond,37.77787,-122.44858,Entire home/apt,5,14,4.93,f,16,341,58,61,0.6,0.4,0.6,6.910750787961936
Parkside,37.74249,-122.47512,Private room,2,10,5.0,f,30,365,37,77,0.5,0.5,0.5,4.219507705176107
Downtown/Civic Center,37.7884146,-122.4215935,Private room,2,0,0.0,f,30,365,35,62,0.5,0.5,0.5,5.572154032177765
Noe Valley,37.75034,-122.43334,Entire home/apt,2,49,4.94,t,19,259,30,46,0.0,0.5,0.5,4.418840607796598
Western Addition,37.785175,-122.445808,Entire home/apt,8,16,4.88,f,0,227,32,83,0.375,0.3125,0.5,6.354370040797351
Outer Richmond,37.77262,-122.50855,Private room,2,282,4.84,t,12,62,23,41,0.5,0.5,0.5,4.290459441148391
Outer Sunset,37.74878,-122.50101,Entire home/apt,2,902,4.95,t,10,231,47,71,0.5,0.5,0.5,4.997212273764115
North Beach,37.8054714,-122.4168419,Entire home/apt,4,0,0.0,f,27,361,45,70,0.0,0.25,0.25,6.210600077024653
Diamond Heights,37.74144,-122.44601,Entire home/apt,4,16,5.0,t,19,34,45,77,0.5,0.25,0.5,5.634789603169249
South of Market,37.77527,-122.39025,Entire home/apt,2,5,4.8,t,0,294,72,36,0.5,0.5,0.5,5.493061443340548
Ocean View,37.72133,-122.46872,Private room,1,9,5.0,t,0,133,20,66,1.0,1.0,1.0,4.204692619390966
Inner Richmond,37.783466,-122.471701,Entire home/apt,1,9,4.44,f,1,336,52,79,1.0,1.0,2.0,4.844187086458591
Pacific Heights,37.79311,-122.4239,Entire home/apt,7,9,5.0,f,22,325,30,68,0.42857142857142855,0.2857142857142857,0.5714285714285714,6.931471805599453
Noe Valley,37.74691,-122.4251,Entire home/apt,3,313,4.97,t,11,176,32,40,0.3333333333333333,0.3333333333333333,0.3333333333333333,5.568344503761097
Marina,37.80411,-122.44081,Entire home/apt,2,76,4.89,f,0,274,33,80,0.5,0.5,0.5,6.234410725718371
Crocker Amazon,37.71360106204386,-122.4376857727076,Entire home/apt,8,0,0.0,f,0,151,38,83,0.5,0.1875,0.5,5.1647859739235145
Mission,37.74924,-122.41812,Entire home/apt,4,13,5.0,f,0,116,39,0,0.5,0.25,0.5,4.499809670330265
Marina,37.7992316,-122.4252315,Entire home/apt,2,7,5.0,t,0,239,46,47,0.5,0.5,0.5,5.1647859739235145
Lakeshore,37.73269,-122.49289,Private room,2,2,5.0,t,6,60,43,76,1.0,1.0,1.0,5.420534999272286
Inner Sunset,37.7641,-122.477,Entire home/apt,7,46,4.43,f,15,331,39,75,0.2857142857142857,0.2857142857142857,0.5714285714285714,6.100318952020064
Castro/Upper Market,37.76793208222566,-122.4378377048018,Private room,2,34,5.0,t,15,46,55,69,0.5,0.5,0.5,4.844187086458591
Inner Richmond,37.77942,-122.46862,Entire home/apt,16,0,0.0,f,0,295,12,58,0.3125,0.125,0.5,6.529418838262226
Downtown/Civic Center,37.7889904,-122.4127915,Entire home/apt,6,0,0.0,t,7,295,52,63,0.5,0.3333333333333333,0.5,5.976350909297934
North Beach,37.80217,-122.40987,Private room,2,29,4.55,f,11,323,18,60,0.5,0.5,0.5,5.332718793265369
Downtown/Civic Center,37.7885796,-122.4159416,Private room,2,17,4.41,f,28,147,26,32,0.5,0.5,0.5,4.6913478822291435
Inner Richmond,37.78576,-122.46474,Entire home/apt,2,6,5.0,f,0,277,43,75,0.5,0.5,0.5,5.564520407322694
Parkside,37.74165,-122.50651,Entire home/apt,5,13,5.0,f,5,120,45,65,0.4,0.2,0.4,5.3471075307174685
West of Twin Peaks,37.73241,-122.46432,Entire home/apt,4,534,4.75,t,14,306,55,72,0.25,0.25,0.5,4.844187086458591
Downtown/Civic Center,37.78113,-122.4156,Private room,2,122,4.64,f,30,239,41,54,0.5,0.5,1.0,4.477336814478207
Castro/Upper Market,37.76223,-122.42918,Entire home/apt,2,93,4.69,f,0,150,42,37,1.0,0.5,0.5,4.174387269895637
Inner Richmond,37.78075,-122.47332,Entire home/apt,8,38,5.0,f,0,248,56,76,0.5,0.3125,0.5,6.774223886357614
Marina,37.7962136,-122.436793,Entire home/apt,4,4,5.0,t,0,89,49,83,0.5,0.25,0.75,5.552959584921617
Haight Ashbury,37.77023,-122.44985,Entire home/apt,14,0,0.0,f,29,364,39,66,0.5,0.21428571428571427,0.42857142857142855,6.20455776256869
Outer Sunset,37.75966,-122.50913,Entire home/apt,5,8,5.0,t,30,122,44,81,0.4,0.2,0.8,5.393627546352362
Potrero Hill,37.75719,-122.40047,Entire home/apt,4,28,4.89,f,8,335,55,53,0.5,0.5,0.25,5.932245187448011
Russian Hill,37.80464374254691,-122.42443698494638,Entire home/apt,6,30,5.0,t,23,43,56,71,0.3333333333333333,0.3333333333333333,0.5,6.824373670043086
Nob Hill,37.79421763364678,-122.4212872697107,Entire home/apt,10,0,0.0,f,30,365,51,76,0.4,0.25,0.5,5.978885764901122
Downtown/Civic Center,37.7884146,-122.4215935,Private room,2,0,0.0,f,30,365,35,62,0.5,0.5,0.5,5.572154032177765
Downtown/Civic Center,37.7884146,-122.4215935,Private room,2,0,0.0,f,30,365,35,80,0.5,0.5,0.5,5.572154032177765
Presidio Heights,37.78684,-122.45856,Entire home/apt,2,76,4.61,t,0,82,26,31,0.0,0.5,0.5,4.68213122712422
Downtown/Civic Center,37.7884146,-122.4215935,Private room,2,9,4.0,f,30,365,35,71,0.5,0.5,0.5,5.736572297479192
Russian Hill,37.79731,-122.42157,Entire home/apt,4,43,4.67,f,0,150,26,83,0.25,0.25,0.25,5.099866427824199
North Beach,37.806732733757656,-122.41214474020258,Entire home/apt,2,2,5.0,f,28,363,49,74,0.5,0.5,0.5,5.6131281063880705
Bernal Heights,37.74676,-122.40702,Entire home/apt,2,190,4.96,t,1,187,57,80,0.5,0.5,2.0,4.584967478670572
Castro/Upper Market,37.7612295,-122.444876,Entire home/apt,2,4,5.0,f,1,102,30,89,0.5,0.5,0.5,5.298317366548036
Bernal Heights,37.73963,-122.41492,Private room,2,274,4.83,t,5,281,43,175,0.5,0.5,0.5,4.68213122712422
Noe Valley,37.75165,-122.44043,Entire home/apt,8,209,4.8,f,26,361,46,44,0.375,0.3125,0.375,5.991464547107982
Financial District,37.78999,-122.40495,Private room,2,30,4.57,f,16,228,12,77,0.5,0.5,0.5,4.48863636973214
Outer Sunset,37.75943,-122.47813,Entire home/apt,1,1,5.0,f,0,90,45,87,1.0,1.0,1.0,4.553876891600541
Western Addition,37.7757,-122.42966,Entire home/apt,4,162,4.81,t,10,262,49,37,0.5,0.5,0.5,5.003946305945459
South of Market,37.77468497081176,-122.40048410391776,Entire home/apt,5,1,5.0,f,0,35,25,78,0.4,0.4,0.4,5.313205979041787
Outer Sunset,37.75594,-122.477,Private room,2,0,0.0,f,0,105,31,44,0.5,0.75,0.5,4.02535169073515
Glen Park,37.73372761152197,-122.4346155258232,Entire home/apt,2,29,4.83,f,13,333,33,41,0.0,0.5,0.5,4.6443908991413725
Downtown/Civic Center,37.78802,-122.41185,Private room,4,0,0.0,f,30,365,13,50,0.25,0.25,0.25,5.8664680569332965
Marina,37.80043,-122.43431,Private room,1,9,4.78,t,25,360,17,63,1.0,1.0,1.0,4.127134385045092
Outer Mission,37.71941332219809,-122.44309967870302,Entire home/apt,8,65,4.92,t,14,202,64,78,0.375,0.3125,0.375,5.645446897643238
Excelsior,37.725636,-122.40976,Private room,6,84,4.85,t,27,362,60,74,0.16666666666666666,0.16666666666666666,0.16666666666666666,4.6913478822291435
Haight Ashbury,37.76824,-122.44805,Entire home/apt,3,640,4.89,t,6,203,38,21,0.3333333333333333,0.3333333333333333,0.6666666666666666,5.247024072160486
Russian Hill,37.80375,-122.41726,Private room,2,2,5.0,t,12,252,14,64,0.0,0.5,0.5,4.90527477843843
Ocean View,37.71265,-122.46867,Private room,1,0,0.0,f,0,335,9,28,1.0,1.0,1.0,3.8066624897703196
Bernal Heights,37.73525,-122.41725,Entire home/apt,6,34,5.0,t,0,129,34,41,0.5,0.16666666666666666,0.5,6.29156913955832
Downtown/Civic Center,37.78803610007067,-122.4081741289608,Private room,2,20,4.85,t,19,169,39,60,0.5,0.5,0.5,4.844187086458591
Diamond Heights,37.73673696480192,-122.44076589764936,Entire home/apt,3,7,4.57,f,29,269,58,85,0.3333333333333333,0.5,0.6666666666666666,5.017279836814924
Russian Hill,37.80550789999999,-122.4206092,Entire home/apt,4,0,0.0,f,0,314,18,0,0.25,0.25,0.5,5.66988092298052
Bernal Heights,37.73835,-122.41889,Entire home/apt,6,13,5.0,f,0,108,34,39,0.6666666666666666,0.5,0.6666666666666666,5.929589143389895
Outer Sunset,37.75932295104104,-122.478998046395,Entire home/apt,3,16,4.88,f,2,63,30,81,0.6666666666666666,0.3333333333333333,0.3333333333333333,5.501258210544727
Downtown/Civic Center,37.78677,-122.41101,Entire home/apt,3,33,4.94,t,0,5,20,73,0.0,0.3333333333333333,0.6666666666666666,4.605170185988092
Outer Sunset,37.75039,-122.50602,Entire home/apt,5,69,4.46,f,5,89,35,91,0.4,0.4,0.6,4.948759890378168
Bernal Heights,37.744488,-122.418688,Entire home/apt,6,143,5.0,t,18,247,48,80,0.5,0.16666666666666666,0.5,5.991464547107982
Downtown/Civic Center,37.79007,-122.40792,Private room,2,10,5.0,t,4,200,54,63,0.5,0.5,1.0,5.298317366548036
Outer Sunset,37.76072,-122.49188,Entire home/apt,8,354,4.84,t,14,328,39,84,0.375,0.3125,0.5,5.971261839790462
Diamond Heights,37.74652,-122.44455,Entire home/apt,4,13,4.92,t,0,212,56,65,0.5,0.25,0.5,4.962844630259907
Castro/Upper Market,37.76297,-122.42696,Entire home/apt,2,842,4.89,f,7,320,24,37,0.5,0.5,0.5,5.43372200355424
Crocker Amazon,37.7134904,-122.441104,Private room,1,12,4.5,f,30,231,29,65,1.0,2.0,1.0,3.8501476017100584
Chinatown,37.79045510589914,-122.40834748358472,Entire home/apt,2,0,0.0,f,0,88,20,11,0.0,0.5,0.5,5.564520407322694
Downtown/Civic Center,37.7884146,-122.4215935,Private room,2,0,0.0,f,30,365,35,27,0.5,0.5,0.5,5.572154032177765
Western Addition,37.78167,-122.42799,Entire home/apt,4,1,3.0,f,27,362,54,24,0.75,0.625,1.0,5.521460917862246
Nob Hill,37.79083,-122.41496,Entire home/apt,2,26,4.88,f,0,275,29,27,0.0,0.5,0.5,4.61512051684126
Potrero Hill,37.75975,-122.39576,Private room,2,193,4.91,t,1,326,32,39,0.5,0.5,0.5,4.7535901911063645
Outer Sunset,37.75225,-122.47794,Private room,2,3,5.0,f,1,93,33,82,0.5,0.75,0.5,4.02535169073515
Castro/Upper Market,37.76702,-122.42845,Entire home/apt,2,11,4.64,t,0,319,39,24,0.0,0.5,1.0,4.634728988229636
Pacific Heights,37.7890298,-122.4381701,Entire home/apt,4,8,4.88,t,1,103,56,39,0.5,0.25,0.5,5.298317366548036
Downtown/Civic Center,37.77965,-122.42176,Entire home/apt,4,31,4.77,t,12,12,31,70,0.25,0.25,0.5,5.220355825078324
Western Addition,37.78776,-122.42369,Private room,2,1,5.0,t,14,349,34,63,0.5,0.5,0.5,5.0106352940962555
Glen Park,37.739501953125,-122.42790222167967,Entire home/apt,2,400,4.91,t,4,277,43,69,0.5,0.5,0.5,4.499809670330265
Mission,37.74897778558141,-122.41111858132446,Entire home/apt,3,12,5.0,t,21,356,40,72,0.6666666666666666,0.3333333333333333,0.6666666666666666,5.58724865840025
Haight Ashbury,37.769092,-122.4436069,Entire home/apt,2,9,4.33,f,0,212,31,6,0.5,0.5,0.5,4.74493212836325
Chinatown,37.797432,-122.407883,Private room,2,1223,4.67,t,26,361,35,78,0.5,0.5,0.5,5.062595033026967
Bernal Heights,37.74043,-122.41977,Entire home/apt,4,1,5.0,f,0,324,18,28,0.5,0.25,0.5,5.017279836814924
Castro/Upper Market,37.76006,-122.43424,Entire home/apt,2,150,4.91,t,4,328,60,86,0.5,0.5,1.0,5.342334251964811
Glen Park,37.74033,-122.4304,Entire home/apt,4,16,5.0,t,0,147,38,73,0.5,0.25,0.5,5.703782474656201
Excelsior,37.7181363,-122.4373349,Private room,1,104,4.88,f,3,222,23,79,1.0,1.0,1.0,3.970291913552122
Inner Richmond,37.77799,-122.4778,Entire home/apt,4,1,4.0,t,0,304,26,14,0.5,0.25,0.5,5.214935757608986
Downtown/Civic Center,37.7884146,-122.4215935,Private room,2,0,0.0,f,30,365,35,80,0.5,0.5,0.5,5.572154032177765
South of Market,37.7782314,-122.3969608,Entire home/apt,6,11,4.91,f,0,335,20,78,0.5,0.4166666666666667,0.5,5.849324779946859
Bernal Heights,37.7329675988778,-122.42413907032044,Entire home/apt,4,1,5.0,f,29,364,53,14,0.5,0.25,0.5,5.521460917862246
South of Market,37.78425,-122.40735,Private room,2,7,5.0,t,27,159,22,73,0.5,0.5,0.5,5.541263545158426
Outer Mission,37.71416,-122.44484,Entire home/apt,5,51,4.73,f,17,243,35,74,0.6,0.2,0.6,4.875197323201151
Potrero Hill,37.76163,-122.4045,Private room,2,218,4.92,t,4,27,50,66,0.5,0.5,0.5,4.605170185988092
Outer Sunset,37.75986274615241,-122.48737975506984,Entire home/apt,4,9,5.0,t,10,60,46,77,0.5,0.25,0.5,6.214608098422191
Downtown/Civic Center,37.78773,-122.40768,Private room,2,7,4.71,t,29,127,17,36,0.5,1.0,0.5,5.313205979041787
Castro/Upper Market,37.76235,-122.43636,Entire home/apt,6,4,5.0,f,8,251,50,84,0.16666666666666666,0.16666666666666666,0.16666666666666666,5.420534999272286
Castro/Upper Market,37.76069,-122.4306,Entire home/apt,8,2,5.0,t,13,333,43,43,0.5,0.1875,0.5,6.51471269087253
Nob Hill,37.79383,-122.41676,Entire home/apt,2,1,5.0,f,7,303,33,62,0.5,0.5,0.5,5.1647859739235145
Mission,37.75285,-122.41397,Private room,2,117,4.85,t,9,238,43,77,0.5,0.5,0.5,4.532599493153256
Chinatown,37.79294,-122.40806,Entire home/apt,4,22,5.0,t,0,303,24,81,0.0,0.25,0.5,4.700480365792417
Outer Sunset,37.756784,-122.5005196,Private room,2,49,4.78,t,16,252,11,14,0.5,0.25,0.5,4.060443010546419
North Beach,37.8054714,-122.4168419,Entire home/apt,6,0,0.0,t,28,358,44,70,0.3333333333333333,0.3333333333333333,0.5,6.98933526597456
Mission,37.75837,-122.41092,Entire home/apt,4,16,3.81,f,1,217,25,32,0.5,0.5,0.75,4.736198448394496
North Beach,37.80503461568348,-122.41196753558197,Entire home/apt,6,24,4.92,f,28,268,37,95,0.16666666666666666,0.16666666666666666,0.5,5.476463551931511
Outer Sunset,37.75178,-122.49341,Private room,4,646,4.91,t,10,218,58,76,0.25,0.25,0.5,4.672828834461906
Lakeshore,37.7335,-122.48795,Private room,1,11,4.91,f,0,255,33,25,1.0,1.0,1.0,4.04305126783455
Pacific Heights,37.78973,-122.43878,Entire home/apt,1,0,0.0,f,0,335,54,0,1.0,1.0,1.0,5.1647859739235145
Downtown/Civic Center,37.7878653,-122.4104163,Entire home/apt,4,0,0.0,f,18,225,49,75,0.0,0.25,0.5,5.365976015021851
Parkside,37.74213,-122.48464,Entire home/apt,2,29,5.0,t,17,257,62,65,0.5,0.5,1.0,4.955827057601261
Marina,37.799881,-122.435287,Private room,4,153,4.82,f,17,348,34,62,0.25,0.25,0.5,5.43372200355424
Bernal Heights,37.73553,-122.41278,Private room,2,911,4.94,t,13,190,20,72,0.5,0.5,0.5,4.356708826689592
Outer Sunset,37.74573671614319,-122.50500180740968,Entire home/apt,4,42,4.98,t,9,114,39,97,0.25,0.25,0.5,5.209486152841421
Western Addition,37.77175,-122.4296,Private room,2,162,4.9,t,13,340,49,80,0.5,1.25,0.5,4.219507705176107
Bayview,37.73624,-122.39875,Private room,2,0,0.0,f,1,298,27,78,0.5,0.5,0.5,4.219507705176107
Downtown/Civic Center,37.78359,-122.41841,Entire home/apt,3,6,4.83,t,30,91,30,33,0.6666666666666666,0.3333333333333333,0.6666666666666666,4.941642422609304
Pacific Heights,37.78992,-122.43446,Entire home/apt,2,144,4.92,t,6,294,30,49,0.5,0.5,0.5,5.099866427824199
Western Addition,37.79028,-122.42276,Private room,2,6,4.83,t,12,333,28,71,0.5,0.5,0.5,4.68213122712422
Mission,37.75355,-122.40884,Entire home/apt,8,29,4.97,t,19,188,45,73,0.375,0.375,0.5,6.030685260261263
Marina,37.79802,-122.43125,Private room,2,127,4.96,t,7,144,37,72,0.5,0.5,0.5,5.176149732573829
Downtown/Civic Center,37.78898794396328,-122.411492549608,Entire home/apt,4,0,0.0,t,30,90,41,52,0.0,0.25,0.5,4.912654885736052
Mission,37.75686,-122.41019,Entire home/apt,3,39,4.77,f,1,260,46,86,0.3333333333333333,0.3333333333333333,1.0,4.770684624465665
Pacific Heights,37.791873931884766,-122.4240493774414,Entire home/apt,7,45,4.91,t,7,320,52,72,0.42857142857142855,0.2857142857142857,0.2857142857142857,6.396929655216146
Ocean View,37.71704,-122.47072,Private room,4,1,5.0,f,30,299,18,9,0.75,0.25,0.75,4.007333185232471
Lakeshore,37.7312,-122.48768,Private room,1,5,5.0,f,0,73,42,25,1.0,1.0,1.0,3.828641396489095
Mission,37.75454,-122.41208,Entire home/apt,4,4,4.25,f,0,179,38,41,0.5,0.25,0.75,4.770684624465665
Inner Sunset,37.76059,-122.47674,Entire home/apt,2,170,4.92,t,9,47,48,65,0.5,0.5,1.0,5.170483995038151
Noe Valley,37.75113,-122.43925,Entire home/apt,3,18,4.89,t,0,276,44,37,0.3333333333333333,0.3333333333333333,0.3333333333333333,4.941642422609304
Western Addition,37.785889236147376,-122.43009424388067,Entire home/apt,2,0,0.0,f,28,363,49,75,0.5,0.5,0.5,6.79346613258001
Downtown/Civic Center,37.7884146,-122.4215935,Private room,2,3,3.33,f,30,365,34,46,0.5,0.5,0.5,5.572154032177765
Financial District,37.79738,-122.40479,Private room,2,160,4.75,t,27,326,35,67,0.5,0.5,1.0,4.700480365792417
Nob Hill,37.79228,-122.41769,Entire home/apt,4,44,4.93,f,0,10,47,69,0.5,0.25,0.5,5.991464547107982
Western Addition,37.78638385878479,-122.44177023489937,Entire home/apt,6,23,5.0,t,4,10,50,10,0.5,0.3333333333333333,0.5,6.363028103540465
Bernal Heights,37.7367426,-122.4155237,Entire home/apt,2,0,0.0,f,11,251,40,80,0.5,0.5,1.0,4.700480365792417
Downtown/Civic Center,37.7884146,-122.4215935,Private room,2,0,0.0,f,30,365,34,47,0.5,0.5,0.5,5.572154032177765
Inner Richmond,37.781803188331736,-122.47467697357698,Entire home/apt,6,0,0.0,f,0,92,12,47,0.3333333333333333,0.16666666666666666,0.5,5.480638923341991
Bernal Heights,37.74475,-122.40928,Entire home/apt,3,46,5.0,f,7,264,58,9,0.3333333333333333,0.3333333333333333,0.6666666666666666,5.075173815233827
Outer Sunset,37.75909150149746,-122.4856025819509,Entire home/apt,4,0,0.0,f,30,365,10,29,0.25,0.25,0.5,4.912654885736052
Inner Richmond,37.78726,-122.46516,Entire home/apt,2,0,0.0,f,0,243,10,3,0.5,0.5,0.5,4.90527477843843
Downtown/Civic Center,37.7889904,-122.4127915,Entire home/apt,4,1,5.0,t,19,306,50,69,0.25,0.25,0.5,5.652489180268651
Downtown/Civic Center,37.7884146,-122.4215935,Private room,2,0,0.0,f,30,365,35,62,0.5,0.5,0.5,5.572154032177765
Inner Richmond,37.77586,-122.46698,Private room,4,184,4.76,t,29,362,23,20,0.25,0.25,0.25,4.31748811353631
Noe Valley,37.75532,-122.42618,Entire home/apt,4,16,5.0,t,0,304,45,76,0.5,0.375,0.75,5.43372200355424
Castro/Upper Market,37.76123,-122.43326,Entire home/apt,3,90,4.76,f,0,39,51,69,0.3333333333333333,0.3333333333333333,0.6666666666666666,4.875197323201151
Downtown/Civic Center,37.7884146,-122.4215935,Private room,2,3,2.67,f,30,365,35,72,0.5,0.5,0.5,5.572154032177765
Nob Hill,37.79173575307511,-122.41101044481498,Entire home/apt,2,0,0.0,t,0,127,56,68,0.5,0.5,0.5,5.288267030694535
Downtown/Civic Center,37.78428,-122.41592,Entire home/apt,2,1,5.0,f,14,254,23,69,0.0,0.5,0.5,4.343805421853684
Potrero Hill,37.76342,-122.39489,Private room,2,126,4.94,t,8,220,36,88,0.5,0.5,0.5,4.955827057601261
Financial District,37.78931,-122.40588,Private room,2,335,4.32,f,22,234,14,74,0.5,0.5,0.5,4.382026634673881
Bernal Heights,37.74565,-122.41281,Entire home/apt,7,5,4.6,f,0,66,30,0,0.5714285714285714,0.42857142857142855,0.5714285714285714,6.259581464064923
Outer Sunset,37.75644,-122.47803,Private room,1,10,4.8,t,30,90,48,77,1.0,1.0,1.0,4.418840607796598
Nob Hill,37.79183,-122.40959,Hotel room,2,148,4.75,f,27,361,23,74,0.5,0.5,0.5,5.3706380281276624
South of Market,37.78615,-122.39129,Entire home/apt,3,3,5.0,t,0,185,35,73,0.3333333333333333,0.3333333333333333,0.3333333333333333,5.075173815233827
Nob Hill,37.79092,-122.42124,Private room,2,14,4.36,f,1,336,11,32,0.5,0.5,0.5,4.418840607796598
South of Market,37.77682,-122.40753,Entire home/apt,8,0,0.0,f,28,289,31,69,0.25,0.25,0.375,5.634789603169249
Bernal Heights,37.73867,-122.41935,Entire home/apt,13,0,0.0,t,0,9,49,79,0.5384615384615384,0.23076923076923078,0.6153846153846154,6.326149473155099
Financial District,37.7882187,-122.4030532,Entire home/apt,6,0,0.0,t,2,291,44,68,0.3333333333333333,0.3333333333333333,0.5,7.007600613951853
Lakeshore,37.73135,-122.4964,Entire home/apt,4,61,4.75,f,0,225,40,60,0.5,0.25,0.5,5.2574953720277815
Downtown/Civic Center,37.78726,-122.40924,Entire home/apt,4,9,5.0,t,3,3,19,43,0.0,0.25,0.5,5.043425116919247
Outer Richmond,37.7768295,-122.5004122,Entire home/apt,4,15,4.73,f,21,251,35,56,0.5,0.25,0.5,5.123963979403259
Chinatown,37.79042,-122.40868,Entire home/apt,2,5,4.8,f,23,358,50,72,0.5,0.5,0.5,5.407171771460119
Mission,37.75876641016437,-122.40768100906672,Entire home/apt,7,7,5.0,t,6,231,27,50,0.5714285714285714,0.21428571428571427,0.5714285714285714,5.10594547390058
Castro/Upper Market,37.76078,-122.43386,Private room,2,144,4.91,t,5,327,52,86,0.5,0.5,0.5,4.727387818712341
Mission,37.75469,-122.42467,Entire home/apt,2,3,4.67,f,0,234,21,83,0.0,0.5,0.5,4.51085950651685
Western Addition,37.78889,-122.42734,Private room,1,1,5.0,t,29,166,40,45,1.0,1.0,0.0,4.787491742782046
Marina,37.80626,-122.43824,Entire home/apt,5,26,5.0,f,4,146,44,70,0.4,0.4,0.6,5.752572638825633
Marina,37.7978841,-122.4242288,Entire home/apt,1,0,0.0,f,0,335,4,76,1.0,1.0,1.0,4.976733742420574
Bernal Heights,37.73498,-122.42652,Entire home/apt,6,11,5.0,t,0,253,47,90,0.3333333333333333,0.16666666666666666,0.5,5.093750200806762
Castro/Upper Market,37.76214,-122.44474,Entire home/apt,6,0,0.0,t,23,358,21,0,0.3333333333333333,0.75,0.3333333333333333,6.992096427415888
Castro/Upper Market,37.76402248368584,-122.43386784138572,Entire home/apt,8,5,4.6,f,21,350,46,64,0.5,0.25,0.625,6.835184586147301
Financial District,37.78948,-122.40002,Entire home/apt,2,1,5.0,t,3,156,25,49,0.5,0.5,0.5,5.517452896464707
Noe Valley,37.75207,-122.4302,Entire home/apt,2,9,4.11,f,30,365,10,45,0.5,0.5,0.5,4.969813299576001
Chinatown,37.79081,-122.40825,Entire home/apt,2,23,4.78,t,0,33,44,77,0.5,0.5,0.5,5.3706380281276624
Downtown/Civic Center,37.7890848,-122.4129685,Entire home/apt,4,0,0.0,f,19,309,49,69,0.25,0.25,0.5,5.662960480135946
Presidio,37.801,-122.44779,Private room,2,545,4.91,t,16,339,57,75,0.5,1.0,0.5,5.043425116919247
South of Market,37.783617577886574,-122.40767310477533,Private room,4,13,4.77,t,14,146,22,73,0.25,0.25,0.5,5.700443573390687
Excelsior,37.71536,-122.43554,Entire home/apt,6,38,4.87,t,5,233,61,68,0.5,0.3333333333333333,0.5,5.25227342804663
Castro/Upper Market,37.76182,-122.44351,Entire home/apt,6,101,4.98,t,12,274,65,85,0.5,0.3333333333333333,0.5,5.8944028342648505
Downtown/Civic Center,37.7902,-122.40802,Entire home/apt,2,17,4.88,t,2,2,21,51,0.0,0.5,0.5,4.867534450455582
Haight Ashbury,37.77206,-122.44957,Entire home/apt,4,53,4.92,t,3,114,37,64,0.25,0.25,0.25,5.111987788356544
Castro/Upper Market,37.76396,-122.43018,Private room,2,0,0.0,f,0,258,40,61,0.5,0.5,0.5,5.683579767338681
Pacific Heights,37.7932,-122.42334,Entire home/apt,4,0,0.0,f,0,243,18,68,0.5,0.5,0.5,5.429345628954441
Bernal Heights,37.73383,-122.4157,Entire home/apt,4,215,4.89,t,9,306,30,95,0.25,0.375,0.25,4.68213122712422
Potrero Hill,37.75764,-122.39129,Private room,1,61,4.92,t,4,58,37,76,1.0,1.0,1.0,4.59511985013459
Excelsior,37.716663072832695,-122.43606594631125,Private room,2,8,5.0,t,19,79,10,82,0.5,0.5,0.5,4.532599493153256
South of Market,37.77551,-122.39911,Entire home/apt,2,3,5.0,t,0,243,10,79,1.0,1.0,0.5,5.135798437050262
South of Market,37.78624,-122.39035,Entire home/apt,4,0,0.0,f,28,363,17,66,0.5,0.5,0.0,5.703782474656201
Marina,37.799700209424834,-122.443688863813,Private room,4,295,4.54,f,28,167,22,84,0.25,0.25,0.5,4.844187086458591
Bayview,37.71802,-122.39124,Private room,2,4,5.0,t,17,199,44,84,0.5,0.5,0.5,4.127134385045092
Downtown/Civic Center,37.78825,-122.41339,Entire home/apt,4,2,5.0,t,22,119,46,79,0.25,0.25,0.5,5.459585514144159
North Beach,37.79954,-122.40554,Entire home/apt,4,4,4.0,f,9,344,49,45,0.25,0.25,0.5,4.8283137373023015
Potrero Hill,37.75956,-122.40186,Entire home/apt,2,534,4.72,t,11,321,29,46,0.0,0.5,0.5,5.087596335232384
Bernal Heights,37.74079,-122.41447,Entire home/apt,3,6,4.83,f,16,73,27,52,0.6666666666666666,0.5,0.6666666666666666,5.75890177387728
Castro/Upper Market,37.76552,-122.43251,Entire home/apt,3,1,4.0,f,14,301,55,90,0.0,0.3333333333333333,0.3333333333333333,4.61512051684126
Inner Richmond,37.77863,-122.45308,Entire home/apt,4,126,4.96,t,9,297,48,79,0.25,0.25,0.5,5.529429087511423
Outer Sunset,37.763022892188616,-122.4801982831527,Entire home/apt,8,26,4.92,t,12,69,34,80,0.5,0.3125,0.5,5.993961427306569
Mission,37.7566368,-122.4228241,Private room,2,33,4.85,f,5,55,47,61,0.5,0.75,0.5,4.727387818712341
Haight Ashbury,37.76931,-122.43818,Entire home/apt,2,7,5.0,f,29,89,31,83,0.5,0.5,1.5,5.356586274672012
South of Market,37.77766,-122.4143,Hotel room,2,0,0.0,f,26,348,23,42,0.5,0.5,0.0,5.389071729816501
Downtown/Civic Center,37.78889,-122.41131,Entire home/apt,4,34,4.94,t,0,4,14,43,0.0,0.25,0.5,5.0689042022202315
Noe Valley,37.753690305624616,-122.43672862698362,Entire home/apt,4,1,5.0,f,0,206,24,62,0.25,0.25,0.5,4.927253685157205
Parkside,37.74160762782225,-122.502940210309,Entire home/apt,6,128,4.8,t,8,73,64,74,0.3333333333333333,0.16666666666666666,0.5,5.225746673713202
Outer Sunset,37.76466,-122.47935,Entire home/apt,5,4,5.0,f,29,364,22,81,0.4,0.4,0.6,4.8283137373023015
Pacific Heights,37.79359,-122.42421,Private room,1,143,4.71,t,1,151,22,0,1.0,1.5,1.0,4.189654742026425
Castro/Upper Market,37.7558387,-122.437981,Entire home/apt,2,1,5.0,t,0,252,38,66,0.5,0.5,0.5,4.836281906951478
Noe Valley,37.74214,-122.43163,Entire home/apt,2,275,4.94,t,8,200,28,57,0.5,0.5,1.0,5.075173815233827
Bayview,37.71913217897948,-122.39569833521205,Entire home/apt,4,13,4.62,f,14,194,55,76,0.5,0.25,0.5,4.634728988229636
Bernal Heights,37.7445517,-122.413136,Entire home/apt,2,49,5.0,t,2,138,46,10,0.5,0.5,0.5,5.480638923341991
Presidio Heights,37.78146,-122.45619,Entire home/apt,2,254,4.81,f,15,165,22,44,0.5,0.5,1.0,4.31748811353631
Bernal Heights,37.74473,-122.41788,Entire home/apt,4,73,4.74,f,8,89,37,49,0.5,0.25,0.5,5.075173815233827
Excelsior,37.721,-122.42939,Entire home/apt,4,1,5.0,f,13,257,46,63,0.5,0.25,0.5,4.976733742420574
Pacific Heights,37.79462,-122.42822,Entire home/apt,2,9,5.0,f,0,99,39,39,0.0,0.5,0.5,4.709530201312334
Outer Sunset,37.76366,-122.479,Private room,1,4,4.75,f,30,365,24,81,1.0,1.0,0.0,4.007333185232471
Twin Peaks,37.753182595029486,-122.44268274051208,Entire home/apt,4,22,4.95,t,3,18,43,77,0.25,0.25,0.25,4.836281906951478
Western Addition,37.78792,-122.42423,Private room,2,3,4.0,t,14,349,32,63,0.5,0.5,0.5,4.962844630259907
Bayview,37.72942,-122.38468,Entire home/apt,2,15,5.0,t,0,185,51,28,0.5,0.5,0.5,4.634728988229636
Russian Hill,37.80043,-122.41257,Private room,1,8,5.0,t,0,69,53,76,2.0,1.5,1.0,5.062595033026967
Downtown/Civic Center,37.78552,-122.4143,Entire home/apt,2,8,4.0,f,14,254,15,53,0.0,0.5,0.5,4.330733340286331
Outer Mission,37.7326028545306,-122.43546791111062,Entire home/apt,6,1,5.0,f,13,163,41,82,0.5,0.25,0.5,5.4680601411351315
Inner Sunset,37.76334,-122.4694,Entire home/apt,4,78,4.86,f,25,37,50,43,0.25,0.25,0.5,6.118097198041348
Castro/Upper Market,37.76551,-122.43741,Entire home/apt,2,15,4.93,t,0,286,50,57,0.5,0.5,0.5,5.0689042022202315
Parkside,37.73938,-122.49041,Entire home/apt,8,83,4.98,t,17,158,51,76,0.375,0.125,0.5,5.916202062607435
Marina,37.79956,-122.43627,Private room,4,3,3.67,f,29,363,20,37,0.25,0.25,0.5,4.941642422609304
Outer Richmond,37.7805744,-122.4909883,Entire home/apt,4,0,0.0,t,30,365,69,79,0.5,0.25,0.75,5.545177444479562
Nob Hill,37.78958,-122.42033,Shared room,1,1,5.0,f,29,364,8,64,1.0,1.0,1.0,3.5263605246161616
Outer Richmond,37.77589,-122.49409,Entire home/apt,4,220,4.77,t,16,139,35,82,0.5,0.25,0.5,4.912654885736052
Glen Park,37.73881,-122.43529,Entire home/apt,3,59,4.86,t,0,207,49,83,0.0,0.3333333333333333,0.6666666666666666,5.0369526024136295
Nob Hill,37.79249,-122.42137,Private room,2,21,4.81,f,0,269,9,44,0.5,0.5,0.5,4.787491742782046
Western Addition,37.77352241463323,-122.43034689429857,Private room,2,17,4.65,t,5,5,43,55,0.5,1.5,0.5,4.442651256490317
Russian Hill,37.79762959722956,-122.40848229945504,Private room,2,1,5.0,f,0,148,17,82,0.0,1.0,0.5,3.713572066704308
West of Twin Peaks,37.7343473963354,-122.45213702583618,Entire home/apt,2,97,4.94,t,9,9,34,66,0.5,0.5,0.5,4.430816798843313
Outer Sunset,37.76005,-122.48321,Entire home/apt,6,207,4.86,f,27,81,38,51,0.3333333333333333,0.16666666666666666,0.5,5.402677381872279
Potrero Hill,37.75825,-122.40078,Private room,2,59,4.92,t,12,163,56,81,0.5,0.5,0.5,4.897839799950911
Bayview,37.71757783524188,-122.38956837832151,Private room,2,1,5.0,t,1,200,40,82,0.5,0.5,0.5,4.127134385045092
Mission,37.75414,-122.42435,Entire home/apt,2,4,4.75,f,0,132,18,83,0.0,0.5,0.5,4.51085950651685
Mission,37.75517,-122.41838,Entire home/apt,4,93,4.78,f,15,322,45,81,0.5,0.25,0.5,5.356586274672012
North Beach,37.803165,-122.411839,Entire home/apt,2,0,0.0,f,1,129,26,10,0.5,0.5,0.5,5.099866427824199
Outer Sunset,37.76313,-122.47821,Entire home/apt,3,13,4.92,t,0,46,51,86,0.3333333333333333,0.6666666666666666,0.6666666666666666,5.003946305945459
Downtown/Civic Center,37.78697,-122.41104,Entire home/apt,4,34,5.0,t,0,3,14,43,0.0,0.25,0.5,4.983606621708336
Mission,37.75302119402748,-122.42174764232789,Private room,2,0,0.0,f,29,89,9,14,0.5,0.5,0.5,5.19295685089021
Haight Ashbury,37.76699,-122.44643,Entire home/apt,6,122,4.73,f,2,301,30,0,0.5,0.16666666666666666,0.5,5.1647859739235145
Downtown/Civic Center,37.78756,-122.41298,Entire home/apt,2,166,4.61,f,12,245,24,78,0.0,0.5,0.5,6.779921907472252
Western Addition,37.77029,-122.43528,Entire home/apt,2,52,4.94,t,0,29,26,63,1.0,0.5,1.0,5.978885764901122
Bayview,37.71644,-122.39482,Private room,2,7,5.0,f,9,344,31,84,0.5,0.5,1.0,4.564348191467836
Parkside,37.74193,-122.49013,Entire home/apt,4,167,4.82,t,10,136,39,72,0.5,0.25,0.5,4.867534450455582
Outer Richmond,37.77608,-122.47894,Entire home/apt,5,51,4.94,f,0,200,37,87,0.6,0.3,0.8,6.052089168924417
Pacific Heights,37.78981,-122.44104,Entire home/apt,2,70,4.8,f,0,140,34,147,0.5,0.5,0.5,6.401917196727186
Excelsior,37.725613,-122.409721,Private room,4,164,4.9,t,16,351,60,65,0.25,0.25,0.25,4.499809670330265
Russian Hill,37.79862,-122.41195,Entire home/apt,2,17,4.41,f,0,296,28,45,0.5,0.5,0.5,4.465908118654584
Nob Hill,37.79608253492727,-122.41013219359446,Private room,1,1,5.0,f,30,365,33,62,1.0,1.0,1.0,4.343805421853684
Outer Richmond,37.78284,-122.48018,Private room,1,5,5.0,t,12,266,23,78,1.0,1.0,0.0,4.1588830833596715
Parkside,37.73753118434945,-122.5063089665182,Entire home/apt,8,3,5.0,t,11,346,54,67,0.5,0.375,0.625,5.521460917862246
Downtown/Civic Center,37.78899,-122.41279,Entire home/apt,6,0,0.0,t,7,295,52,63,0.5,0.3333333333333333,0.5,5.976350909297934
Haight Ashbury,37.77291,-122.44241,Entire home/apt,10,0,0.0,f,28,363,56,71,0.4,0.2,0.4,5.978885764901122
Haight Ashbury,37.77476,-122.44305,Entire home/apt,4,12,4.67,f,0,316,53,78,0.25,0.375,0.5,5.0106352940962555
Downtown/Civic Center,37.7888,-122.40963,Entire home/apt,4,61,4.97,t,8,8,19,43,0.0,0.25,0.5,5.407171771460119
North Beach,37.8054714,-122.4168419,Entire home/apt,6,0,0.0,t,11,11,18,59,0.3333333333333333,0.3333333333333333,0.6666666666666666,6.86484777797086
Downtown/Civic Center,37.7884146,-122.4215935,Private room,2,0,0.0,f,30,365,35,49,0.5,0.5,0.5,5.572154032177765
Downtown/Civic Center,37.786764,-122.409433,Private room,2,613,4.68,f,28,96,22,81,0.5,0.5,0.5,4.442651256490317
Mission,37.75602,-122.42324,Entire home/apt,1,42,4.69,f,11,161,24,86,1.0,1.0,1.0,5.049856007249537
North Beach,37.80368,-122.40616,Entire home/apt,2,0,0.0,t,2,299,12,71,0.5,0.5,0.5,5.459585514144159
Financial District,37.79689,-122.40521,Private room,2,4,4.75,t,0,314,11,8,0.5,0.5,0.5,3.7612001156935624
Castro/Upper Market,37.75809,-122.44163,Private room,2,166,4.92,t,2,10,57,42,0.5,0.5,0.5,4.927253685157205
Noe Valley,37.74476,-122.42445,Entire home/apt,4,4,5.0,t,17,352,54,40,0.25,0.25,0.5,5.220355825078324
Outer Richmond,37.78017,-122.50165,Entire home/apt,2,66,4.89,t,6,55,26,72,0.5,0.5,0.5,4.820281565605037
Pacific Heights,37.78926,-122.44647,Entire home/apt,10,118,4.98,t,7,248,46,51,0.6,0.4,0.7,6.927557906278317
Ocean View,37.72046,-122.45773,Entire home/apt,6,31,4.58,f,13,348,28,42,0.5,0.3333333333333333,0.5,5.0106352940962555
Chinatown,37.79073,-122.40817,Entire home/apt,2,10,5.0,t,0,255,34,48,0.0,0.5,0.5,4.74493212836325
Presidio Heights,37.78972939206987,-122.44954937421711,Entire home/apt,2,98,5.0,t,1,106,49,76,0.5,0.5,0.5,5.793013608384144
Downtown/Civic Center,37.78899,-122.41279,Entire home/apt,6,0,0.0,t,10,283,48,69,0.3333333333333333,0.16666666666666666,0.5,5.793013608384144
Marina,37.8006,-122.43891,Entire home/apt,4,0,0.0,f,17,310,12,90,0.75,0.875,0.75,6.684611727667927
Outer Sunset,37.75612,-122.50687,Entire home/apt,2,2,5.0,f,15,344,29,41,0.5,0.5,0.5,4.584967478670572
Nob Hill,37.78971,-122.41352,Entire home/apt,4,0,0.0,t,30,68,10,50,0.25,0.25,0.5,5.3706380281276624
Downtown/Civic Center,37.78953257742397,-122.40713984539492,Entire home/apt,2,1,5.0,f,13,64,11,49,0.5,0.5,0.5,5.135798437050262
Downtown/Civic Center,37.78712,-122.41103,Entire home/apt,4,50,4.88,f,27,354,16,15,0.0,0.25,0.5,5.676753802268282
South of Market,37.77734,-122.41219,Private room,1,0,0.0,f,19,354,13,69,1.0,1.0,1.0,3.784189633918261
Downtown/Civic Center,37.7787601,-122.4222545,Entire home/apt,2,0,0.0,f,23,221,34,54,0.0,0.5,0.5,4.9344739331306915
Downtown/Civic Center,37.776701,-122.4192044,Entire home/apt,2,0,0.0,f,9,9,34,36,0.5,0.5,0.5,5.66988092298052
Chinatown,37.79076,-122.40825,Entire home/apt,4,0,0.0,f,0,10,20,11,0.25,0.25,0.5,5.717027701406222
Inner Richmond,37.78047,-122.46798,Entire home/apt,5,374,4.95,t,6,83,33,65,0.4,0.3,0.4,5.707110264748875
Western Addition,37.77403,-122.42561,Entire home/apt,4,43,4.95,t,0,131,52,90,0.5,0.25,0.5,6.1092475827643655
South of Market,37.77956,-122.40271,Entire home/apt,2,0,0.0,f,3,231,53,74,0.5,0.5,0.5,5.0689042022202315
South of Market,37.77468,-122.40902,Private room,2,135,4.96,f,0,0,55,83,0.5,0.5,0.5,4.553876891600541
Downtown/Civic Center,37.7884146,-122.4215935,Private room,2,0,0.0,f,30,365,35,49,0.5,0.5,0.5,5.572154032177765
North Beach,37.8054714,-122.4168419,Entire home/apt,6,0,0.0,f,28,358,42,70,0.3333333333333333,0.3333333333333333,0.5,6.883462586413092
South of Market,37.77825,-122.40768,Private room,2,0,0.0,f,30,90,9,44,0.5,5.0,0.5,4.007333185232471
Pacific Heights,37.78812,-122.44524,Entire home/apt,4,10,5.0,t,0,153,23,46,0.25,0.25,0.5,5.075173815233827
Bernal Heights,37.746955974709465,-122.4136797116394,Entire home/apt,8,18,4.78,t,16,345,72,74,0.5,0.1875,0.625,6.418364935936212
Western Addition,37.78394,-122.44488,Private room,2,0,0.0,f,30,90,6,10,0.5,0.25,0.5,5.4116460518550396
Downtown/Civic Center,37.789494077887056,-122.4136523014412,Entire home/apt,4,0,0.0,t,30,350,11,76,0.25,0.25,0.5,5.575949103146316
Haight Ashbury,37.76545,-122.44938,Private room,1,226,4.8,t,1,254,67,74,2.0,1.5,1.0,4.454347296253507
Downtown/Civic Center,37.77793,-122.42265,Private room,2,205,4.33,f,21,351,17,50,0.5,0.5,1.0,4.574710978503383
Castro/Upper Market,37.76067,-122.4389,Private room,4,12,5.0,t,28,168,63,68,0.5,0.25,0.5,5.817111159963204
Nob Hill,37.7934,-122.41257,Entire home/apt,2,4,4.75,f,30,193,33,79,0.5,0.5,0.5,5.429345628954441
Noe Valley,37.74899,-122.43557,Entire home/apt,2,6,4.33,f,11,346,36,72,0.5,0.5,0.5,4.882801922586371
Potrero Hill,37.76258,-122.4042,Private room,2,266,4.97,t,0,19,53,76,0.5,0.5,0.5,4.663439094112067
Downtown/Civic Center,37.7884146,-122.4215935,Private room,2,0,0.0,f,30,365,35,70,0.5,0.5,0.5,5.572154032177765
Mission,37.75693367358822,-122.4172353182092,Entire home/apt,2,7,4.71,f,1,147,43,67,0.5,0.5,0.5,4.976733742420574
Western Addition,37.77344,-122.42465,Private room,2,259,4.81,t,7,117,49,62,0.5,0.5,1.0,4.553876891600541
Western Addition,37.773511076725306,-122.42878928592566,Private room,1,6,4.33,f,10,240,35,73,1.0,1.0,1.0,4.663439094112067
Downtown/Civic Center,37.7878653,-122.4104163,Entire home/apt,4,3,5.0,f,18,225,49,75,0.0,0.25,0.5,5.365976015021851
Western Addition,37.77811,-122.43639,Private room,2,510,4.88,t,8,318,65,60,0.5,0.75,0.5,4.634728988229636
Western Addition,37.7713344,-122.4299744,Entire home/apt,5,6,5.0,f,0,146,13,75,0.6,0.3,0.6,5.313205979041787
Visitacion Valley,37.71539,-122.40293,Entire home/apt,2,130,4.91,t,20,78,34,76,0.0,0.5,0.5,4.584967478670572
Visitacion Valley,37.716221,-122.402887,Entire home/apt,8,135,4.96,t,10,135,50,86,0.375,0.375,0.5,5.402677381872279
Excelsior,37.725636,-122.40976,Private room,4,137,4.88,t,12,343,67,68,0.25,0.25,0.25,4.51085950651685
Nob Hill,37.79089,-122.42153,Private room,2,8,4.5,f,16,351,9,35,0.5,0.5,0.5,4.343805421853684
Outer Sunset,37.75825,-122.48281,Private room,2,6,4.83,t,0,159,26,73,0.5,0.5,0.5,4.04305126783455
Excelsior,37.7308308,-122.4062416,Private room,2,2,5.0,f,0,212,54,82,0.5,1.0,0.5,3.871201010907891
Mission,37.76052288855745,-122.41946581238628,Entire home/apt,8,50,4.92,t,3,246,47,81,0.375,0.125,0.625,6.727431724850855
Mission,37.75379,-122.42299,Entire home/apt,3,3,4.33,f,0,160,14,65,0.3333333333333333,0.3333333333333333,0.3333333333333333,4.605170185988092
Downtown/Civic Center,37.7884146,-122.4215935,Private room,2,0,0.0,f,30,365,35,72,0.5,0.5,0.5,5.572154032177765
Chinatown,37.79241218691611,-122.40910199935767,Entire home/apt,2,0,0.0,f,0,88,20,11,0.0,0.5,0.5,5.564520407322694
Downtown/Civic Center,37.78963503836604,-122.41195384044352,Entire home/apt,4,3,5.0,t,22,116,46,79,0.25,0.25,0.5,5.459585514144159
Downtown/Civic Center,37.7884146,-122.4215935,Private room,2,0,0.0,f,30,365,35,53,0.5,0.5,0.5,5.572154032177765
Parkside,37.73892746815984,-122.48192131754352,Entire home/apt,4,27,5.0,t,14,27,47,83,0.25,0.5,0.5,5.1298987149230735
Nob Hill,37.790632697430816,-122.41944124085576,Entire home/apt,6,2,5.0,t,2,289,14,73,0.5,0.3333333333333333,0.5,6.118097198041348
Nob Hill,37.79158,-122.40933,Entire home/apt,2,14,4.71,t,0,4,24,51,0.0,0.5,0.5,4.844187086458591
Noe Valley,37.75469,-122.43738,Entire home/apt,4,147,4.96,t,8,11,41,59,0.5,0.25,0.5,5.5053315359323625
West of Twin Peaks,37.73294,-122.45706,Private room,1,20,4.85,f,29,89,19,21,1.0,1.0,1.0,4.382026634673881
South of Market,37.7873984,-122.3923904,Entire home/apt,5,28,4.79,f,2,47,60,77,0.4,0.4,0.4,6.606650186198215
Outer Richmond,37.77773,-122.49431,Entire home/apt,5,19,4.63,t,0,255,39,72,0.4,0.3,0.4,5.54907608489522
Western Addition,37.77056,-122.43551,Private room,3,78,4.92,t,12,158,26,73,0.3333333333333333,0.3333333333333333,0.3333333333333333,5.278114659230517
Inner Richmond,37.78374,-122.47608,Private room,2,5,3.8,f,24,359,9,55,0.5,0.5,0.0,4.0943445622221
Noe Valley,37.75582963994746,-122.43476974232787,Entire home/apt,6,1,5.0,f,0,8,65,81,0.5,0.5,0.5,7.063903961472068
Marina,37.80549,-122.43932,Entire home/apt,5,54,4.85,t,14,69,69,72,0.4,0.3,0.4,6.434546518787453
Financial District,37.78935,-122.40495,Private room,4,203,4.54,f,25,240,32,64,0.25,0.25,0.5,5.204006687076795
Bayview,37.735871578692816,-122.40031010967492,Private room,3,172,4.88,t,4,226,44,76,0.3333333333333333,0.3333333333333333,0.6666666666666666,4.174387269895637
Haight Ashbury,37.76726,-122.44599,Private room,2,170,4.89,t,11,133,55,78,0.5,0.5,0.5,4.736198448394496
Excelsior,37.71631,-122.43707,Entire home/apt,4,152,4.88,t,18,150,42,40,0.5,0.25,0.5,4.653960350157523
Downtown/Civic Center,37.78698,-122.41303,Private room,2,1,3.0,f,22,88,20,67,0.5,0.5,0.5,4.948759890378168
Parkside,37.74129,-122.50439,Entire home/apt,2,4,5.0,f,16,345,10,72,1.0,0.5,1.0,5.081404364984463
Noe Valley,37.75251,-122.43317,Entire home/apt,2,50,4.86,t,0,228,33,45,0.5,0.5,0.5,4.836281906951478
Bernal Heights,37.73922,-122.41159,Entire home/apt,4,0,0.0,f,15,166,38,40,0.5,0.5,0.5,5.313205979041787
Glen Park,37.74012,-122.42614,Entire home/apt,7,16,5.0,f,0,10,81,77,0.42857142857142855,0.35714285714285715,0.5714285714285714,6.0867747269123065
Noe Valley,37.7487977,-122.4379514,Entire home/apt,2,14,4.93,t,5,91,41,39,0.5,0.0,0.5,5.424950017481403
South of Market,37.78770300000001,-122.391971,Private room,1,1,5.0,f,26,176,39,74,1.0,1.0,1.0,4.820281565605037
Marina,37.8009199,-122.4258129,Private room,2,2,5.0,f,28,336,10,16,0.5,0.5,0.5,5.099866427824199
Western Addition,37.7852234,-122.4354438,Entire home/apt,3,13,4.92,t,3,147,45,80,0.3333333333333333,0.3333333333333333,0.3333333333333333,5.429345628954441
Bernal Heights,37.73924,-122.41146,Entire home/apt,2,277,4.95,t,10,14,52,79,0.0,0.5,0.5,5.262690188904886
Western Addition,37.77797807960713,-122.43296696395308,Private room,4,0,0.0,f,7,247,60,11,0.75,0.25,0.75,6.48768401848461
West of Twin Peaks,37.7284,-122.45757,Private room,1,37,4.73,t,21,261,35,36,1.0,0.5,1.0,4.1588830833596715
Outer Mission,37.72937083833482,-122.4510746446228,Entire home/apt,4,96,4.9,t,10,208,28,77,0.5,0.25,0.5,5.19295685089021
Potrero Hill,37.75714,-122.39361,Entire home/apt,2,9,4.78,f,0,200,40,68,0.5,0.5,0.5,4.8283137373023015
Russian Hill,37.80141395358522,-122.41254417536192,Entire home/apt,2,21,5.0,t,0,76,52,79,0.5,1.0,0.5,6.424869023905388
South of Market,37.78275787773772,-122.398280085573,Private room,1,0,0.0,f,21,356,19,43,1.0,1.0,1.0,4.394449154672439
Mission,37.75325393676758,-122.41378021240234,Entire home/apt,2,125,4.82,t,22,182,52,83,0.5,0.5,0.5,4.343805421853684
Financial District,37.79006,-122.39991,Private room,2,0,0.0,f,30,365,1,75,0.5,0.5,0.5,5.521460917862246
South of Market,37.78045,-122.39823,Private room,1,8,4.88,t,14,37,26,82,1.0,1.0,1.0,4.727387818712341
Inner Richmond,37.78002,-122.45598,Entire home/apt,2,75,4.99,t,6,131,46,57,0.5,0.5,1.0,5.568344503761097
Outer Richmond,37.782496257527576,-122.48869588735,Entire home/apt,4,97,4.8,t,26,201,43,41,0.5,0.25,0.5,5.480638923341991
North Beach,37.8054714,-122.4168419,Entire home/apt,6,0,0.0,f,28,358,42,70,0.3333333333333333,0.3333333333333333,0.5,6.883462586413092
Downtown/Civic Center,37.78095,-122.42155,Entire home/apt,3,32,4.97,t,0,210,23,85,0.0,0.3333333333333333,0.3333333333333333,4.867534450455582
Downtown/Civic Center,37.777303631526216,-122.41722366381607,Private room,2,2,4.0,f,0,203,13,70,0.5,2.0,0.5,3.8918202981106265
Parkside,37.73916,-122.48015,Private room,4,97,4.9,t,11,238,31,61,0.25,0.25,0.5,4.59511985013459
Western Addition,37.78727,-122.42359,Private room,2,29,4.93,t,10,336,41,77,0.5,0.5,0.5,4.736198448394496
South of Market,37.77683897505757,-122.41598860137672,Entire home/apt,1,0,0.0,f,0,273,6,25,1.0,1.0,1.0,4.8283137373023015
Lakeshore,37.73539,-122.48234,Entire home/apt,4,78,4.91,t,29,255,47,90,0.25,0.25,0.5,5.093750200806762
Noe Valley,37.75218,-122.442,Private room,1,2,5.0,t,0,58,44,47,1.0,2.0,1.0,5.303304908059076
Nob Hill,37.78957,-122.41864,Shared room,1,7,4.57,f,24,355,8,62,1.0,0.0,1.0,3.8501476017100584
Mission,37.75085,-122.4175,Private room,1,5,5.0,f,0,180,43,76,1.0,1.0,1.0,4.127134385045092
Downtown/Civic Center,37.7884146,-122.4215935,Private room,2,0,0.0,f,30,365,35,72,0.5,0.5,0.5,5.572154032177765
Downtown/Civic Center,37.78788,-122.41146,Private room,2,20,4.85,f,27,362,10,38,0.5,0.5,0.5,5.2574953720277815
Parkside,37.743,-122.4913,Entire home/apt,3,17,4.65,f,1,311,20,99,0.3333333333333333,0.3333333333333333,0.3333333333333333,4.174387269895637
Twin Peaks,37.75634,-122.44542,Entire home/apt,4,0,0.0,f,28,363,50,84,0.5,0.5,0.25,5.517452896464707
Parkside,37.74168,-122.47849,Entire home/apt,4,62,4.84,t,8,334,22,61,0.5,0.25,0.5,4.6913478822291435
Bernal Heights,37.73711,-122.42345,Entire home/apt,2,41,4.95,t,24,105,51,54,0.0,0.5,0.5,4.7535901911063645
Castro/Upper Market,37.76523,-122.42976,Entire home/apt,2,13,5.0,f,1,137,30,17,0.5,0.5,0.5,5.087596335232384
Downtown/Civic Center,37.7834,-122.40939,Private room,2,3,4.33,f,0,241,16,80,0.5,0.5,0.5,5.099866427824199
North Beach,37.804908014800525,-122.41241281605566,Entire home/apt,2,0,0.0,f,23,173,24,52,0.5,0.5,0.5,5.327876168789581
West of Twin Peaks,37.72697,-122.4563,Private room,3,30,4.8,t,15,328,18,39,0.3333333333333333,0.3333333333333333,0.6666666666666666,4.584967478670572
Nob Hill,37.7901978,-122.4213309,Entire home/apt,5,5,5.0,t,2,113,31,51,0.4,0.4,0.6,5.298317366548036
South of Market,37.7742931,-122.3912079,Entire home/apt,3,2,4.5,f,1,1,22,38,0.3333333333333333,0.3333333333333333,0.3333333333333333,5.214935757608986
Noe Valley,37.75043,-122.42609,Entire home/apt,4,20,5.0,t,12,145,58,83,0.5,0.5,0.5,5.247024072160486
Noe Valley,37.75412,-122.44053,Entire home/apt,2,30,5.0,t,6,284,47,64,0.5,0.5,0.5,4.74493212836325
Downtown/Civic Center,37.7884146,-122.4215935,Private room,2,4,4.25,f,30,365,35,67,0.5,0.5,0.5,5.572154032177765
Haight Ashbury,37.7755,-122.44373,Entire home/apt,5,1,5.0,f,0,251,33,76,0.6,0.3,0.8,5.298317366548036
Downtown/Civic Center,37.78896630667581,-122.4128319695592,Entire home/apt,4,3,4.67,t,19,57,34,59,0.25,0.25,0.5,5.501258210544727
Downtown/Civic Center,37.78787,-122.41042,Entire home/apt,4,15,4.8,t,11,215,50,75,0.0,0.25,0.5,5.41610040220442
Mission,37.75875,-122.41857,Entire home/apt,6,31,4.97,t,7,205,44,80,0.5,0.16666666666666666,0.5,6.104793232414985
Nob Hill,37.78928,-122.41585,Entire home/apt,2,0,0.0,f,10,345,52,49,0.5,0.5,0.5,4.948759890378168
Potrero Hill,37.76182,-122.40388,Entire home/apt,5,3,5.0,t,1,247,46,46,0.6,0.5,0.6,5.62040086571715
West of Twin Peaks,37.74396,-122.46338,Entire home/apt,2,511,4.95,t,5,296,18,43,0.0,0.5,0.5,4.68213122712422
Inner Richmond,37.77559,-122.46291,Private room,1,88,4.63,t,18,110,16,76,1.0,1.0,1.0,4.189654742026425
Marina,37.8009368546741,-122.42586117976226,Private room,2,5,4.4,f,30,340,10,38,0.5,0.5,0.5,5.0689042022202315
Castro/Upper Market,37.75807,-122.44195,Entire home/apt,4,50,4.92,t,4,44,20,84,0.5,0.5,0.5,5.752572638825633
Ocean View,37.7202,-122.45602,Private room,2,2,5.0,f,29,269,31,82,0.5,1.0,0.5,4.709530201312334
Inner Richmond,37.77842,-122.46802,Private room,2,546,4.84,t,10,337,38,40,0.5,0.5,1.0,4.276666119016055
Downtown/Civic Center,37.7890848,-122.4129685,Entire home/apt,6,0,0.0,f,7,296,50,63,0.5,0.3333333333333333,0.6666666666666666,5.988961416889864
Pacific Heights,37.79394,-122.44139,Entire home/apt,8,0,0.0,t,23,358,17,65,0.5,0.625,0.5,7.749322464660356
Pacific Heights,37.79726588865923,-122.42440674973751,Entire home/apt,4,1,5.0,f,1,47,27,83,0.25,0.25,0.5,4.564348191467836
North Beach,37.80074,-122.41048,Entire home/apt,6,209,4.95,t,0,92,38,78,0.3333333333333333,0.16666666666666666,0.5,5.820082930352362
Castro/Upper Market,37.75994,-122.42787,Entire home/apt,2,0,0.0,t,0,159,9,74,1.0,0.5,1.0,5.267858159063328
Nob Hill,37.79281,-122.41654,Entire home/apt,2,7,4.57,t,0,140,35,22,0.0,0.5,0.5,4.605170185988092
Downtown/Civic Center,37.7878653,-122.4104163,Entire home/apt,4,1,5.0,t,0,275,16,79,0.25,0.25,0.5,5.662960480135946
South of Market,37.7749360094628,-122.40844311706618,Entire home/apt,4,15,4.6,f,12,306,23,46,0.5,0.25,0.5,5.476463551931511
Inner Richmond,37.77547,-122.46536,Entire home/apt,2,21,5.0,t,7,116,20,71,1.0,0.5,0.5,4.6913478822291435
Western Addition,37.7699,-122.42917,Private room,2,432,4.92,t,2,318,40,0,0.5,0.75,0.5,4.74493212836325
Presidio Heights,37.7861,-122.45186,Entire home/apt,2,4,3.5,f,0,274,25,38,0.5,0.5,0.5,4.836281906951478
Nob Hill,37.79183,-122.40961,Hotel room,2,19,4.63,f,27,358,24,67,0.5,0.5,0.5,5.501258210544727
Pacific Heights,37.79256,-122.42431,Private room,2,50,4.68,t,1,313,27,71,0.5,0.5,0.5,4.454347296253507
Bayview,37.73987,-122.38913,Private room,1,0,0.0,f,30,270,36,71,1.0,1.0,1.0,4.709530201312334
Inner Sunset,37.76432,-122.46926,Private room,2,15,4.87,f,2,337,25,80,0.5,0.5,0.5,4.219507705176107
Financial District,37.7882287,-122.4030647,Entire home/apt,6,0,0.0,t,2,291,43,68,0.3333333333333333,0.3333333333333333,0.5,7.007600613951853
Marina,37.80055,-122.43412,Private room,1,12,4.83,t,9,314,18,64,1.0,1.0,1.0,4.276666119016055
Mission,37.75198,-122.42352,Entire home/apt,3,8,4.75,f,0,288,16,75,0.3333333333333333,0.3333333333333333,0.3333333333333333,4.836281906951478
Marina,37.804902,-122.43646,Entire home/apt,5,1,5.0,t,21,332,22,61,0.4,0.4,0.4,5.942799375126701
Downtown/Civic Center,37.7884146,-122.4215935,Private room,2,0,0.0,f,30,365,35,53,0.5,0.5,0.5,5.572154032177765
Lakeshore,37.7333,-122.48715,Private room,1,7,4.29,f,30,365,34,25,1.0,1.0,1.0,4.2626798770413155
Nob Hill,37.79062293146238,-122.410839116838,Entire home/apt,2,0,0.0,f,28,363,46,75,0.5,0.5,0.5,5.459585514144159
South of Market,37.77948080953465,-122.40405560716614,Entire home/apt,6,21,4.95,t,15,139,46,28,0.5,0.16666666666666666,0.5,6.300785794663244
Bayview,37.7359,-122.38547,Private room,2,181,4.83,t,6,321,28,54,0.5,0.5,0.5,4.553876891600541
Western Addition,37.78785,-122.4319,Entire home/apt,8,15,4.8,t,8,34,67,24,0.5,0.4375,0.5,7.600902459542082
Downtown/Civic Center,37.7884146,-122.4215935,Private room,2,5,4.0,f,30,365,35,73,0.5,0.5,0.5,5.736572297479192
Noe Valley,37.75442,-122.43181,Entire home/apt,2,35,5.0,t,14,290,38,85,0.5,0.5,0.5,5.2832037287379885
Western Addition,37.76983,-122.43241,Entire home/apt,2,260,4.82,t,8,79,30,82,0.5,0.5,0.5,4.948759890378168
Western Addition,37.77731,-122.44329,Entire home/apt,9,60,5.0,t,0,308,48,75,0.5555555555555556,0.2222222222222222,0.5555555555555556,7.408530566894626
Bernal Heights,37.747478859476615,-122.41460050818846,Private room,4,1,4.0,t,24,359,68,68,0.5,0.375,0.5,5.4638318050256105
Noe Valley,37.75305,-122.42841,Entire home/apt,3,41,4.88,t,0,288,35,38,0.3333333333333333,0.3333333333333333,0.3333333333333333,5.247024072160486
Russian Hill,37.79761,-122.41331,Private room,4,1,5.0,f,17,324,50,47,0.5,0.375,0.0,6.052089168924417
Potrero Hill,37.76344,-122.39494,Private room,2,334,4.94,t,3,261,37,73,0.5,0.5,0.5,4.969813299576001
North Beach,37.80589592868309,-122.4160427705421,Entire home/apt,2,0,0.0,f,28,363,50,74,0.5,0.5,0.5,5.786897381366708
South of Market,37.77521,-122.41609,Entire home/apt,2,4,5.0,t,0,233,65,35,0.0,0.5,0.5,5.093750200806762
Outer Sunset,37.7592,-122.47794,Private room,2,6,4.0,f,2,94,33,75,0.5,0.5,0.5,3.912023005428146
Western Addition,37.7758071,-122.4306759,Entire home/apt,11,31,4.87,t,10,77,47,66,0.36363636363636365,0.18181818181818182,0.6363636363636364,6.551080335043404
Potrero Hill,37.75664520263672,-122.4020767211914,Entire home/apt,4,14,5.0,t,7,106,54,79,0.5,0.5,0.5,5.634789603169249
Excelsior,37.72302,-122.41591,Private room,2,204,4.79,t,0,142,24,18,0.5,0.5,0.5,4.248495242049359
Western Addition,37.78623580932617,-122.44647216796876,Private room,2,32,5.0,f,28,355,9,85,0.5,0.5,0.5,5.771441123130016
Marina,37.80151,-122.42562,Hotel room,2,0,0.0,f,21,352,24,38,0.5,0.5,0.0,4.927253685157205
Downtown/Civic Center,37.78787,-122.41042,Entire home/apt,4,3,5.0,t,14,219,50,75,0.0,0.25,0.5,5.517452896464707
Bayview,37.73026435131016,-122.38961562565734,Entire home/apt,4,3,5.0,t,18,78,12,19,0.5,0.25,0.5,4.804021044733257
Financial District,37.78931,-122.40588,Private room,2,51,4.39,f,0,189,18,76,0.5,0.0,0.5,3.912023005428146
Financial District,37.78708,-122.40376,Private room,4,0,0.0,t,16,119,21,71,0.25,0.25,0.5,5.796057750765372
Western Addition,37.77263811792529,-122.4306866650818,Entire home/apt,1,0,0.0,f,0,335,7,88,1.0,1.0,1.0,4.852030263919617
Castro/Upper Market,37.76092583410389,-122.44143398359336,Private room,2,26,5.0,t,10,64,17,78,0.5,0.5,0.5,4.804021044733257
Presidio Heights,37.78336,-122.45879,Entire home/apt,2,2,5.0,f,23,164,20,73,0.5,0.5,0.5,5.6131281063880705
South of Market,37.78530364848695,-122.39630624548307,Private room,1,0,0.0,f,18,258,33,69,1.0,1.0,1.0,4.31748811353631
Haight Ashbury,37.7737,-122.45116,Entire home/apt,6,143,4.97,t,3,58,42,53,0.6666666666666666,0.3333333333333333,0.6666666666666666,7.003065458786462
South of Market,37.78007,-122.39853,Private room,1,11,5.0,t,9,61,39,72,1.0,1.0,1.0,4.672828834461906
Western Addition,37.78623580932617,-122.44647216796876,Private room,2,24,4.75,f,26,355,9,64,0.5,0.5,0.5,5.673323267171493
Visitacion Valley,37.71957,-122.40414,Entire home/apt,4,221,4.78,t,24,61,54,72,0.25,0.5,0.5,5.14166355650266
Downtown/Civic Center,37.7884146,-122.4215935,Private room,2,0,0.0,f,30,365,34,46,0.5,0.5,0.5,5.736572297479192
Ocean View,37.71867,-122.45046,Entire home/apt,4,3,5.0,t,0,243,43,84,0.5,0.25,0.5,4.653960350157523
Castro/Upper Market,37.75868,-122.43178,Entire home/apt,2,0,0.0,t,4,181,29,85,0.5,0.5,1.0,5.267858159063328
Western Addition,37.77285,-122.43068,Private room,1,3,3.67,f,30,122,12,42,1.0,1.0,1.0,4.07753744390572
Downtown/Civic Center,37.78841,-122.41127,Entire home/apt,4,0,0.0,t,8,8,34,66,0.0,0.25,0.5,5.5254529391317835
Downtown/Civic Center,37.7884146,-122.4215935,Private room,2,0,0.0,f,30,365,34,27,0.5,0.5,0.5,5.736572297479192
Pacific Heights,37.79240945762032,-122.42425184993807,Private room,2,15,4.8,t,2,321,31,71,0.5,0.5,0.5,4.68213122712422
Outer Sunset,37.74738,-122.48071,Private room,2,14,4.93,t,0,275,18,94,0.5,0.5,0.5,3.7376696182833684
Noe Valley,37.74827,-122.42557,Entire home/apt,4,35,4.97,t,6,230,34,75,0.5,0.5,0.5,6.364750756851911
South of Market,37.76779,-122.39769,Entire home/apt,2,0,0.0,f,21,356,24,81,0.5,0.5,0.5,6.045005314036012
Outer Mission,37.72169,-122.44223,Private room,1,0,0.0,f,0,203,18,89,1.0,1.0,1.0,3.4339872044851463
Mission,37.74814387660517,-122.42305487394331,Entire home/apt,2,15,5.0,t,8,152,37,26,0.5,0.5,0.5,5.579729825986222
Outer Mission,37.73249,-122.44292,Private room,4,129,4.92,t,5,259,62,83,0.5,0.25,0.5,5.111987788356544
South of Market,37.78563,-122.39634,Entire home/apt,3,12,4.67,f,1,336,45,66,0.3333333333333333,0.3333333333333333,0.3333333333333333,5.123963979403259
Downtown/Civic Center,37.7889904,-122.4127915,Entire home/apt,6,0,0.0,f,10,283,48,69,0.3333333333333333,0.16666666666666666,0.5,5.886104031450156
Bernal Heights,37.74268,-122.41577,Private room,2,96,4.53,f,3,319,69,76,0.5,0.5,0.5,3.9512437185814275
Haight Ashbury,37.77426,-122.45376,Entire home/apt,2,557,4.94,t,2,174,46,163,0.5,0.5,0.5,5.056245805348308
Twin Peaks,37.75861415218211,-122.44566055177616,Entire home/apt,4,0,0.0,f,29,364,48,75,0.5,0.5,0.5,5.68697535633982
Outer Sunset,37.7613229,-122.4965406,Private room,2,71,4.93,t,16,339,36,7,0.5,0.5,0.5,5.1298987149230735
Outer Sunset,37.75219,-122.49994,Entire home/apt,6,97,4.94,t,9,9,70,82,0.5,0.3333333333333333,0.5,6.066108090103747
Nob Hill,37.79392,-122.42226,Private room,2,1,5.0,f,25,288,12,60,0.5,0.5,0.5,5.517452896464707
Financial District,37.78723390866295,-122.39483082562457,Entire home/apt,5,0,0.0,f,6,327,44,73,0.4,0.4,0.4,5.356586274672012
Marina,37.80572,-122.43545,Entire home/apt,2,418,4.94,t,8,218,64,76,0.5,0.5,0.5,5.616771097666572
Castro/Upper Market,37.75798125530645,-122.43999570709036,Entire home/apt,5,30,5.0,t,5,292,47,73,0.6,0.5,0.6,6.376726947898627
Downtown/Civic Center,37.7884146,-122.4215935,Private room,2,0,0.0,f,30,365,35,49,0.5,0.5,0.5,5.572154032177765
Nob Hill,37.7892,-122.41835,Private room,3,4,4.75,f,22,355,8,64,0.3333333333333333,0.0,0.3333333333333333,4.454347296253507
Nob Hill,37.79040395232632,-122.41377837049582,Entire home/apt,2,3,5.0,f,0,180,49,13,0.5,0.5,0.5,4.997212273764115
Russian Hill,37.79713,-122.42298,Entire home/apt,4,103,4.79,t,4,78,56,88,0.25,0.25,0.75,5.081404364984463
Haight Ashbury,37.77128825058147,-122.44765017914386,Entire home/apt,4,17,4.76,t,7,286,33,55,0.5,0.25,0.5,5.170483995038151
Financial District,37.79739,-122.4052,Entire home/apt,4,114,4.44,f,9,344,48,47,0.25,0.25,0.5,4.8283137373023015
Bernal Heights,37.74331,-122.41865,Entire home/apt,2,3,5.0,t,0,153,52,67,1.0,0.5,1.0,5.111987788356544
Marina,37.800899505615234,-122.44134521484376,Private room,1,129,4.97,t,6,37,70,74,1.0,1.0,1.0,5.497168225293202
Downtown/Civic Center,37.7884146,-122.4215935,Private room,2,0,0.0,f,30,365,34,49,0.5,0.5,0.5,5.736572297479192
Bernal Heights,37.74213,-122.41788,Entire home/apt,4,103,4.89,t,22,29,27,57,0.5,0.25,0.5,5.616771097666572
Inner Sunset,37.76244,-122.46173,Entire home/apt,4,1,5.0,f,0,238,49,43,0.5,0.625,0.5,3.8066624897703196
Downtown/Civic Center,37.7884146,-122.4215935,Private room,2,0,0.0,f,30,365,34,47,0.5,0.5,0.5,5.572154032177765
Downtown/Civic Center,37.7884146,-122.4215935,Private room,2,0,0.0,f,30,365,34,49,0.5,0.5,0.5,5.572154032177765
Downtown/Civic Center,37.78735429877994,-122.4143122494362,Entire home/apt,2,72,4.85,t,1,273,54,10,0.5,0.5,0.5,5.402677381872279
Outer Richmond,37.77896,-122.49872,Entire home/apt,8,212,4.76,t,16,339,45,64,0.25,0.125,0.375,5.062595033026967
Chinatown,37.79141,-122.40824,Entire home/apt,3,4,5.0,t,0,4,21,63,0.3333333333333333,0.3333333333333333,0.6666666666666666,4.605170185988092
Downtown/Civic Center,37.77835,-122.42327,Entire home/apt,2,26,4.62,t,7,7,32,70,0.5,0.5,0.5,5.3230099791384085
Downtown/Civic Center,37.7884146,-122.4215935,Private room,2,0,0.0,f,30,365,34,49,0.5,0.5,0.5,5.572154032177765
Pacific Heights,37.79702,-122.42575,Private room,5,331,4.45,f,24,258,20,25,0.2,0.2,0.6,5.19295685089021
Potrero Hill,37.75743,-122.39639,Entire home/apt,2,5,4.8,t,20,162,43,74,0.5,0.5,0.0,4.499809670330265
Parkside,37.7451,-122.48148,Private room,2,90,4.93,t,5,113,49,79,0.5,0.5,0.5,4.624972813284271
South of Market,37.76703236803918,-122.39690534770487,Entire home/apt,3,6,5.0,f,0,164,52,74,0.3333333333333333,0.3333333333333333,0.6666666666666666,5.723585101952381
Chinatown,37.79092,-122.40815,Entire home/apt,2,19,4.79,t,4,4,22,51,0.0,0.5,0.5,4.605170185988092
Nob Hill,37.79063,-122.40915,Entire home/apt,4,0,0.0,f,2,81,19,11,0.25,0.25,0.5,5.662960480135946
Western Addition,37.77521,-122.42676,Entire home/apt,6,1,4.0,f,0,274,17,78,0.5,0.3333333333333333,0.0,5.8377304471659395
Western Addition,37.77496,-122.42396,Entire home/apt,6,29,5.0,t,12,120,44,73,0.3333333333333333,0.3333333333333333,0.3333333333333333,6.579251212010101
Western Addition,37.771846249856985,-122.42594198531074,Private room,2,0,0.0,t,0,176,47,62,0.5,0.5,1.0,4.605170185988092
Outer Sunset,37.75612878186109,-122.48380154733688,Entire home/apt,2,93,4.98,t,19,254,38,74,0.5,0.5,0.5,4.8283137373023015
South of Market,37.77359833444389,-122.41793728196456,Entire home/apt,4,1,5.0,t,29,364,37,65,0.25,0.25,0.5,5.808142489980444
South of Market,37.771771428908565,-122.4092681954214,Private room,2,134,4.49,f,15,337,51,38,0.5,0.5,0.5,5.003946305945459
Western Addition,37.78492,-122.44675,Private room,4,3,5.0,f,0,123,20,6,0.5,0.25,1.0,5.945420608606575
Excelsior,37.73026548408446,-122.4244260597516,Private room,2,1,5.0,t,29,89,50,12,0.5,0.5,0.5,4.343805421853684
Chinatown,37.79206,-122.40663,Hotel room,2,409,4.47,f,26,359,18,84,0.5,0.5,1.0,4.762173934797756
Castro/Upper Market,37.76208652672626,-122.4328298142696,Entire home/apt,4,21,4.95,t,0,193,46,85,0.25,0.25,0.5,5.808142489980444
Inner Richmond,37.77823,-122.47188,Entire home/apt,4,84,4.75,t,9,57,37,78,0.5,0.25,0.5,5.3706380281276624
Nob Hill,37.79424,-122.41493,Entire home/apt,2,200,4.76,t,18,30,32,87,0.5,0.5,0.5,4.6913478822291435
Russian Hill,37.80597,-122.41899,Private room,4,1,4.0,f,28,165,21,33,0.25,0.25,0.5,5.247024072160486
Haight Ashbury,37.7711059,-122.4375178,Entire home/apt,6,18,4.83,f,2,309,29,80,0.3333333333333333,0.25,0.5,5.3230099791384085
Russian Hill,37.80549999999999,-122.4205787,Private room,4,6,5.0,f,9,51,35,69,0.25,0.25,0.5,5.19295685089021
Outer Richmond,37.78094,-122.50516,Private room,4,198,4.8,t,0,274,46,92,0.25,0.25,0.5,4.812184355372417
Western Addition,37.77296,-122.42525,Private room,2,187,4.93,t,12,238,44,90,0.5,0.5,0.5,4.718498871295094
North Beach,37.80197,-122.40968,Entire home/apt,4,155,4.99,f,1,54,65,89,0.5,0.375,0.5,6.38856140554563
Downtown/Civic Center,37.78698,-122.41125,Entire home/apt,4,10,4.8,f,30,357,23,21,0.0,0.25,0.5,5.700443573390687
Inner Richmond,37.77611,-122.47063,Entire home/apt,4,21,4.86,t,0,50,48,62,0.5,0.375,0.5,5.579729825986222
South of Market,37.7761,-122.40877,Private room,1,1,5.0,f,16,351,11,83,1.0,2.0,1.0,4.174387269895637
Castro/Upper Market,37.76528,-122.44196,Entire home/apt,4,6,5.0,f,6,6,44,34,0.5,0.5,0.5,5.703782474656201
South of Market,37.78086870851519,-122.39743006843052,Entire home/apt,3,1,5.0,f,8,332,37,65,0.3333333333333333,0.3333333333333333,0.3333333333333333,5.455321115357702
North Beach,37.80172,-122.4035,Entire home/apt,6,34,4.59,t,7,268,37,42,0.6666666666666666,0.3333333333333333,0.6666666666666666,5.998936561946683
Western Addition,37.788307,-122.425598,Entire home/apt,2,2,5.0,f,0,184,48,75,0.5,0.5,0.5,5.0106352940962555
Twin Peaks,37.75609,-122.44277,Entire home/apt,4,17,4.82,f,23,358,39,83,0.25,0.375,0.5,5.877735781779639
Downtown/Civic Center,37.78976,-122.40762,Entire home/apt,3,10,4.8,t,0,5,21,60,0.3333333333333333,0.3333333333333333,0.6666666666666666,4.605170185988092
Bernal Heights,37.73386,-122.43005,Entire home/apt,12,4,5.0,t,1,336,61,26,0.3333333333333333,0.25,0.5,6.333279628139691
Outer Sunset,37.76285,-122.49951,Entire home/apt,2,48,5.0,t,5,129,37,41,0.5,0.5,0.5,5.0106352940962555
Nob Hill,37.79265,-122.40985,Private room,2,63,4.7,f,21,158,16,37,0.5,0.5,0.5,5.236441962829949
Ocean View,37.71747359527867,-122.47026413606672,Entire home/apt,6,37,4.78,f,24,262,41,60,0.5,0.25,0.6666666666666666,5.3471075307174685
Haight Ashbury,37.77282,-122.43798,Entire home/apt,2,355,4.98,f,7,295,28,81,0.5,0.5,0.5,5.135798437050262
Visitacion Valley,37.71907,-122.40276,Private room,2,952,4.93,t,16,16,53,68,1.0,0.5,0.5,4.962844630259907
Bernal Heights,37.73702,-122.41144,Entire home/apt,5,0,0.0,f,0,273,13,45,0.6,0.4,0.6,5.697093486505405
Twin Peaks,37.74839,-122.44601,Entire home/apt,6,173,4.98,t,9,40,73,82,0.5,0.3333333333333333,0.5,6.040254711277414
Western Addition,37.78628,-122.43754,Entire home/apt,1,114,4.82,t,0,42,45,73,1.0,1.0,1.0,4.477336814478207
West of Twin Peaks,37.72863,-122.46534,Entire home/apt,4,84,4.54,f,13,161,25,72,0.5,0.25,0.75,4.962844630259907
Western Addition,37.77116,-122.4288,Private room,2,89,4.96,t,15,342,48,73,0.5,0.5,0.5,4.499809670330265
Financial District,37.7894506,-122.401214,Entire home/apt,8,0,0.0,f,29,364,10,44,0.375,0.375,0.5,6.946975992135418
Pacific Heights,37.79096,-122.42373,Entire home/apt,5,54,4.8,f,23,209,47,79,0.4,0.2,0.6,6.100318952020064
Nob Hill,37.79416,-122.41124,Entire home/apt,4,13,5.0,t,22,172,67,81,0.25,0.25,0.5,5.049856007249537
Russian Hill,37.79823,-122.41246,Entire home/apt,3,9,4.89,t,0,268,49,89,0.0,0.3333333333333333,0.3333333333333333,4.836281906951478
Excelsior,37.72493431405757,-122.42775033965206,Entire home/apt,2,81,4.84,t,5,56,36,77,0.5,0.5,0.5,4.382026634673881
Mission,37.75855,-122.40961,Entire home/apt,6,29,5.0,f,17,299,67,82,0.5,0.3333333333333333,0.6666666666666666,6.651571873589727
Inner Richmond,37.78354,-122.4621,Private room,2,383,4.74,f,18,149,20,76,0.5,1.0,0.5,4.007333185232471
Chinatown,37.790672,-122.407249,Entire home/apt,2,10,4.4,f,0,140,23,34,0.5,0.5,0.5,4.890349128221754
Outer Richmond,37.78284329147882,-122.47873395528951,Private room,2,64,4.66,f,12,162,39,84,0.5,0.5,0.5,4.174387269895637
Haight Ashbury,37.7694,-122.44749,Entire home/apt,7,31,4.97,t,0,270,54,146,0.42857142857142855,0.21428571428571427,0.5714285714285714,5.560681631015528
Downtown/Civic Center,37.7884146,-122.4215935,Private room,2,0,0.0,f,30,365,35,49,0.5,0.5,0.5,5.572154032177765
Haight Ashbury,37.77362,-122.43836,Private room,2,0,0.0,t,0,0,4,49,0.0,0.5,0.5,5.963579343618446
Nob Hill,37.78904011876264,-122.4213626048342,Entire home/apt,2,0,0.0,t,2,47,41,80,0.5,0.5,0.5,5.159055299214529
South of Market,37.78653666810215,-122.3894406716054,Entire home/apt,2,12,5.0,t,0,109,23,72,0.5,0.5,0.5,4.859812404361672
Western Addition,37.78779,-122.42682,Entire home/apt,3,119,4.97,t,0,153,53,174,0.3333333333333333,0.3333333333333333,0.6666666666666666,5.003946305945459
Noe Valley,37.74551,-122.43283,Entire home/apt,2,557,4.77,f,9,57,24,80,0.5,0.5,1.0,4.867534450455582
West of Twin Peaks,37.7284,-122.45757,Private room,1,25,4.52,t,29,269,37,32,1.0,0.5,1.0,3.8066624897703196
Mission,37.76311,-122.42248,Private room,4,2,4.0,f,30,365,13,38,0.0,0.25,0.25,4.59511985013459
Bayview,37.73685,-122.39914,Private room,2,384,4.77,t,18,253,19,90,0.5,0.5,0.5,3.912023005428146
Marina,37.8009199,-122.4258129,Private room,2,110,4.76,f,28,337,10,27,0.5,0.5,0.5,5.099866427824199
Presidio Heights,37.78779,-122.45167,Entire home/apt,2,6,4.17,f,0,185,27,43,0.5,0.5,0.5,4.770684624465665
Potrero Hill,37.75474,-122.39201,Entire home/apt,8,3,5.0,f,0,62,52,71,0.25,0.375,0.25,5.278114659230517
South of Market,37.77839848781604,-122.40307632421352,Private room,1,0,0.0,f,30,365,25,78,1.0,1.0,1.0,5.075173815233827
Ocean View,37.72177,-122.45381,Private room,2,0,0.0,f,23,358,30,82,0.5,1.0,0.5,4.553876891600541
Outer Mission,37.722516084840336,-122.45106218718682,Private room,2,0,0.0,f,1,336,10,48,0.5,0.5,0.5,4.356708826689592
Bernal Heights,37.74189,-122.41902,Private room,2,382,4.82,t,12,127,23,31,0.5,0.5,0.5,4.3694478524670215
Castro/Upper Market,37.76051,-122.43604,Private room,2,18,4.67,f,27,295,25,78,0.0,0.5,0.5,6.620073206530356
Western Addition,37.77095,-122.43054,Private room,1,0,0.0,f,30,365,8,5,1.0,1.5,1.0,4.454347296253507
South of Market,37.7713661,-122.4221715,Entire home/apt,3,7,4.86,t,1,220,43,69,0.6666666666666666,0.3333333333333333,0.6666666666666666,5.288267030694535
Twin Peaks,37.74725,-122.44512,Entire home/apt,4,0,0.0,t,0,139,76,68,0.5,0.5,0.75,5.293304824724492
Inner Sunset,37.75868,-122.46912,Entire home/apt,4,189,4.58,t,2,257,36,77,0.25,0.25,0.25,4.7535901911063645
Castro/Upper Market,37.76697,-122.4391,Entire home/apt,2,48,4.98,f,0,65,25,75,0.5,0.5,0.0,5.752572638825633
North Beach,37.8042436,-122.4054002,Entire home/apt,2,0,0.0,f,0,185,30,42,0.5,0.5,0.5,5.707110264748875
Outer Richmond,37.775017,-122.492188,Entire home/apt,3,146,4.98,t,12,269,54,78,0.3333333333333333,0.3333333333333333,0.3333333333333333,5.19295685089021
Downtown/Civic Center,37.77525068443255,-122.41930934122324,Private room,2,1,5.0,f,2,331,13,32,0.5,0.5,0.5,4.04305126783455
Downtown/Civic Center,37.78695,-122.40932,Private room,4,55,4.84,t,16,16,31,79,0.0,0.25,1.0,5.407171771460119
Russian Hill,37.80635,-122.41989,Entire home/apt,6,6,5.0,t,7,7,40,76,0.3333333333333333,0.3333333333333333,0.5,5.71042701737487
Twin Peaks,37.75914,-122.44684,Private room,2,454,4.89,t,2,142,29,168,0.5,0.5,0.5,4.624972813284271
Outer Sunset,37.7495368,-122.4888029,Entire home/apt,8,36,4.64,f,8,322,29,75,0.375,0.125,0.75,5.327876168789581
North Beach,37.8068427,-122.4170605,Hotel room,2,0,0.0,f,18,156,24,0,0.5,0.5,0.5,5.564520407322694
Haight Ashbury,37.76803,-122.44264,Entire home/apt,4,0,0.0,f,0,212,17,47,0.25,0.25,0.25,4.700480365792417
Bernal Heights,37.74784,-122.42161,Entire home/apt,4,2,5.0,t,29,364,47,80,0.5,0.25,0.75,5.1647859739235145
South of Market,37.77677,-122.39142,Entire home/apt,6,20,5.0,f,0,0,47,57,0.3333333333333333,0.4166666666666667,0.5,6.376726947898627
Bernal Heights,37.73482,-122.41559,Entire home/apt,9,27,5.0,t,9,50,36,87,0.5555555555555556,0.2222222222222222,0.4444444444444444,5.8377304471659395
Mission,37.76006117317912,-122.4195164414979,Private room,1,0,0.0,f,0,123,15,14,4.0,0.0,1.0,4.219507705176107
Mission,37.7539415451322,-122.41980930883804,Private room,1,0,0.0,f,28,363,14,62,1.0,2.0,1.0,4.477336814478207
Financial District,37.78931,-122.40588,Private room,4,278,4.44,f,15,215,15,75,0.25,0.25,0.5,4.564348191467836
Outer Sunset,37.74925,-122.50383,Private room,3,64,4.77,f,21,249,34,40,0.3333333333333333,0.3333333333333333,0.6666666666666666,4.382026634673881
Western Addition,37.77127,-122.42945,Private room,3,596,4.93,t,6,284,67,85,0.6666666666666666,0.5,0.6666666666666666,4.727387818712341
Downtown/Civic Center,37.78787,-122.41042,Entire home/apt,4,22,4.82,t,9,208,50,75,0.0,0.25,0.5,5.41610040220442
Presidio Heights,37.78421,-122.45896,Entire home/apt,4,247,4.81,t,13,323,55,77,0.25,0.25,0.5,5.521460917862246
Marina,37.798849,-122.435102,Entire home/apt,8,1,5.0,f,0,335,72,79,0.375,0.375,0.375,6.977281341630747
Financial District,37.78604,-122.40098,Entire home/apt,2,0,0.0,f,0,283,19,0,0.5,0.5,0.5,4.477336814478207
Castro/Upper Market,37.76039,-122.43757,Entire home/apt,6,93,4.88,f,7,256,67,58,0.5,0.5,0.5,6.173786103901937
Downtown/Civic Center,37.78858,-122.41594,Hotel room,2,0,0.0,t,30,328,22,24,0.5,0.5,0.0,5.356586274672012
Potrero Hill,37.75534,-122.4013,Entire home/apt,2,74,4.84,f,28,88,19,67,0.5,0.5,0.5,4.90527477843843
South of Market,37.7776592,-122.4142959,Hotel room,8,0,0.0,f,26,348,23,44,0.25,0.25,0.0,5.961005339623274
Downtown/Civic Center,37.7884146,-122.4215935,Private room,2,2,3.0,f,30,365,35,60,0.5,0.5,0.5,5.572154032177765
Outer Richmond,37.78534173456119,-122.4824631769714,Entire home/apt,6,0,0.0,f,20,345,8,86,0.5,0.5833333333333334,0.5,6.20455776256869
Nob Hill,37.79489,-122.41388,Entire home/apt,2,1,3.0,f,7,311,40,63,0.5,0.5,0.5,4.709530201312334
Crocker Amazon,37.71109,-122.44292,Entire home/apt,6,39,4.82,t,12,12,37,39,0.3333333333333333,0.16666666666666666,0.6666666666666666,4.787491742782046
Nob Hill,37.79512,-122.4182,Entire home/apt,5,12,4.92,f,12,146,55,87,0.6,0.2,0.6,6.322565239927284
Mission,37.76811,-122.41955,Private room,1,11,5.0,t,1,201,42,79,1.0,1.5,1.0,4.248495242049359
Potrero Hill,37.75923909999999,-122.3896364,Entire home/apt,2,40,4.98,t,1,288,41,78,0.5,0.5,0.5,5.272999558563747
Bernal Heights,37.74067,-122.40876,Entire home/apt,5,66,4.91,t,5,135,73,71,0.4,0.4,0.6,5.407171771460119
Ocean View,37.70848,-122.46948,Private room,2,5,3.2,f,29,359,16,53,0.5,0.5,0.5,4.2626798770413155
Financial District,37.78577254871233,-122.39704526317465,Private room,1,1,5.0,t,3,250,45,47,1.0,1.0,1.0,4.0943445622221
Inner Sunset,37.763333,-122.4736915,Entire home/apt,4,98,4.96,t,3,87,48,86,0.5,0.5,0.5,5.25227342804663
Inner Sunset,37.76497,-122.4545,Entire home/apt,2,11,5.0,f,0,119,39,91,0.5,0.5,1.0,5.220355825078324
Outer Sunset,37.75112,-122.48658,Entire home/apt,4,0,0.0,f,24,359,12,31,0.5,0.5,0.5,5.783825182329737
Bayview,37.73798184050131,-122.3977216052402,Entire home/apt,16,217,4.85,t,11,308,66,82,0.1875,0.125,0.375,5.521460917862246
Noe Valley,37.7502,-122.44314,Entire home/apt,5,52,4.98,t,18,245,47,41,0.6,0.4,0.6,6.063785208687608
Outer Mission,37.73077,-122.44827,Private room,1,90,4.77,t,0,42,31,78,1.0,2.0,1.0,4.204692619390966
Downtown/Civic Center,37.7889904,-122.4127915,Entire home/apt,6,0,0.0,f,7,295,52,63,0.5,0.3333333333333333,0.5,6.056784013228625
South of Market,37.78213,-122.40901,Private room,4,0,0.0,f,9,248,27,72,0.25,0.25,0.5,5.081404364984463
Russian Hill,37.79862,-122.41867,Entire home/apt,2,1,5.0,f,11,306,28,87,0.5,0.5,0.5,5.733341276897746
Noe Valley,37.75259,-122.42552,Entire home/apt,2,31,4.97,t,29,269,50,54,0.5,0.5,0.5,5.0106352940962555
Twin Peaks,37.74764,-122.44752,Entire home/apt,6,42,4.88,f,23,353,28,34,0.5,0.3333333333333333,0.5,6.304448802421981
Parkside,37.74084,-122.47612,Entire home/apt,2,493,4.96,t,0,173,34,83,0.5,0.5,0.5,4.653960350157523
Nob Hill,37.7962,-122.41562,Entire home/apt,2,125,4.88,f,28,363,34,40,0.5,0.5,0.5,5.521460917862246
Mission,37.759693,-122.423004,Entire home/apt,5,69,4.93,t,11,325,60,48,0.6,0.2,0.6,6.0473721790462776
Downtown/Civic Center,37.7884146,-122.4215935,Private room,2,0,0.0,f,30,365,35,71,0.5,0.5,0.5,5.572154032177765
Inner Sunset,37.76377,-122.47286,Entire home/apt,4,8,4.88,f,26,176,33,85,0.5,0.25,0.75,4.8283137373023015
Mission,37.75981,-122.4188,Entire home/apt,4,135,4.74,t,12,282,29,79,0.5,0.25,0.5,5.0369526024136295
Outer Sunset,37.74696237187669,-122.4891427543282,Private room,8,2,5.0,t,15,215,44,32,0.375,0.1875,0.5,5.204006687076795
Nob Hill,37.79228,-122.41575,Entire home/apt,6,20,4.4,f,30,365,22,47,0.6666666666666666,0.3333333333333333,0.6666666666666666,5.953243334287785
Ocean View,37.71731,-122.46566,Private room,2,49,4.61,t,29,269,42,71,0.5,0.5,0.5,4.31748811353631
Downtown/Civic Center,37.78122635260733,-122.42044885652057,Entire home/apt,2,10,5.0,f,0,92,24,79,0.5,0.5,1.0,4.90527477843843
Mission,37.75232,-122.4083,Private room,3,131,4.4,f,0,0,18,77,0.3333333333333333,0.5,0.6666666666666666,3.58351893845611
Western Addition,37.7752889,-122.426452,Entire home/apt,8,3,3.33,f,11,331,38,72,0.375,0.25,0.375,5.631211781821365
Downtown/Civic Center,37.7884146,-122.4215935,Private room,2,0,0.0,f,30,365,35,62,0.5,0.5,0.5,5.572154032177765
South of Market,37.78598,-122.3953,Entire home/apt,3,6,5.0,t,0,253,53,34,0.6666666666666666,0.3333333333333333,0.6666666666666666,5.214935757608986
Outer Sunset,37.76507,-122.47958,Entire home/apt,8,69,5.0,t,10,103,52,73,0.375,0.25,0.375,5.971261839790462
South of Market,37.77602,-122.41599,Entire home/apt,2,2,5.0,t,14,62,68,36,0.5,0.5,0.5,5.4116460518550396
Western Addition,37.78990594944408,-122.42436473309346,Entire home/apt,2,3,5.0,f,1,336,43,48,0.5,0.5,0.5,4.700480365792417
Mission,37.75745,-122.4213,Entire home/apt,4,18,5.0,t,0,186,71,63,0.5,0.25,0.5,5.176149732573829
Downtown/Civic Center,37.7878653,-122.4104163,Entire home/apt,4,3,4.33,t,18,224,49,75,0.0,0.25,0.5,5.517452896464707
Western Addition,37.77721,-122.42648,Entire home/apt,2,20,5.0,t,18,226,38,74,0.5,0.5,0.5,5.241747015059643
Pacific Heights,37.79273,-122.43549,Private room,2,86,4.72,t,0,270,23,43,0.5,0.5,0.5,5.075173815233827
Pacific Heights,37.79213,-122.44256,Entire home/apt,2,363,4.99,t,14,15,39,80,0.5,0.5,1.0,5.68697535633982
Chinatown,37.79208895798596,-122.40837425733405,Private room,2,9,5.0,t,0,210,53,63,0.5,0.5,1.0,5.298317366548036
Downtown/Civic Center,37.7863,-122.41617,Private room,2,32,4.69,f,4,236,18,61,0.5,0.5,0.5,4.356708826689592
South of Market,37.7738654,-122.4155569,Entire home/apt,10,3,5.0,f,27,338,55,72,0.3,0.25,0.4,6.984716320118266
North Beach,37.80329,-122.40633,Entire home/apt,2,1,5.0,f,0,146,26,75,0.5,0.5,0.5,5.0106352940962555
Twin Peaks,37.74932,-122.44706,Entire home/apt,6,127,4.98,f,2,118,45,74,0.3333333333333333,0.3333333333333333,0.5,5.717027701406222
Downtown/Civic Center,37.78226,-122.41091,Private room,2,0,0.0,f,25,289,27,72,0.5,0.5,0.5,5.159055299214529
South of Market,37.7728,-122.41687,Entire home/apt,4,27,4.89,f,19,222,52,13,0.25,0.5,0.5,6.1070228877422545
Marina,37.80606,-122.43573,Private room,10,0,0.0,t,16,299,66,61,0.5,0.5,0.6,7.823645930834952
Downtown/Civic Center,37.7884146,-122.4215935,Private room,2,1,2.0,f,30,365,34,47,0.5,0.5,0.5,5.572154032177765
Outer Sunset,37.74624,-122.50517,Entire home/apt,4,118,5.0,t,9,153,38,65,0.5,0.25,0.5,5.564520407322694
Inner Richmond,37.77998,-122.46814,Entire home/apt,4,148,4.91,t,4,45,30,33,0.25,0.25,0.5,5.262690188904886
Potrero Hill,37.75836,-122.39587,Entire home/apt,2,9,4.89,f,0,227,43,68,0.5,0.5,0.5,4.8283137373023015
North Beach,37.80435,-122.41142,Entire home/apt,6,71,4.96,t,16,339,67,71,0.5,0.3333333333333333,0.5,7.170119543449628
West of Twin Peaks,37.73877,-122.44778,Entire home/apt,4,57,4.91,t,3,278,52,71,0.5,0.25,0.5,5.71042701737487
Inner Richmond,37.77739,-122.46161,Entire home/apt,2,342,4.77,t,2,210,37,41,0.5,0.5,1.0,5.087596335232384
Inner Richmond,37.785114,-122.4734326,Entire home/apt,16,0,0.0,t,23,358,39,85,0.4375,0.1875,0.4375,7.284820912568604
Haight Ashbury,37.76716,-122.44684,Entire home/apt,4,10,4.5,f,0,331,47,85,0.5,0.5,0.5,5.10594547390058
Castro/Upper Market,37.76221,-122.44159,Entire home/apt,4,79,4.99,t,12,274,60,84,0.5,0.25,0.5,5.598421958998375
Bayview,37.71895755561668,-122.39744365910312,Entire home/apt,2,17,4.82,f,0,189,55,83,0.5,0.5,0.5,4.51085950651685
Excelsior,37.72757,-122.41896,Entire home/apt,5,128,4.29,t,0,324,72,86,0.4,0.2,0.4,4.836281906951478
Pacific Heights,37.79225,-122.4338,Entire home/apt,2,27,4.85,t,8,119,28,79,0.0,0.5,0.5,5.0106352940962555
Outer Sunset,37.76359,-122.49762,Entire home/apt,4,835,4.82,t,2,268,62,60,0.5,0.25,0.75,5.393627546352362
Outer Mission,37.73208666876984,-122.44664919880584,Entire home/apt,4,76,4.83,t,10,298,44,79,0.5,0.5,0.5,4.882801922586371
West of Twin Peaks,37.73506,-122.46441,Private room,1,21,4.9,t,29,269,25,78,1.0,3.0,1.0,3.871201010907891
South of Market,37.77526,-122.40383,Entire home/apt,6,41,4.93,t,14,324,59,50,0.5,0.16666666666666666,0.5,6.361302477572996
Western Addition,37.78491,-122.44206,Private room,1,14,4.93,t,0,256,57,76,1.0,1.0,1.0,4.356708826689592
Downtown/Civic Center,37.78616,-122.41166,Hotel room,4,1,5.0,f,13,285,21,27,0.25,0.25,0.0,5.293304824724492
Downtown/Civic Center,37.7851394,-122.4097605,Private room,1,1,5.0,f,3,300,44,52,1.0,4.0,1.0,4.48863636973214
South of Market,37.78627,-122.39069,Entire home/apt,2,31,5.0,f,0,262,48,151,0.0,0.5,0.5,5.030437921392435
South of Market,37.78002548217773,-122.40237426757812,Entire home/apt,4,74,4.82,t,5,207,64,79,0.5,0.25,0.5,5.616771097666572
Bernal Heights,37.74087,-122.41257,Entire home/apt,4,153,4.99,t,0,170,57,76,0.5,0.25,0.5,6.255750041753367
Visitacion Valley,37.71234,-122.39937,Entire home/apt,2,6,4.83,f,4,308,44,24,0.5,0.5,0.5,4.442651256490317
Haight Ashbury,37.76799,-122.44947,Entire home/apt,6,84,4.95,t,0,146,72,69,0.5,0.16666666666666666,0.5,6.3835066348840055
Financial District,37.78933,-122.40506,Private room,1,2,5.0,f,30,270,13,33,1.0,1.0,1.0,5.093750200806762
South of Market,37.78205,-122.41018,Entire home/apt,4,7,5.0,f,0,274,43,81,0.25,0.25,0.25,5.117993812416755
Western Addition,37.77972,-122.43466,Private room,2,3,5.0,f,11,310,8,67,0.5,0.5,0.5,5.616771097666572
Downtown/Civic Center,37.786873345353,-122.41256032992295,Shared room,4,45,4.71,f,30,242,33,78,0.25,0.25,1.0,3.5263605246161616
Visitacion Valley,37.71972,-122.40361,Entire home/apt,5,527,4.91,t,25,265,25,75,0.2,0.2,0.4,4.844187086458591
Outer Sunset,37.74906,-122.47838,Private room,4,542,4.85,t,8,295,32,76,0.25,0.25,0.5,4.23410650459726
Lakeshore,37.73145,-122.4892,Private room,3,32,4.84,f,2,318,39,63,0.3333333333333333,0.3333333333333333,0.3333333333333333,4.174387269895637
Western Addition,37.7888364,-122.4243282,Entire home/apt,12,54,4.87,t,30,356,54,73,0.5,0.25,0.5,6.872128101338986
Mission,37.76837,-122.41873,Entire home/apt,2,3,5.0,f,0,235,50,23,0.5,0.5,0.5,4.867534450455582
Outer Mission,37.73139151424886,-122.44769532233477,Entire home/apt,4,51,4.98,t,0,57,41,76,0.25,0.25,0.75,5.209486152841421
Outer Sunset,37.74711938416012,-122.5023629568661,Entire home/apt,2,0,0.0,f,30,365,9,26,0.5,0.5,0.5,5.0106352940962555
Nob Hill,37.79203,-122.42119,Private room,2,3,5.0,f,12,272,13,59,0.5,0.5,0.5,4.477336814478207
South of Market,37.77529,-122.39057,Entire home/apt,3,4,5.0,f,4,15,55,62,0.6666666666666666,0.3333333333333333,0.3333333333333333,6.558197802812269
Downtown/Civic Center,37.78899,-122.41279,Entire home/apt,6,0,0.0,t,10,283,48,69,0.3333333333333333,0.16666666666666666,0.5,5.793013608384144
Outer Sunset,37.7641013,-122.4775387,Entire home/apt,5,1,5.0,f,12,130,56,78,0.4,0.4,0.4,5.5254529391317835
Potrero Hill,37.75953459999999,-122.3955195,Entire home/apt,2,2,5.0,f,0,87,7,14,0.5,0.5,0.5,4.59511985013459
Nob Hill,37.78894,-122.41891,Private room,3,54,4.98,t,13,317,52,54,0.3333333333333333,0.3333333333333333,0.3333333333333333,5.278114659230517
South of Market,37.77600119126811,-122.40797740571315,Private room,2,4,4.0,f,0,116,28,86,0.5,0.0,0.5,3.828641396489095
Financial District,37.79857,-122.39907,Entire home/apt,4,0,0.0,f,29,364,15,74,0.5,0.625,0.5,7.244941546337007
Downtown/Civic Center,37.7884146,-122.4215935,Private room,2,0,0.0,f,30,365,35,49,0.5,0.5,0.5,5.572154032177765
Outer Sunset,37.75385,-122.50248,Entire home/apt,2,13,4.85,f,0,143,46,81,0.5,0.5,0.5,4.30406509320417
Nob Hill,37.79193789596008,-122.40989835385724,Entire home/apt,2,0,0.0,f,0,7,20,11,0.0,0.5,0.5,5.717027701406222
Downtown/Civic Center,37.7851394,-122.4097605,Private room,1,3,5.0,f,0,217,43,53,1.0,4.0,1.0,4.48863636973214
Castro/Upper Market,37.76138,-122.44322,Entire home/apt,6,152,4.91,t,14,320,71,72,0.5,0.25,0.5,6.29156913955832
Noe Valley,37.75219,-122.42709,Entire home/apt,6,29,5.0,t,0,311,47,80,0.5,0.3333333333333333,0.5,6.461468176353717
Inner Sunset,37.76599,-122.46322,Entire home/apt,7,2,5.0,f,9,128,54,84,0.5714285714285714,0.5,0.7142857142857143,7.102499355774649
Noe Valley,37.75284,-122.43262,Entire home/apt,2,2,5.0,f,16,335,19,77,0.5,0.5,0.5,4.859812404361672
Bayview,37.73686,-122.40348,Entire home/apt,2,0,0.0,f,1,336,17,66,0.0,0.5,0.5,4.574710978503383
Western Addition,37.78052,-122.42568,Entire home/apt,2,19,4.79,f,22,324,35,59,0.5,0.5,0.5,4.787491742782046
South of Market,37.77559,-122.40242,Entire home/apt,2,130,4.86,f,6,268,55,76,0.5,0.5,0.5,5.198497031265826
Bernal Heights,37.74774,-122.40776,Private room,2,340,4.98,t,17,249,39,167,0.5,0.75,0.5,5.017279836814924
Nob Hill,37.79177768599035,-122.41927936088769,Private room,4,185,4.97,t,5,204,75,58,0.5,0.375,0.5,5.877735781779639
Financial District,37.78422710773132,-122.3992459502073,Entire home/apt,2,1,5.0,f,28,363,46,72,0.5,0.5,0.5,6.97354301952014
Outer Sunset,37.75522,-122.507,Entire home/apt,4,107,4.99,t,4,69,55,70,0.5,0.25,0.5,5.7899601708972535
Inner Richmond,37.782802326695965,-122.46573694161842,Entire home/apt,2,0,0.0,t,0,304,50,71,0.5,0.5,0.5,4.290459441148391
Mission,37.75085,-122.41199,Entire home/apt,4,2,5.0,f,0,281,26,69,0.5,0.5,0.5,5.389071729816501
Western Addition,37.76998,-122.429,Private room,2,232,4.89,t,22,343,50,76,0.5,1.25,0.5,4.356708826689592
Golden Gate Park,37.77353,-122.45986,Private room,2,244,4.83,t,1,329,64,64,0.5,0.75,0.5,4.8283137373023015
Mission,37.76605,-122.41669,Private room,2,409,4.78,t,1,234,29,40,0.5,1.0,0.5,4.787491742782046
Crocker Amazon,37.71156,-122.44494,Private room,2,32,4.38,f,16,351,12,36,0.5,0.0,0.5,4.204692619390966
Inner Richmond,37.7774708,-122.4685569,Entire home/apt,5,62,4.97,t,15,95,54,55,0.2,0.2,0.4,5.288267030694535
Outer Sunset,37.76332,-122.48032,Private room,1,116,4.85,t,27,73,38,72,1.0,1.0,1.0,4.553876891600541
Excelsior,37.72084,-122.42878,Entire home/apt,4,0,0.0,f,11,346,49,32,0.5,0.5,0.5,5.4638318050256105
Outer Richmond,37.7751,-122.50099,Private room,2,429,4.78,t,12,333,57,50,0.5,0.5,0.5,4.836281906951478
North Beach,37.80299580201088,-122.4127358934737,Entire home/apt,6,19,4.89,t,0,42,58,82,0.5,0.3333333333333333,0.3333333333333333,5.780743515792329
Downtown/Civic Center,37.78952,-122.4133,Entire home/apt,2,82,4.87,f,0,227,46,89,0.5,0.5,0.5,5.429345628954441
Western Addition,37.7866925,-122.445395,Entire home/apt,2,57,4.89,t,6,232,36,51,0.0,0.5,0.5,4.990432586778736
Downtown/Civic Center,37.78817,-122.40924,Entire home/apt,4,3,5.0,t,0,320,44,79,0.25,0.25,0.5,5.652489180268651
Outer Sunset,37.74983,-122.47621,Private room,2,510,4.9,t,8,324,32,76,0.5,0.5,0.5,4.23410650459726
Castro/Upper Market,37.76167,-122.44449,Entire home/apt,2,376,4.89,t,14,19,50,76,0.5,0.5,0.5,4.762173934797756
Bayview,37.73527699737804,-122.3926407431253,Entire home/apt,4,4,4.25,f,25,360,28,76,0.5,0.375,0.5,5.327876168789581
Russian Hill,37.79839,-122.41033,Private room,1,3,5.0,f,0,241,25,50,1.0,1.0,1.0,4.0943445622221
Glen Park,37.7359737,-122.4321369,Entire home/apt,4,15,4.93,t,0,191,36,81,0.5,0.25,0.5,4.852030263919617
Western Addition,37.77914,-122.43591,Entire home/apt,2,129,4.72,t,0,119,24,57,0.0,0.5,0.5,4.532599493153256
Downtown/Civic Center,37.78709,-122.41434,Private room,1,74,4.53,t,5,303,14,56,1.0,0.5,0.0,4.3694478524670215
Western Addition,37.78602579243624,-122.42745203027846,Entire home/apt,4,0,0.0,t,0,274,29,79,0.0,0.25,0.5,5.616771097666572
South of Market,37.77318,-122.40049,Entire home/apt,4,6,5.0,f,6,258,42,56,0.75,0.625,0.75,5.598421958998375
Pacific Heights,37.79054212622437,-122.4461920298381,Private room,2,0,0.0,t,13,319,13,61,0.5,0.5,0.5,5.948034989180646
Bernal Heights,37.7477,-122.4223,Entire home/apt,6,5,4.8,t,7,296,39,73,0.3333333333333333,0.3333333333333333,0.6666666666666666,5.723585101952381
Noe Valley,37.74826,-122.42699,Entire home/apt,4,30,4.8,f,0,265,55,74,0.5,0.25,0.5,4.969813299576001
Potrero Hill,37.75968,-122.39212,Entire home/apt,6,48,4.81,t,11,202,64,77,0.5,0.3333333333333333,0.5,6.253828811575473
Haight Ashbury,37.76645,-122.44487,Entire home/apt,2,34,4.91,t,0,146,30,62,0.0,0.5,0.5,4.574710978503383
North Beach,37.807188,-122.42028,Private room,2,0,0.0,f,20,30,22,59,0.5,0.5,0.5,5.225746673713202
Western Addition,37.78808,-122.42574,Private room,3,17,4.88,t,18,336,36,77,0.3333333333333333,0.3333333333333333,0.6666666666666666,4.962844630259907
Western Addition,37.7747307,-122.4318189,Entire home/apt,4,8,4.13,f,0,123,35,4,0.5,0.25,0.75,4.867534450455582
Downtown/Civic Center,37.78716649858409,-122.41138176331272,Entire home/apt,2,2,5.0,f,28,363,47,80,0.5,0.5,0.5,5.8289456176102075
South of Market,37.77538,-122.41625,Private room,2,125,4.43,f,27,359,46,75,0.5,0.5,0.5,4.983606621708336
Mission,37.75324,-122.41823,Entire home/apt,4,166,4.63,f,0,312,34,76,0.25,0.25,0.25,4.74493212836325
Downtown/Civic Center,37.78814,-122.41363,Entire home/apt,6,0,0.0,t,26,66,10,50,0.3333333333333333,0.3333333333333333,0.5,5.583496308781699
South of Market,37.78537,-122.39565,Entire home/apt,3,7,5.0,t,2,307,52,34,0.6666666666666666,0.3333333333333333,0.6666666666666666,5.1647859739235145
Nob Hill,37.79384,-122.41409,Entire home/apt,2,12,4.42,f,20,355,21,0,0.5,0.5,0.5,4.68213122712422
South of Market,37.77478089216714,-122.39014926010964,Entire home/apt,2,0,0.0,t,0,265,63,36,0.5,0.5,0.5,5.327876168789581
Marina,37.804656224479885,-122.43577095101269,Entire home/apt,4,46,4.96,t,10,113,40,86,0.5,0.25,0.75,5.723585101952381
Inner Richmond,37.78246,-122.47408,Private room,2,4,3.5,f,0,327,18,42,0.5,0.5,0.5,4.382026634673881
Outer Sunset,37.76136,-122.48584,Entire home/apt,4,5,4.4,f,22,329,40,75,0.25,0.25,0.5,5.298317366548036
Castro/Upper Market,37.75923,-122.43135,Entire home/apt,3,37,4.86,f,0,29,52,59,0.3333333333333333,0.3333333333333333,0.3333333333333333,5.247024072160486
Downtown/Civic Center,37.7787601,-122.4222545,Entire home/apt,2,0,0.0,t,23,220,34,54,0.0,0.0,0.5,4.919980925828125
South of Market,37.78207,-122.39515,Private room,4,5,5.0,t,2,258,46,79,0.5,0.5,0.5,5.799092654460526
North Beach,37.80507,-122.41197,Entire home/apt,6,12,4.67,t,7,301,55,79,0.5,0.16666666666666666,0.5,5.8998973535824915
Pacific Heights,37.79756,-122.42396,Private room,2,227,4.55,f,30,268,19,27,0.5,0.5,0.5,4.859812404361672
Downtown/Civic Center,37.7878653,-122.4104163,Entire home/apt,4,4,4.25,f,18,225,49,75,0.0,0.25,0.5,5.365976015021851
Western Addition,37.77922,-122.44023,Entire home/apt,2,5,4.6,t,0,243,37,43,0.5,0.5,0.5,4.6443908991413725
Marina,37.79939125936368,-122.4342302005034,Private room,1,2,5.0,t,24,359,18,54,1.0,1.0,1.0,4.0943445622221
Chinatown,37.7936297577062,-122.40859349305951,Entire home/apt,5,0,0.0,t,11,78,39,77,0.4,0.2,0.6,5.488937726156687
Potrero Hill,37.76364292751332,-122.39655990120208,Entire home/apt,4,1,5.0,f,1,305,24,9,0.5,0.25,0.5,5.043425116919247
Mission,37.76057,-122.42567,Entire home/apt,6,10,4.8,f,0,181,95,73,0.5,0.25,0.5,5.768320995793772
Downtown/Civic Center,37.7884146,-122.4215935,Private room,2,0,0.0,f,30,365,35,4,0.5,0.5,0.5,5.572154032177765
Mission,37.75393,-122.42381,Entire home/apt,3,10,4.8,f,2,242,14,81,0.3333333333333333,0.3333333333333333,0.6666666666666666,4.61512051684126
Lakeshore,37.73352,-122.48224,Private room,4,216,4.84,t,18,246,36,75,0.25,0.25,0.25,4.564348191467836
Marina,37.80546,-122.43444,Entire home/apt,6,1,5.0,t,13,244,54,66,0.3333333333333333,0.3333333333333333,0.5,7.676473646389156
Inner Richmond,37.7828,-122.46575,Entire home/apt,2,1,5.0,t,1,299,52,68,0.5,0.5,0.5,4.110873864173311
Nob Hill,37.79183,-122.40959,Hotel room,2,20,4.3,f,26,355,23,74,0.5,0.5,0.5,5.43372200355424
Excelsior,37.73123,-122.42182,Private room,1,28,4.71,f,0,240,30,6,1.0,2.0,1.0,3.6375861597263857
Western Addition,37.777439,-122.423988,Entire home/apt,4,181,4.96,t,10,165,36,172,0.25,0.25,0.5,5.521460917862246
Outer Richmond,37.77686,-122.48202,Entire home/apt,2,0,0.0,f,0,326,12,84,1.0,0.5,0.5,5.049856007249537
Mission,37.76115,-122.41113,Private room,2,2,5.0,f,29,269,13,33,0.5,0.5,0.5,5.703782474656201
Downtown/Civic Center,37.7884146,-122.4215935,Private room,2,0,0.0,f,30,365,34,47,0.5,0.5,0.5,5.572154032177765
Nob Hill,37.79001433034162,-122.4129676379194,Entire home/apt,4,0,0.0,f,0,58,39,78,0.25,0.25,0.0,5.521460917862246
Nob Hill,37.790153382769546,-122.4097828933607,Private room,2,51,4.96,t,3,171,50,63,0.5,0.5,1.0,5.298317366548036
Outer Mission,37.73066,-122.43431,Entire home/apt,2,118,4.92,f,7,125,58,78,0.0,0.5,0.5,4.762173934797756
South of Market,37.779,-122.40414,Entire home/apt,5,24,4.71,f,3,49,48,38,0.4,0.3,0.4,5.58724865840025
Mission,37.7566368,-122.4228241,Private room,2,2,4.5,f,10,67,42,61,0.5,0.5,0.5,4.59511985013459
Haight Ashbury,37.77493,-122.44547,Private room,2,222,4.97,t,0,123,57,51,0.5,0.5,0.5,4.941642422609304
