neighbourhood,latitude,longitude,room_type,accommodates,number_of_reviews,review_scores_rating,host_is_superhost,availability_30,availability_365,amenity_count,bedrooms_per_guest,bathrooms_per_guest,beds_per_guest,geo_cluster,log_price
Western Addition,37.77028,-122.43317,Entire home/apt,3,496,4.89,t,5,224,55,0.3333333333333333,0.3333333333333333,0.6666666666666666,6,5.056245805348308
Bernal Heights,37.74474,-122.42089,Entire home/apt,4,105,4.87,f,22,357,17,0.5,0.5,0.5,13,5.521460917862246
Outer Mission,37.73077,-122.44827,Private room,1,90,4.77,t,0,42,31,1.0,2.0,1.0,5,4.204692619390966
Western Addition,37.77377,-122.43614,Entire home/apt,2,25,4.86,f,1,327,38,0.5,0.75,0.5,6,6.267200548541362
Bayview,37.7175,-122.39698,Private room,2,40,4.97,t,30,363,63,0.5,0.75,0.5,14,4.68213122712422
Nob Hill,37.79249,-122.41499,Entire home/apt,2,18,4.93,f,0,275,17,0.0,0.5,0.5,4,4.605170185988092
Nob Hill,37.7914,-122.41149,Private room,2,43,4.78,t,0,74,52,0.5,0.5,0.5,4,4.31748811353631
Castro/Upper Market,37.76237,-122.42992,Private room,2,518,4.93,f,6,28,18,0.5,0.75,0.5,9,4.59511985013459
Noe Valley,37.74858,-122.42865,Entire home/apt,3,72,4.85,f,0,230,31,0.0,0.3333333333333333,0.6666666666666666,13,4.59511985013459
Western Addition,37.77247,-122.43301,Private room,2,514,4.89,t,6,34,35,0.5,0.5,0.5,6,4.762173934797756
Nob Hill,37.7962,-122.41562,Entire home/apt,2,125,4.88,f,28,363,34,0.5,0.5,0.5,18,5.521460917862246
Potrero Hill,37.75675582885742,-122.4001693725586,Private room,2,413,4.91,t,7,245,51,0.5,0.5,0.5,7,5.181783550292085
Pacific Heights,37.78897,-122.43376,Entire home/apt,4,506,4.86,t,11,186,51,0.25,0.25,0.5,3,5.438079308923196
Glen Park,37.74159,-122.43159,Private room,2,79,4.97,t,13,317,71,0.5,0.5,1.0,13,5.081404364984463
Bernal Heights,37.74038,-122.41327,Entire home/apt,2,93,4.81,f,0,273,32,1.0,0.5,1.5,2,5.087596335232384
Potrero Hill,37.76451,-122.39643,Entire home/apt,2,823,4.96,t,15,324,48,0.5,0.5,0.5,7,5.886104031450156
Mission,37.7617,-122.41887,Entire home/apt,2,108,4.64,t,5,188,31,0.5,0.5,0.5,9,5.081404364984463
Castro/Upper Market,37.76123,-122.43326,Entire home/apt,3,90,4.76,f,0,39,51,0.3333333333333333,0.3333333333333333,0.6666666666666666,9,4.875197323201151
Downtown/Civic Center,37.78887,-122.41306,Entire home/apt,2,30,4.97,t,0,195,57,0.5,0.5,1.0,4,5.187385805840755
Castro/Upper Market,37.76156,-122.42943,Private room,1,123,4.82,f,0,305,9,1.0,1.0,1.0,9,4.30406509320417
Castro/Upper Market,37.76364,-122.42858,Private room,1,17,4.75,f,30,90,10,1.0,1.0,1.0,9,4.356708826689592
Pacific Heights,37.79186,-122.42429,Entire home/apt,2,39,4.88,t,24,258,31,0.5,0.5,0.5,10,4.875197323201151
Pacific Heights,37.79373,-122.42507,Private room,1,167,4.61,t,10,160,18,1.0,1.5,1.0,10,4.174387269895637
Financial District,37.79337,-122.40198,Entire home/apt,2,24,4.52,f,11,327,55,0.5,0.5,1.0,4,4.90527477843843
Pacific Heights,37.79352,-122.42649,Entire home/apt,2,52,4.74,t,26,176,23,0.5,0.5,0.5,10,4.852030263919617
Outer Richmond,37.77927,-122.48432,Entire home/apt,4,13,4.77,t,0,304,58,0.25,0.25,0.5,15,5.135798437050262
Twin Peaks,37.74778,-122.44566,Entire home/apt,4,34,4.81,t,0,260,57,0.25,0.25,0.25,21,4.787491742782046
Bernal Heights,37.74684,-122.41548,Entire home/apt,2,236,4.65,t,1,306,39,0.5,0.5,0.5,20,4.844187086458591
Bernal Heights,37.73482,-122.41559,Entire home/apt,9,27,5.0,t,9,50,36,0.5555555555555556,0.2222222222222222,0.4444444444444444,2,5.8377304471659395
Western Addition,37.77034,-122.43594,Entire home/apt,4,265,4.88,f,0,124,60,0.75,0.5,1.0,6,5.7745515455444085
Mission,37.74921,-122.41422,Entire home/apt,2,444,4.69,t,0,60,31,0.5,0.5,0.5,20,5.572154032177765
Marina,37.80284,-122.42839,Private room,2,79,4.97,t,30,216,45,0.5,0.5,0.5,3,5.043425116919247
Mission,37.75393,-122.42505,Entire home/apt,2,51,4.83,t,0,141,31,0.5,0.5,0.5,13,5.771441123130016
Inner Richmond,37.77585,-122.46413,Entire home/apt,2,76,4.92,t,0,72,39,0.5,0.5,1.0,15,4.382026634673881
Financial District,37.7937,-122.40417,Shared room,8,457,4.62,t,30,271,25,0.125,0.125,1.0,4,3.7376696182833684
Bernal Heights,37.74409,-122.40846,Entire home/apt,2,417,4.95,t,3,190,52,0.5,0.5,0.5,20,5.111987788356544
Financial District,37.7937,-122.40417,Shared room,8,583,4.73,t,30,271,23,0.125,0.125,1.0,4,3.9512437185814275
Glen Park,37.73711,-122.43525,Entire home/apt,2,440,4.89,t,9,142,45,0.5,0.5,0.5,5,4.795790545596741
Mission,37.75585,-122.42081,Private room,1,92,4.73,f,29,364,15,2.0,2.0,1.0,9,4.454347296253507
Western Addition,37.78408,-122.44436,Entire home/apt,4,39,4.85,t,0,207,44,0.25,0.25,0.5,24,4.418840607796598
Western Addition,37.78353,-122.44369,Private room,1,117,4.86,f,7,342,51,1.0,1.0,1.0,24,4.276666119016055
Haight Ashbury,37.76114,-122.44929,Entire home/apt,6,93,4.73,f,30,365,37,0.3333333333333333,0.25,0.3333333333333333,21,5.420534999272286
Pacific Heights,37.79359,-122.42421,Private room,1,143,4.71,t,1,151,22,1.0,1.5,1.0,10,4.189654742026425
West of Twin Peaks,37.73241,-122.46432,Entire home/apt,4,534,4.75,t,14,306,55,0.25,0.25,0.5,19,4.844187086458591
Western Addition,37.77117,-122.43292,Entire home/apt,1,35,4.94,f,0,335,7,1.0,1.0,1.0,6,4.787491742782046
Bernal Heights,37.73987,-122.4234,Private room,2,212,4.82,f,10,250,56,0.5,0.5,0.5,2,4.406719247264253
Inner Richmond,37.78733057405682,-122.4637141571302,Entire home/apt,6,11,4.91,t,7,63,52,0.5,0.5,0.5,15,6.0867747269123065
Inner Richmond,37.77664,-122.45586,Entire home/apt,2,88,4.83,t,0,93,37,0.5,0.5,0.5,24,4.941642422609304
Noe Valley,37.75635,-122.42864,Entire home/apt,8,38,4.92,f,0,221,64,0.5,0.25,0.625,13,6.912742820493176
Pacific Heights,37.79233,-122.42431,Private room,1,124,4.67,t,30,270,22,1.0,1.5,1.0,10,4.07753744390572
Diamond Heights,37.74633,-122.44591,Entire home/apt,4,107,4.6,t,10,254,46,0.5,0.375,0.75,21,5.247024072160486
Marina,37.79961,-122.42771,Entire home/apt,1,121,4.31,t,0,185,33,1.0,1.0,1.0,10,4.812184355372417
Twin Peaks,37.75045,-122.44956,Entire home/apt,2,99,4.19,t,2,329,35,0.5,0.5,0.5,21,4.382026634673881
Mission,37.75981,-122.4188,Entire home/apt,4,135,4.74,t,12,282,29,0.5,0.25,0.5,9,5.0369526024136295
Financial District,37.79203,-122.40284,Entire home/apt,2,33,4.5,t,6,216,32,0.0,0.5,0.5,4,4.442651256490317
Chinatown,37.79175,-122.4045,Entire home/apt,2,58,4.75,t,0,171,30,0.0,0.5,0.5,4,4.59511985013459
Glen Park,37.73604,-122.43777,Entire home/apt,4,371,4.89,t,4,299,40,0.5,0.25,0.5,5,5.564520407322694
Noe Valley,37.75117,-122.42567,Private room,1,63,4.93,f,2,337,7,1.0,0.5,1.0,13,4.605170185988092
Downtown/Civic Center,37.78897,-122.41245,Entire home/apt,2,79,4.77,f,29,364,23,0.5,0.5,0.5,4,5.529429087511423
Russian Hill,37.80121,-122.41339,Entire home/apt,2,684,4.82,f,5,226,47,0.5,0.5,0.5,18,5.017279836814924
Haight Ashbury,37.77255,-122.44985,Private room,2,680,4.72,t,24,357,24,0.5,1.0,0.5,24,4.5217885770490405
Haight Ashbury,37.77085,-122.44814,Private room,4,664,4.63,t,22,352,22,0.25,0.5,0.5,24,4.584967478670572
Haight Ashbury,37.77175,-122.45012,Private room,2,754,4.55,t,12,339,19,0.5,1.0,0.5,24,4.543294782270004
Excelsior,37.72525,-122.43013,Private room,1,138,4.74,f,0,51,39,2.0,2.0,1.0,12,3.9512437185814275
Haight Ashbury,37.77031,-122.44948,Private room,2,625,4.53,t,20,348,24,0.5,1.0,0.5,24,4.356708826689592
Nob Hill,37.79278,-122.41007,Entire home/apt,8,77,4.4,f,5,129,19,0.5,0.5,0.5,4,6.892641641172089
Inner Richmond,37.77608489990234,-122.4555206298828,Private room,1,517,4.88,t,13,323,24,1.0,1.0,1.0,24,4.51085950651685
Haight Ashbury,37.76761,-122.45139,Entire home/apt,2,180,4.79,f,0,90,58,0.5,0.5,0.5,21,5.521460917862246
Outer Sunset,37.7517,-122.5051,Private room,2,222,4.86,t,5,104,34,0.5,0.5,0.5,17,4.382026634673881
Financial District,37.79739,-122.4052,Entire home/apt,4,114,4.44,f,9,344,48,0.25,0.25,0.5,4,4.8283137373023015
Pacific Heights,37.78946,-122.43538,Entire home/apt,6,83,4.9,t,29,346,18,0.5,0.4166666666666667,0.6666666666666666,3,6.802394763324311
North Beach,37.80333,-122.40962,Entire home/apt,5,112,4.94,t,28,166,33,0.4,0.2,0.4,18,6.371611847231857
Western Addition,37.78457,-122.43177,Entire home/apt,2,32,4.7,f,0,335,23,0.5,0.5,0.5,10,5.062595033026967
Haight Ashbury,37.76699,-122.44643,Entire home/apt,6,122,4.73,f,2,301,30,0.5,0.16666666666666666,0.5,21,5.1647859739235145
Western Addition,37.78599,-122.43232,Private room,1,3,5.0,f,0,335,34,1.0,1.0,1.0,10,4.564348191467836
Haight Ashbury,37.77347,-122.44364,Private room,4,484,4.84,t,12,320,55,0.0,0.25,0.5,24,5.0689042022202315
Mission,37.75783,-122.41063,Private room,1,67,4.82,f,1,336,48,1.0,1.0,1.0,20,4.248495242049359
Western Addition,37.77201,-122.4297,Private room,1,27,5.0,t,18,353,42,1.0,1.0,1.0,6,4.499809670330265
Presidio Heights,37.78146,-122.45619,Entire home/apt,2,254,4.81,f,15,165,22,0.5,0.5,1.0,24,4.31748811353631
Mission,37.75121,-122.40993,Private room,1,121,4.54,f,0,332,44,1.0,1.0,1.0,20,3.6888794541139363
Haight Ashbury,37.76646,-122.44425,Entire home/apt,2,480,4.72,t,17,338,29,0.5,0.5,0.5,21,4.812184355372417
Bernal Heights,37.74131,-122.41179,Entire home/apt,5,587,4.84,t,0,225,46,0.0,0.2,0.4,2,4.820281565605037
Pacific Heights,37.79395,-122.42609,Entire home/apt,2,35,4.81,t,0,219,34,0.5,0.5,0.5,10,4.74493212836325
Mission,37.75686,-122.41019,Entire home/apt,3,39,4.77,f,1,260,46,0.3333333333333333,0.3333333333333333,1.0,20,4.770684624465665
Inner Richmond,37.7835,-122.47445,Private room,2,256,4.95,f,12,300,22,0.5,0.5,0.5,15,5.2832037287379885
Castro/Upper Market,37.758919,-122.434776,Private room,1,206,4.91,t,8,308,52,1.0,1.5,1.0,21,4.442651256490317
Castro/Upper Market,37.75891876220703,-122.43477630615234,Private room,1,31,4.86,t,2,300,51,1.0,1.5,1.0,21,4.406719247264253
Outer Sunset,37.7587,-122.5088,Entire home/apt,5,170,4.98,t,2,104,57,0.4,0.4,0.8,17,5.680172609017068
Parkside,37.74033,-122.47144,Entire home/apt,2,453,4.84,f,25,359,28,0.5,0.25,0.5,22,5.075173815233827
Russian Hill,37.80109,-122.41385,Entire home/apt,10,103,4.61,f,15,245,58,0.3,0.25,0.4,18,6.023447592961033
Excelsior,37.72369,-122.42865,Private room,4,165,4.92,t,14,111,68,0.5,0.25,0.5,12,4.442651256490317
Potrero Hill,37.75512313842773,-122.3990478515625,Entire home/apt,5,41,4.44,f,7,266,58,0.6,0.4,0.8,7,5.459585514144159
Mission,37.75884,-122.42232,Entire home/apt,2,207,4.78,t,0,239,30,0.5,0.5,0.5,9,4.867534450455582
Outer Richmond,37.77988,-122.48488,Entire home/apt,4,274,4.7,t,5,325,35,0.25,0.25,0.5,15,4.976733742420574
Bayview,37.73852,-122.39215,Private room,1,11,4.82,f,28,88,30,1.0,1.5,1.0,14,4.465908118654584
Bernal Heights,37.73466,-122.41694,Entire home/apt,8,28,4.93,f,3,159,56,0.5,0.3125,0.75,2,6.003887067106539
Castro/Upper Market,37.75714,-122.43419,Entire home/apt,2,9,4.78,t,0,330,44,0.5,0.5,0.5,13,4.941642422609304
Noe Valley,37.74402,-122.43729,Entire home/apt,2,249,4.91,t,2,26,40,0.5,0.5,0.5,13,4.736198448394496
Inner Richmond,37.77689,-122.45594,Entire home/apt,6,50,4.96,f,0,5,47,0.5,0.3333333333333333,0.5,24,6.163314804034641
Bernal Heights,37.74403,-122.41755,Private room,2,319,4.98,t,2,129,45,1.0,0.5,1.0,20,4.430816798843313
Outer Mission,37.73218,-122.43726,Private room,1,449,4.92,t,3,316,27,1.0,1.0,1.0,5,4.442651256490317
Haight Ashbury,37.76829,-122.43968,Entire home/apt,4,13,5.0,f,0,304,72,0.5,0.5,0.75,6,6.104793232414985
Inner Sunset,37.76459,-122.45483,Entire home/apt,4,51,4.84,f,0,173,64,0.5,0.25,0.5,21,4.997212273764115
Russian Hill,37.79769,-122.41155,Entire home/apt,5,39,4.82,t,22,357,88,0.4,0.2,0.8,18,5.780743515792329
Mission,37.75594,-122.41105,Private room,1,92,4.63,f,0,192,45,1.0,1.0,1.0,20,4.454347296253507
Western Addition,37.7699,-122.42917,Private room,2,432,4.92,t,2,318,40,0.5,0.75,0.5,6,4.74493212836325
Haight Ashbury,37.76864,-122.45267,Entire home/apt,6,75,4.89,f,29,351,37,0.5,0.4166666666666667,0.5,24,7.150701457592526
South of Market,37.78097,-122.40628,Entire home/apt,4,60,4.75,t,14,74,53,0.25,0.25,0.25,4,5.10594547390058
Outer Mission,37.73175,-122.44106,Private room,6,91,4.76,f,30,180,56,0.16666666666666666,0.16666666666666666,0.16666666666666666,5,4.852030263919617
Bernal Heights,37.74584,-122.42412,Entire home/apt,4,5,5.0,f,15,107,29,0.25,0.25,0.5,13,4.59511985013459
Bernal Heights,37.74762,-122.41584,Entire home/apt,3,136,4.8,f,0,179,52,0.3333333333333333,0.3333333333333333,0.3333333333333333,20,5.204006687076795
Bernal Heights,37.74189,-122.41902,Private room,2,382,4.82,t,12,127,23,0.5,0.5,0.5,2,4.3694478524670215
Bayview,37.74444,-122.40408,Private room,2,400,4.97,f,1,211,31,0.5,0.5,0.5,20,4.553876891600541
Mission,37.7562,-122.40944,Entire home/apt,5,57,4.81,f,6,291,35,0.4,0.3,0.8,20,5.375278407684165
Mission,37.75292,-122.4186,Private room,2,542,4.74,t,9,339,38,0.5,0.5,0.5,20,4.394449154672439
Inner Sunset,37.76618,-122.45311,Entire home/apt,4,9,4.5,f,0,173,52,0.5,0.25,0.5,21,4.997212273764115
Haight Ashbury,37.77426,-122.45376,Entire home/apt,2,557,4.94,t,2,174,46,0.5,0.5,0.5,24,5.056245805348308
Pacific Heights,37.79156,-122.44492,Entire home/apt,5,0,0.0,f,1,148,28,0.4,0.5,0.0,3,5.480638923341991
Potrero Hill,37.76497,-122.39798,Entire home/apt,4,106,4.9,t,9,273,43,0.5,0.5,0.5,7,6.0063531596017325
West of Twin Peaks,37.73993,-122.4686,Entire home/apt,2,592,4.83,t,0,102,37,0.5,0.5,0.5,22,4.3694478524670215
Inner Richmond,37.77739,-122.46161,Entire home/apt,2,342,4.77,t,2,210,37,0.5,0.5,1.0,15,5.087596335232384
Noe Valley,37.7527,-122.43294,Entire home/apt,5,270,4.72,f,9,344,37,0.2,0.2,0.2,13,5.288267030694535
Noe Valley,37.74988,-122.4355,Entire home/apt,2,516,4.92,t,6,281,33,0.5,0.5,0.5,13,5.0689042022202315
Noe Valley,37.75277,-122.43517,Entire home/apt,7,146,4.86,f,21,356,40,0.2857142857142857,0.14285714285714285,0.42857142857142855,13,5.472270673671475
North Beach,37.80074,-122.41048,Entire home/apt,6,209,4.95,t,0,92,38,0.3333333333333333,0.16666666666666666,0.5,18,5.820082930352362
Russian Hill,37.80592,-122.41902,Entire home/apt,5,228,4.68,f,11,296,23,0.4,0.2,0.8,18,5.8289456176102075
Haight Ashbury,37.77234,-122.44622,Entire home/apt,5,186,4.97,t,27,210,79,0.2,0.2,0.6,24,5.225746673713202
Marina,37.80304,-122.44187,Entire home/apt,3,32,4.88,t,0,243,55,0.3333333333333333,0.3333333333333333,0.6666666666666666,3,4.990432586778736
West of Twin Peaks,37.74412,-122.45273,Entire home/apt,8,172,4.85,f,0,243,69,0.375,0.25,0.625,19,5.877735781779639
Mission,37.75796,-122.40913,Private room,2,163,4.79,f,6,140,45,0.5,0.5,0.5,20,4.61512051684126
Mission,37.76034,-122.42394,Private room,2,510,4.88,t,12,247,45,0.5,1.0,0.5,9,4.990432586778736
Western Addition,37.77099,-122.43355,Entire home/apt,3,422,4.96,t,6,316,17,0.3333333333333333,0.3333333333333333,0.6666666666666666,6,5.0106352940962555
Marina,37.80013,-122.42542,Private room,1,25,4.96,f,30,62,22,2.0,1.0,1.0,10,4.3694478524670215
Outer Mission,37.72979,-122.44791,Private room,1,13,4.77,f,0,58,34,1.0,1.0,1.0,5,3.9318256327243257
Western Addition,37.77094,-122.43078,Private room,1,4,4.75,f,10,60,18,1.0,2.0,1.0,6,4.406719247264253
Western Addition,37.77028,-122.43156,Entire home/apt,4,68,4.62,f,0,21,67,0.5,0.25,1.0,6,5.41610040220442
Chinatown,37.790672,-122.407249,Entire home/apt,2,10,4.4,f,0,140,23,0.5,0.5,0.5,4,4.890349128221754
Mission,37.76121,-122.41922,Private room,1,329,5.0,t,3,325,69,1.0,1.0,1.0,9,4.68213122712422
Castro/Upper Market,37.76728,-122.43866,Private room,2,551,4.83,t,9,65,43,0.5,0.5,0.5,6,4.584967478670572
Mission,37.76076,-122.4241,Entire home/apt,5,38,4.79,f,21,125,45,0.6,0.4,0.6,9,5.978885764901122
Russian Hill,37.80492,-122.41994,Private room,1,281,4.81,t,28,337,21,1.0,1.0,1.0,18,4.532599493153256
Western Addition,37.77128,-122.43393,Entire home/apt,4,11,4.64,f,0,21,66,0.5,0.25,1.0,6,5.493061443340548
Potrero Hill,37.7577,-122.39958,Entire home/apt,5,98,4.8,t,6,251,30,0.4,0.2,0.4,7,5.820082930352362
Mission,37.75007,-122.41837,Private room,2,230,4.88,t,5,244,35,0.5,0.5,1.0,20,4.2626798770413155
Potrero Hill,37.76553,-122.39614,Entire home/apt,2,656,4.97,t,15,328,45,0.5,0.5,0.5,7,5.66988092298052
Mission,37.77025,-122.42193,Entire home/apt,2,46,4.3,f,5,229,24,0.5,0.5,0.5,9,4.7535901911063645
Presidio Heights,37.78421,-122.45896,Entire home/apt,4,247,4.81,t,13,323,55,0.25,0.25,0.5,24,5.521460917862246
Bayview,37.73457,-122.39348,Private room,1,54,4.9,t,13,348,53,1.0,1.0,1.0,14,4.189654742026425
Inner Richmond,37.77815,-122.45789,Entire home/apt,2,293,4.78,t,14,83,33,0.5,0.5,0.5,24,4.890349128221754
North Beach,37.80017,-122.40334,Entire home/apt,2,93,4.7,f,3,338,21,0.5,0.5,0.5,18,5.332718793265369
Potrero Hill,37.76249,-122.40307,Entire home/apt,2,175,4.98,t,5,249,37,0.5,0.5,0.5,7,5.247024072160486
Outer Sunset,37.7516,-122.50727,Entire home/apt,10,125,4.69,t,21,242,47,0.4,0.2,0.6,17,6.643789733147672
Haight Ashbury,37.77082,-122.44825,Private room,1,768,4.52,t,7,327,21,1.0,2.0,1.0,24,3.970291913552122
Outer Sunset,37.75939,-122.50664,Private room,2,296,4.97,t,2,193,36,0.5,0.5,0.5,17,4.700480365792417
Mission,37.761097,-122.424545,Private room,2,472,4.9,t,12,180,51,0.5,0.5,0.5,9,4.442651256490317
Russian Hill,37.80463,-122.42012,Entire home/apt,4,22,4.95,f,0,153,18,0.5,0.25,0.75,18,5.746203190540153
Bernal Heights,37.74372,-122.40828,Entire home/apt,2,93,4.31,f,0,90,44,0.5,0.5,0.5,20,4.553876891600541
Mission,37.75217,-122.40954,Private room,2,101,4.59,f,0,184,12,0.5,0.75,0.5,20,4.31748811353631
Outer Mission,37.7305,-122.45194,Entire home/apt,5,79,4.95,t,11,167,42,0.6,0.4,0.6,5,5.955837369464831
Western Addition,37.77025,-122.43231,Entire home/apt,6,140,5.0,t,0,27,57,0.5,0.5,0.6666666666666666,6,6.5337888379333435
Noe Valley,37.74498,-122.4367,Entire home/apt,4,103,4.77,f,0,30,41,0.5,0.25,0.5,13,5.303304908059076
Western Addition,37.77827,-122.43053,Entire home/apt,4,69,4.78,f,4,103,37,1.0,0.375,1.0,6,5.1647859739235145
Western Addition,37.785438,-122.4441794,Entire home/apt,2,14,5.0,t,3,319,41,0.5,1.0,0.5,24,5.5134287461649825
Bernal Heights,37.74565,-122.41281,Entire home/apt,7,5,4.6,f,0,66,30,0.5714285714285714,0.42857142857142855,0.5714285714285714,20,6.259581464064923
Parkside,37.7435,-122.48473,Entire home/apt,1,44,4.48,t,0,335,38,1.0,1.0,1.0,22,4.330733340286331
Castro/Upper Market,37.75954,-122.43823,Entire home/apt,9,6,5.0,f,0,143,27,0.5555555555555556,0.3888888888888889,0.5555555555555556,21,6.429719478039138
North Beach,37.80069,-122.40586,Entire home/apt,4,128,4.94,t,0,299,43,0.5,0.375,0.5,18,5.0106352940962555
Nob Hill,37.79104,-122.41551,Entire home/apt,2,31,4.87,f,0,203,26,0.5,0.5,0.5,4,4.74493212836325
West of Twin Peaks,37.73386,-122.4638,Private room,2,129,4.64,t,29,269,25,0.5,1.5,0.5,19,4.174387269895637
Outer Mission,37.73411,-122.44805,Private room,1,24,4.83,f,28,363,53,1.0,1.0,1.0,5,4.174387269895637
Mission,37.76408,-122.42047,Entire home/apt,3,24,4.54,f,0,179,34,0.6666666666666666,0.3333333333333333,0.6666666666666666,9,4.762173934797756
Castro/Upper Market,37.76067,-122.4389,Private room,4,12,5.0,t,28,168,63,0.5,0.25,0.5,21,5.817111159963204
Castro/Upper Market,37.76018,-122.4402,Entire home/apt,8,138,4.88,t,28,168,37,0.375,0.25,0.75,21,6.648984550024776
Marina,37.80494,-122.44457,Entire home/apt,5,42,4.88,f,0,325,60,0.6,0.4,0.6,3,5.953243334287785
South of Market,37.78002548217773,-122.40237426757812,Entire home/apt,4,74,4.82,t,5,207,64,0.5,0.25,0.5,1,5.616771097666572
Potrero Hill,37.75968,-122.39212,Entire home/apt,6,48,4.81,t,11,202,64,0.5,0.3333333333333333,0.5,7,6.253828811575473
Russian Hill,37.79819,-122.41816,Entire home/apt,4,20,4.75,f,6,59,33,0.5,0.25,0.5,18,6.152732694704104
Bernal Heights,37.73483,-122.41838,Entire home/apt,8,53,4.79,f,0,0,47,0.375,0.25,0.5,2,5.796057750765372
Glen Park,37.74184,-122.42423,Private room,2,105,4.85,t,20,20,49,0.5,0.5,0.5,2,4.290459441148391
Inner Richmond,37.78528,-122.47445,Entire home/apt,6,892,4.75,t,0,238,46,0.3333333333333333,0.16666666666666666,0.5,15,5.236441962829949
Marina,37.80497,-122.4369,Entire home/apt,6,54,4.96,t,30,349,71,0.5,0.4166666666666667,0.6666666666666666,3,7.086737934510577
Western Addition,37.76965,-122.43532,Entire home/apt,4,6,4.83,f,0,219,43,0.5,0.5,0.5,6,7.00397413672268
Castro/Upper Market,37.7651,-122.43541,Private room,2,579,4.94,t,9,314,55,0.5,0.5,0.5,6,4.653960350157523
Castro/Upper Market,37.75655,-122.43645,Entire home/apt,5,7,5.0,f,0,273,65,0.6,0.5,0.8,21,6.551080335043404
Western Addition,37.77811,-122.43639,Private room,2,510,4.88,t,8,318,65,0.5,0.75,0.5,6,4.634728988229636
Inner Richmond,37.78517,-122.46989,Entire home/apt,2,171,4.78,t,8,217,22,0.5,0.5,0.5,15,4.804021044733257
Outer Mission,37.73232,-122.44834,Private room,1,12,4.75,f,29,269,57,2.0,1.0,2.0,5,4.0943445622221
Pacific Heights,37.78992,-122.43446,Entire home/apt,2,144,4.92,t,6,294,30,0.5,0.5,0.5,3,5.099866427824199
Mission,37.75444,-122.42473,Entire home/apt,2,42,4.7,f,27,362,39,1.0,0.5,0.5,13,4.787491742782046
West of Twin Peaks,37.73222,-122.46171,Private room,4,295,4.88,t,26,165,54,0.5,0.25,0.75,19,4.990432586778736
Bernal Heights,37.74705962796416,-122.40637427869824,Entire home/apt,2,207,4.9,t,6,36,34,0.5,0.5,0.5,20,4.634728988229636
Mission,37.76914609363946,-122.4246020456868,Entire home/apt,2,454,4.97,t,4,139,46,0.0,0.5,0.5,9,5.2832037287379885
West of Twin Peaks,37.73217,-122.46167,Private room,2,228,4.92,t,15,219,58,0.5,0.5,0.5,19,4.997212273764115
Noe Valley,37.75005,-122.43078,Entire home/apt,2,41,4.85,f,0,311,33,0.5,0.5,0.5,13,5.717027701406222
Castro/Upper Market,37.76006,-122.43424,Entire home/apt,2,150,4.91,t,4,328,60,0.5,0.5,1.0,21,5.342334251964811
Noe Valley,37.74859,-122.4318,Entire home/apt,6,127,4.98,t,0,54,54,0.5,0.3333333333333333,0.5,13,6.856461984594587
Castro/Upper Market,37.76581954956055,-122.43441772460938,Private room,1,182,4.9,t,9,344,35,1.0,2.0,1.0,6,4.836281906951478
Western Addition,37.77683,-122.43633,Entire home/apt,5,85,4.96,f,0,13,44,0.6,0.4,0.6,6,6.331501849893691
Inner Richmond,37.77838,-122.46129,Entire home/apt,6,444,4.48,t,16,228,43,0.16666666666666666,0.16666666666666666,0.5,15,4.875197323201151
Crocker Amazon,37.70942,-122.43542,Entire home/apt,2,344,4.92,t,9,235,77,0.5,0.5,0.5,12,4.74493212836325
Western Addition,37.77127,-122.42945,Private room,3,596,4.93,t,6,284,67,0.6666666666666666,0.5,0.6666666666666666,6,4.727387818712341
Haight Ashbury,37.76636,-122.44887,Entire home/apt,4,328,4.98,t,6,261,40,0.25,0.25,0.5,21,5.407171771460119
Bernal Heights,37.73863,-122.41713,Entire home/apt,4,216,4.87,t,3,98,41,0.5,0.25,0.5,2,4.955827057601261
Nob Hill,37.79211,-122.41867,Entire home/apt,2,138,4.78,t,9,136,59,0.0,0.5,1.0,10,4.787491742782046
Bernal Heights,37.74778,-122.4045,Entire home/apt,4,411,4.63,f,0,3,51,0.25,0.25,0.5,20,5.308267697401205
Marina,37.7985,-122.43025,Entire home/apt,5,239,4.9,t,0,262,58,0.6,0.3,0.6,3,6.7226297948554485
Outer Mission,37.72817,-122.45077,Entire home/apt,4,453,4.96,t,2,236,32,0.5,0.25,0.75,5,5.003946305945459
Potrero Hill,37.759933,-122.404805,Entire home/apt,4,301,4.66,f,24,299,58,0.5,0.25,0.5,7,5.375278407684165
Pacific Heights,37.78792,-122.44379,Entire home/apt,3,215,4.8,t,0,327,29,0.3333333333333333,0.3333333333333333,0.3333333333333333,24,5.087596335232384
North Beach,37.80101,-122.4022,Private room,2,24,4.71,t,30,365,6,0.5,0.5,0.5,18,5.0106352940962555
Outer Mission,37.73139151424886,-122.44769532233477,Entire home/apt,4,51,4.98,t,0,57,41,0.25,0.25,0.75,5,5.209486152841421
Potrero Hill,37.75956,-122.40186,Entire home/apt,2,534,4.72,t,11,321,29,0.0,0.5,0.5,7,5.087596335232384
Haight Ashbury,37.76545,-122.44938,Private room,1,226,4.8,t,1,254,67,2.0,1.5,1.0,21,4.454347296253507
Western Addition,37.7811,-122.44389,Private room,2,125,4.97,t,16,338,43,0.5,0.5,0.5,24,5.153291594497779
Mission,37.76023,-122.40916,Private room,2,371,4.93,t,7,158,21,0.5,0.5,0.5,20,4.8283137373023015
Excelsior,37.72686,-122.42014,Private room,2,242,4.02,t,0,324,47,0.5,0.5,0.5,2,4.04305126783455
Excelsior,37.72526,-122.4187,Private room,2,148,4.46,t,0,229,71,0.5,0.5,0.5,2,4.290459441148391
West of Twin Peaks,37.73875,-122.46224,Entire home/apt,4,144,4.91,t,17,341,46,0.5,0.25,0.75,19,5.41610040220442
Outer Richmond,37.77878,-122.48282,Entire home/apt,2,336,4.92,t,2,208,47,0.5,0.5,1.5,15,5.198497031265826
Twin Peaks,37.74725,-122.44512,Entire home/apt,4,0,0.0,t,0,139,76,0.5,0.5,0.75,21,5.293304824724492
Castro/Upper Market,37.75853508422632,-122.42777546480896,Entire home/apt,5,292,4.94,t,14,292,37,0.6,0.5,0.6,9,6.297109319933935
South of Market,37.78801727294922,-122.38972473144533,Entire home/apt,4,34,4.64,f,0,259,45,0.5,0.5,0.5,1,5.247024072160486
Western Addition,37.78785,-122.4319,Entire home/apt,8,15,4.8,t,8,34,67,0.5,0.4375,0.5,10,7.600902459542082
Western Addition,37.773834228515625,-122.42719268798828,Entire home/apt,2,860,4.91,t,10,59,49,0.5,0.5,0.5,6,5.0106352940962555
Nob Hill,37.79484,-122.41188,Entire home/apt,2,11,4.91,t,0,97,41,0.5,0.5,0.5,4,5.10594547390058
Bernal Heights,37.74043,-122.41299,Entire home/apt,2,370,4.95,t,16,351,61,0.0,0.5,0.5,2,5.2574953720277815
Potrero Hill,37.76321,-122.39799,Entire home/apt,2,336,4.82,f,4,132,42,0.5,0.5,0.5,7,5.424950017481403
Western Addition,37.77848,-122.44118,Private room,2,333,4.97,t,12,15,68,0.5,0.5,0.5,24,4.74493212836325
Castro/Upper Market,37.75759,-122.42569,Entire home/apt,7,188,4.75,t,7,120,37,0.5714285714285714,0.2857142857142857,0.8571428571428571,9,5.991464547107982
West of Twin Peaks,37.73545,-122.46474,Private room,1,236,4.74,t,29,364,29,1.0,3.0,1.0,19,4.04305126783455
South of Market,37.77985,-122.40496,Entire home/apt,2,121,4.63,f,0,210,44,0.5,0.5,0.5,1,5.0689042022202315
Noe Valley,37.75259,-122.42552,Entire home/apt,2,31,4.97,t,29,269,50,0.5,0.5,0.5,13,5.0106352940962555
Mission,37.76953,-122.4251,Entire home/apt,2,3,4.0,f,3,93,31,1.0,1.0,0.5,9,5.272999558563747
Inner Richmond,37.77643446823986,-122.4703525163174,Entire home/apt,2,427,4.91,t,3,12,38,0.5,0.5,1.0,15,5.176149732573829
Nob Hill,37.79424,-122.41493,Entire home/apt,2,200,4.76,t,18,30,32,0.5,0.5,0.5,4,4.6913478822291435
Marina,37.79824,-122.43483,Entire home/apt,4,9,4.89,t,0,186,11,0.5,0.5,0.5,3,5.598421958998375
Potrero Hill,37.76391,-122.3934,Entire home/apt,4,557,4.98,t,3,319,32,0.25,0.25,0.25,7,5.476463551931511
Western Addition,37.7757,-122.42966,Entire home/apt,4,162,4.81,t,10,262,49,0.5,0.5,0.5,6,5.003946305945459
Pacific Heights,37.79082,-122.43561,Entire home/apt,8,90,4.91,f,0,0,59,0.5,0.4375,0.5,3,6.79794041297493
Bayview,37.71926,-122.39355,Entire home/apt,6,20,4.8,f,28,137,23,0.3333333333333333,0.16666666666666666,0.3333333333333333,14,4.574710978503383
North Beach,37.80126,-122.40576,Entire home/apt,6,8,4.75,f,0,218,64,0.3333333333333333,0.16666666666666666,0.5,18,5.135798437050262
Mission,37.7539,-122.42339,Private room,1,132,4.79,f,3,223,26,1.0,1.5,1.0,13,4.532599493153256
Noe Valley,37.74231,-122.42687,Entire home/apt,4,122,4.96,t,0,53,50,0.5,0.375,0.75,13,5.318119993844216
Western Addition,37.78645,-122.43827,Entire home/apt,6,252,4.82,t,0,89,56,0.5,0.4166666666666667,0.5,3,6.476972362889683
Western Addition,37.77914,-122.43591,Entire home/apt,2,129,4.72,t,0,119,24,0.0,0.5,0.5,6,4.532599493153256
Excelsior,37.72253,-122.40874,Entire home/apt,3,311,4.83,t,13,341,79,0.3333333333333333,0.3333333333333333,0.6666666666666666,14,4.836281906951478
Mission,37.7548,-122.41119,Entire home/apt,2,32,4.91,f,0,14,60,0.5,0.5,0.5,20,4.882801922586371
Mission,37.76081,-122.41894,Private room,4,292,4.71,t,11,239,29,0.25,0.25,0.5,9,4.836281906951478
Bernal Heights,37.74035,-122.42012,Entire home/apt,2,39,4.49,f,25,360,38,0.5,0.5,0.5,2,5.135798437050262
South of Market,37.78627,-122.39069,Entire home/apt,2,31,5.0,f,0,262,48,0.0,0.5,0.5,1,5.030437921392435
Bernal Heights,37.73963,-122.41492,Private room,2,274,4.83,t,5,281,43,0.5,0.5,0.5,2,4.68213122712422
Bernal Heights,37.73925,-122.42,Entire home/apt,5,11,4.55,f,0,335,46,0.6,0.4,0.6,2,5.948034989180646
Haight Ashbury,37.77285,-122.45212,Entire home/apt,6,232,4.97,t,7,309,75,0.5,0.16666666666666666,0.5,24,6.464588303689961
Outer Mission,37.73234,-122.44256,Private room,2,459,4.9,t,9,334,64,0.5,0.5,1.0,5,4.77912349311153
Mission,37.75979232788086,-122.41967010498048,Entire home/apt,2,202,4.54,t,7,308,29,0.5,0.5,0.5,9,4.718498871295094
Mission,37.76155,-122.42443,Private room,2,82,4.8,f,30,365,4,0.5,0.5,0.5,9,4.605170185988092
Mission,37.74948,-122.42253,Private room,2,189,4.93,t,24,264,37,0.5,0.5,0.5,13,4.276666119016055
Golden Gate Park,37.77291,-122.46279,Private room,2,244,4.82,t,20,324,67,0.5,0.75,0.5,15,4.8283137373023015
Potrero Hill,37.75888,-122.39843,Entire home/apt,2,133,4.88,t,0,144,55,0.5,0.5,0.5,7,4.844187086458591
Presidio,37.801,-122.44779,Private room,2,545,4.91,t,16,339,57,0.5,1.0,0.5,3,5.043425116919247
Excelsior,37.73123,-122.42182,Private room,1,28,4.71,f,0,240,30,1.0,2.0,1.0,2,3.6375861597263857
West of Twin Peaks,37.72816,-122.45817,Private room,4,187,4.61,t,28,340,35,0.5,0.25,0.5,19,5.293304824724492
Bernal Heights,37.73867,-122.41935,Entire home/apt,13,0,0.0,t,0,9,49,0.5384615384615384,0.23076923076923078,0.6153846153846154,2,6.326149473155099
Haight Ashbury,37.76726,-122.4453,Entire home/apt,3,157,4.76,f,5,208,27,0.3333333333333333,0.3333333333333333,0.3333333333333333,21,4.700480365792417
Bernal Heights,37.74707,-122.40607,Entire home/apt,3,275,4.89,f,12,328,16,0.3333333333333333,0.3333333333333333,0.3333333333333333,20,4.90527477843843
Bernal Heights,37.74038314819336,-122.42191314697266,Private room,2,656,4.93,t,17,338,60,0.5,0.5,1.0,2,4.962844630259907
Mission,37.76605,-122.41669,Private room,2,409,4.78,t,1,234,29,0.5,1.0,0.5,9,4.787491742782046
Mission,37.7675,-122.41514,Private room,2,290,4.77,t,11,251,25,0.5,1.0,0.5,9,4.48863636973214
Mission,37.76458,-122.41571,Private room,2,377,4.76,t,7,242,25,0.5,1.0,0.5,9,4.727387818712341
Mission,37.76538,-122.41461,Private room,2,364,4.76,t,3,239,29,0.5,1.0,0.5,9,4.762173934797756
Inner Richmond,37.77842,-122.46802,Private room,2,546,4.84,t,10,337,38,0.5,0.5,1.0,15,4.276666119016055
Western Addition,37.77432,-122.43644,Private room,2,558,4.96,t,11,222,59,0.5,0.5,0.5,6,4.709530201312334
Outer Sunset,37.7472,-122.50567,Entire home/apt,4,181,4.9,t,18,165,54,0.5,0.25,0.75,17,5.560681631015528
North Beach,37.80008,-122.4056,Entire home/apt,6,105,4.72,t,21,356,53,0.16666666666666666,0.16666666666666666,0.3333333333333333,18,5.135798437050262
Pacific Heights,37.79344,-122.43571,Entire home/apt,4,41,4.46,t,0,9,14,0.5,0.25,1.5,3,6.39024066706535
Downtown/Civic Center,37.78747,-122.41127,Private room,2,20,5.0,f,0,2,16,0.5,0.5,0.5,4,5.521460917862246
Marina,37.79793,-122.4418,Private room,4,87,4.98,t,4,108,34,0.25,0.375,0.25,3,6.345636360828596
Presidio,37.79802,-122.44742,Entire home/apt,2,26,4.88,t,0,242,48,0.0,0.5,0.5,3,5.4116460518550396
Western Addition,37.78639,-122.44565,Private room,3,523,4.93,t,0,263,26,0.6666666666666666,0.3333333333333333,0.6666666666666666,24,5.231108616854587
Downtown/Civic Center,37.78803610007067,-122.4081741289608,Private room,2,20,4.85,t,19,169,39,0.5,0.5,0.5,4,4.844187086458591
Nob Hill,37.79228,-122.41575,Entire home/apt,6,20,4.4,f,30,365,22,0.6666666666666666,0.3333333333333333,0.6666666666666666,4,5.953243334287785
Glen Park,37.73862,-122.42717,Entire home/apt,4,19,4.89,f,0,282,18,0.25,0.25,0.5,2,4.727387818712341
South of Market,37.78444,-122.3938,Entire home/apt,2,54,4.65,t,0,229,50,0.5,0.5,0.5,1,4.852030263919617
Western Addition,37.77703,-122.44039,Private room,2,310,4.81,t,7,314,50,0.5,0.5,1.0,24,4.553876891600541
Noe Valley,37.75322,-122.43647,Entire home/apt,2,185,4.89,t,11,345,32,0.5,0.5,0.5,13,5.7430031878094825
Bernal Heights,37.74199,-122.42103,Entire home/apt,2,542,4.91,t,3,193,40,0.5,0.5,0.5,2,5.19295685089021
West of Twin Peaks,37.74193,-122.46531,Entire home/apt,2,567,4.82,t,1,109,36,0.5,0.5,0.5,19,4.30406509320417
Marina,37.80132,-122.43092,Entire home/apt,4,66,4.88,f,30,365,33,0.5,0.375,0.75,3,6.182084906716632
Western Addition,37.77698,-122.44192,Entire home/apt,4,82,4.48,t,6,80,61,0.5,0.25,0.5,24,5.459585514144159
Nob Hill,37.793583,-122.41539,Entire home/apt,2,18,4.24,f,1,336,14,0.0,0.5,0.5,4,4.605170185988092
Potrero Hill,37.76182,-122.40388,Entire home/apt,5,3,5.0,t,1,247,46,0.6,0.5,0.6,7,5.62040086571715
Downtown/Civic Center,37.78907,-122.40965,Private room,4,34,5.0,f,24,166,26,0.25,0.25,0.5,4,5.666426688112432
Inner Richmond,37.78611755371094,-122.47742462158205,Entire home/apt,4,296,4.94,t,10,280,53,0.25,0.25,0.75,15,5.187385805840755
Golden Gate Park,37.77353,-122.45986,Private room,2,244,4.83,t,1,329,64,0.5,0.75,0.5,24,4.8283137373023015
Russian Hill,37.79979,-122.42008,Entire home/apt,6,72,4.97,f,15,316,61,0.5,0.3333333333333333,0.5,18,6.5998704992128365
Haight Ashbury,37.76791,-122.44643,Entire home/apt,3,528,4.86,t,10,51,30,0.3333333333333333,0.3333333333333333,0.3333333333333333,21,4.962844630259907
Haight Ashbury,37.76841,-122.45009,Entire home/apt,2,145,4.67,t,0,160,27,0.5,0.5,0.5,21,4.59511985013459
Castro/Upper Market,37.7563,-122.43416,Entire home/apt,6,385,4.92,t,6,206,31,0.5,0.4166666666666667,0.5,13,6.26530121273771
Russian Hill,37.80232,-122.41871,Entire home/apt,2,415,4.9,t,6,197,44,0.5,0.5,0.5,18,5.351858133476067
Haight Ashbury,37.76342,-122.4483,Entire home/apt,1,86,4.69,f,29,89,38,1.0,1.0,1.0,21,5.198497031265826
Noe Valley,37.75183,-122.44259,Entire home/apt,2,2,5.0,f,0,148,39,0.5,0.5,0.0,21,4.6913478822291435
Castro/Upper Market,37.75765,-122.42953,Entire home/apt,2,39,4.59,f,27,362,27,0.5,0.5,0.5,13,4.941642422609304
Twin Peaks,37.75255,-122.45248,Entire home/apt,6,46,5.0,f,15,68,47,0.5,0.3333333333333333,0.5,21,5.4638318050256105
Russian Hill,37.79887,-122.41086,Entire home/apt,4,120,4.93,t,7,16,51,0.5,0.375,0.75,18,5.752572638825633
Bernal Heights,37.73281,-122.42668,Private room,1,28,4.96,f,0,255,31,1.0,2.0,1.0,2,4.31748811353631
Western Addition,37.77727,-122.44638,Private room,2,81,4.9,f,0,209,56,0.5,0.5,0.5,24,5.4638318050256105
Inner Richmond,37.78004,-122.44906,Entire home/apt,2,44,4.55,t,2,257,25,0.0,0.5,0.5,24,4.30406509320417
Castro/Upper Market,37.75809,-122.44163,Private room,2,166,4.92,t,2,10,57,0.5,0.5,0.5,21,4.927253685157205
Mission,37.76919213533054,-122.42515023874851,Entire home/apt,5,97,4.98,t,0,9,69,0.4,0.3,0.6,9,5.991464547107982
Glen Park,37.73389,-122.4324,Entire home/apt,10,227,4.78,t,1,241,61,0.3,0.2,0.5,5,6.1092475827643655
Mission,37.75394,-122.42226,Private room,2,249,4.99,t,3,33,41,0.5,0.5,0.5,13,4.875197323201151
Bernal Heights,37.74356,-122.4094,Private room,6,150,4.93,t,12,304,76,0.3333333333333333,0.16666666666666666,0.8333333333333334,20,5.616771097666572
Presidio,37.80954,-122.4767,Private room,2,244,4.86,f,27,362,27,0.5,0.5,0.5,15,5.857933154483459
Outer Sunset,37.75723,-122.50596,Entire home/apt,2,420,4.88,t,13,331,25,0.0,0.5,0.5,17,4.90527477843843
Russian Hill,37.79825,-122.41366,Entire home/apt,4,122,4.94,f,0,108,48,0.5,0.25,0.5,18,4.90527477843843
Haight Ashbury,37.77493,-122.44547,Private room,2,222,4.97,t,0,123,57,0.5,0.5,0.5,24,4.941642422609304
Castro/Upper Market,37.76448,-122.44312,Private room,2,552,4.95,t,13,280,47,0.5,0.5,0.5,21,5.049856007249537
Haight Ashbury,37.76732,-122.44858,Entire home/apt,8,78,4.91,t,7,310,49,0.375,0.1875,0.5,21,5.541263545158426
Marina,37.79712,-122.44556,Entire home/apt,4,9,5.0,f,0,258,50,0.75,0.5,0.75,3,5.926926025970411
Russian Hill,37.8001751473809,-122.41466614408216,Entire home/apt,5,29,4.93,f,6,239,61,0.6,0.4,0.6,18,6.856461984594587
Twin Peaks,37.74764,-122.44752,Entire home/apt,6,42,4.88,f,23,353,28,0.5,0.3333333333333333,0.5,21,6.304448802421981
Potrero Hill,37.76054,-122.39221,Entire home/apt,2,164,4.87,t,11,197,49,0.5,0.5,0.5,7,5.0369526024136295
Noe Valley,37.74248,-122.4251,Entire home/apt,2,248,4.75,t,2,312,45,0.0,0.5,0.5,13,5.0106352940962555
Outer Sunset,37.76359,-122.49762,Entire home/apt,4,835,4.82,t,2,268,62,0.5,0.25,0.75,17,5.393627546352362
Marina,37.79812,-122.43654,Private room,2,521,4.88,t,4,84,42,0.5,0.5,0.5,3,4.890349128221754
Mission,37.7673,-122.41764,Private room,2,505,4.92,t,11,157,46,0.5,0.5,0.5,9,4.882801922586371
Noe Valley,37.75575,-122.44029,Entire home/apt,2,763,4.87,t,7,228,27,0.5,0.5,0.5,21,4.61512051684126
Haight Ashbury,37.76395,-122.44767,Private room,2,252,4.99,f,12,275,31,0.5,0.5,0.5,21,5.062595033026967
Pacific Heights,37.79026,-122.42914,Entire home/apt,4,109,4.45,f,11,346,25,0.5,0.25,0.75,10,6.1092475827643655
Bayview,37.74946,-122.39427,Private room,1,402,4.93,t,16,157,36,1.0,1.0,1.0,7,4.663439094112067
Bernal Heights,37.73606,-122.42367,Entire home/apt,2,353,4.96,t,3,38,38,0.5,0.5,0.5,2,4.867534450455582
Pacific Heights,37.79608,-122.43571,Entire home/apt,2,4,4.25,f,0,229,21,1.0,0.5,1.0,3,5.62040086571715
Haight Ashbury,37.76787,-122.44961,Entire home/apt,6,42,4.83,f,13,13,45,0.5,0.25,0.5,21,6.317164686747284
Potrero Hill,37.75713,-122.39694,Private room,2,532,4.9,t,10,237,39,0.5,0.5,0.5,7,4.762173934797756
Mission,37.76048,-122.42223,Entire home/apt,3,23,4.78,f,0,179,32,1.0,0.3333333333333333,1.0,9,5.332718793265369
Diamond Heights,37.746113,-122.443748,Private room,2,0,0.0,f,0,243,53,0.5,0.5,0.5,21,4.382026634673881
Castro/Upper Market,37.75651,-122.42785,Entire home/apt,6,39,4.85,f,16,335,11,0.5,0.5833333333333334,0.5,13,6.762729506931879
Noe Valley,37.75333,-122.42661,Entire home/apt,2,70,4.71,f,0,305,30,0.5,0.5,0.5,13,4.605170185988092
Bernal Heights,37.74234,-122.42355,Entire home/apt,3,4,5.0,t,0,321,33,1.0,0.3333333333333333,1.0,2,5.1647859739235145
Russian Hill,37.79941,-122.41859,Entire home/apt,2,12,4.42,f,0,335,25,0.5,0.5,0.5,18,4.890349128221754
Castro/Upper Market,37.76714,-122.43748,Entire home/apt,5,379,4.78,t,1,83,29,0.4,0.2,0.4,6,5.60947179518496
Russian Hill,37.79688,-122.42296,Entire home/apt,2,137,4.85,t,4,321,44,0.5,0.5,0.5,10,4.787491742782046
Downtown/Civic Center,37.78788,-122.41146,Private room,2,20,4.85,f,27,362,10,0.5,0.5,0.5,4,5.2574953720277815
Haight Ashbury,37.7694,-122.44749,Entire home/apt,7,31,4.97,t,0,270,54,0.42857142857142855,0.21428571428571427,0.5714285714285714,24,5.560681631015528
Glen Park,37.73896,-122.42644,Entire home/apt,4,40,4.93,t,0,283,64,0.5,0.25,0.5,2,5.393627546352362
Mission,37.749,-122.42244,Private room,2,200,4.93,t,15,246,42,0.5,0.5,1.5,13,4.3694478524670215
Noe Valley,37.74348,-122.4261,Private room,2,86,4.88,t,24,24,46,0.5,0.5,0.5,13,4.356708826689592
Mission,37.75321,-122.41688,Entire home/apt,6,122,4.88,f,30,365,17,0.5,0.3333333333333333,0.5,20,6.220590170099739
Noe Valley,37.75113,-122.43925,Entire home/apt,3,18,4.89,t,0,276,44,0.3333333333333333,0.3333333333333333,0.3333333333333333,21,4.941642422609304
Haight Ashbury,37.76394,-122.45119,Entire home/apt,2,56,4.96,t,12,221,39,0.5,0.5,0.5,21,5.337538079701318
Castro/Upper Market,37.76685,-122.43499,Entire home/apt,3,527,4.86,t,6,225,44,0.0,0.3333333333333333,0.6666666666666666,6,5.10594547390058
Nob Hill,37.7904,-122.41357,Entire home/apt,12,121,4.96,t,11,336,83,0.25,0.16666666666666666,0.3333333333333333,4,6.507277712385012
Noe Valley,37.7548,-122.43413,Private room,2,429,4.84,t,4,112,15,0.5,0.5,0.5,13,4.663439094112067
Bernal Heights,37.74427,-122.42386,Entire home/apt,3,10,5.0,t,24,359,41,1.0,0.3333333333333333,1.0,13,5.225746673713202
Western Addition,37.77285,-122.43068,Private room,1,3,3.67,f,30,122,12,1.0,1.0,1.0,6,4.07753744390572
Western Addition,37.77233,-122.43222,Private room,1,2,4.0,f,30,365,7,1.0,1.0,1.0,6,4.219507705176107
Western Addition,37.77095,-122.43054,Private room,1,0,0.0,f,30,365,8,1.0,1.5,1.0,6,4.454347296253507
Potrero Hill,37.76241,-122.3972,Entire home/apt,4,130,4.92,t,2,49,40,0.5,0.25,0.5,7,6.1092475827643655
Pacific Heights,37.79727,-122.42396,Private room,2,192,4.58,f,30,268,19,0.5,0.5,0.5,10,4.997212273764115
Pacific Heights,37.79702,-122.42433,Private room,4,373,4.51,f,30,268,22,0.25,0.25,0.5,10,5.003946305945459
Marina,37.7993,-122.42534,Private room,4,365,4.53,f,30,268,19,0.25,0.25,0.5,10,5.0106352940962555
Bayview,37.73751,-122.38526,Entire home/apt,2,163,4.8,f,29,89,43,1.0,0.5,1.0,14,5.017279836814924
Bernal Heights,37.743557,-122.409401,Private room,4,334,4.91,t,12,304,74,0.25,0.25,0.75,20,5.4680601411351315
Marina,37.79717,-122.44547,Entire home/apt,2,78,4.79,t,13,342,30,0.5,0.5,0.5,3,5.236441962829949
Western Addition,37.774849,-122.436317,Entire home/apt,3,62,4.71,f,11,331,38,0.3333333333333333,0.3333333333333333,1.0,6,4.787491742782046
Bernal Heights,37.743523,-122.409355,Private room,3,268,4.92,t,12,304,71,0.3333333333333333,0.3333333333333333,1.0,20,5.497168225293202
Mission,37.75324,-122.41823,Entire home/apt,4,166,4.63,f,0,312,34,0.25,0.25,0.25,20,4.74493212836325
Pacific Heights,37.79737,-122.42382,Private room,2,401,4.59,f,0,328,19,0.5,0.5,0.5,10,4.787491742782046
Bernal Heights,37.74429,-122.4084,Entire home/apt,2,28,4.96,t,0,117,37,0.5,0.5,0.5,20,5.0106352940962555
Russian Hill,37.79767,-122.41866,Entire home/apt,2,67,4.87,t,0,248,48,0.5,0.5,0.5,18,4.844187086458591
North Beach,37.80021,-122.40509,Entire home/apt,2,118,4.73,f,0,267,45,0.5,0.5,0.5,18,4.74493212836325
Outer Sunset,37.75714,-122.5082,Entire home/apt,3,99,4.96,t,0,29,35,0.3333333333333333,0.3333333333333333,0.3333333333333333,17,5.375278407684165
Outer Sunset,37.75859,-122.50797,Entire home/apt,3,628,4.97,f,0,24,40,0.3333333333333333,0.3333333333333333,0.6666666666666666,17,4.897839799950911
Western Addition,37.78355,-122.43062,Entire home/apt,2,586,4.92,t,11,335,29,0.5,0.5,0.5,10,5.056245805348308
Pacific Heights,37.79273,-122.43549,Private room,2,86,4.72,t,0,270,23,0.5,0.5,0.5,3,5.075173815233827
Inner Richmond,37.78299,-122.47593,Entire home/apt,2,19,5.0,t,19,335,44,0.5,0.5,0.5,15,4.8283137373023015
West of Twin Peaks,37.74215,-122.4575,Entire home/apt,2,314,4.97,t,1,222,42,0.5,0.5,0.5,19,5.135798437050262
Pacific Heights,37.79702,-122.4241,Private room,4,448,4.6,f,0,321,20,0.25,0.25,0.5,10,5.0106352940962555
Western Addition,37.77069,-122.4324,Private room,1,0,0.0,f,30,180,5,1.0,2.0,1.0,6,4.219507705176107
Western Addition,37.78736,-122.44512,Private room,2,316,4.93,t,7,293,39,0.5,0.5,0.5,24,5.429345628954441
Noe Valley,37.74567,-122.43227,Entire home/apt,2,31,4.71,f,0,304,65,0.5,0.5,0.5,13,4.948759890378168
North Beach,37.79939,-122.40576,Private room,2,210,4.61,t,19,316,33,0.5,2.5,0.5,18,4.74493212836325
Western Addition,37.78863,-122.42882,Entire home/apt,8,19,5.0,f,28,358,67,0.375,0.3125,0.5,10,7.1308988302963465
West of Twin Peaks,37.73772,-122.46597,Entire home/apt,2,150,4.89,t,19,302,59,0.5,0.5,0.0,19,4.882801922586371
Twin Peaks,37.75745,-122.44518,Entire home/apt,2,56,4.93,t,9,232,67,0.5,0.5,0.5,21,5.0689042022202315
Western Addition,37.77725,-122.44567,Entire home/apt,4,84,4.82,t,0,320,42,0.25,0.25,0.5,24,4.976733742420574
Mission,37.75602,-122.42324,Entire home/apt,1,42,4.69,f,11,161,24,1.0,1.0,1.0,9,5.049856007249537
North Beach,37.7991,-122.4048,Shared room,5,426,4.7,t,28,328,27,0.2,2.0,1.6,18,3.6635616461296463
Mission,37.7683,-122.42539,Private room,2,195,4.94,t,0,204,52,0.5,0.5,0.5,9,4.553876891600541
Presidio Heights,37.78361,-122.45416,Entire home/apt,2,28,4.75,t,0,139,50,0.5,0.5,0.5,24,4.59511985013459
Nob Hill,37.79202,-122.42089,Private room,2,11,4.82,f,0,305,13,0.5,0.5,0.5,10,4.189654742026425
Nob Hill,37.79035,-122.42053,Private room,1,16,4.69,f,0,323,19,1.0,1.0,1.0,10,4.343805421853684
Inner Richmond,37.78305,-122.47407,Private room,2,15,4.33,f,0,283,18,0.5,0.5,0.5,15,4.382026634673881
Inner Richmond,37.78384,-122.47591,Private room,2,21,4.19,f,0,98,12,0.5,0.5,0.0,15,4.382026634673881
Western Addition,37.78288,-122.44062,Private room,1,16,4.94,t,2,152,32,1.0,1.0,0.0,24,4.543294782270004
Western Addition,37.78433,-122.44213,Private room,1,10,4.9,t,0,122,22,1.0,1.0,1.0,24,4.276666119016055
West of Twin Peaks,37.72917,-122.46299,Entire home/apt,3,42,4.95,t,0,146,68,0.6666666666666666,0.3333333333333333,0.6666666666666666,19,5.926926025970411
Mission,37.75254,-122.40497,Entire home/apt,5,665,4.95,t,5,168,58,0.2,0.2,0.6,20,5.351858133476067
Mission,37.75808,-122.42114,Entire home/apt,2,37,4.76,f,0,335,45,0.5,0.5,0.5,9,5.384495062789089
Pacific Heights,37.79756,-122.42396,Private room,2,227,4.55,f,30,268,19,0.5,0.5,0.5,10,4.859812404361672
Excelsior,37.72729,-122.42926,Private room,2,132,4.87,t,29,364,18,0.5,0.5,0.5,2,4.499809670330265
Noe Valley,37.74551,-122.43283,Entire home/apt,2,557,4.77,f,9,57,24,0.5,0.5,1.0,13,4.867534450455582
Downtown/Civic Center,37.78841,-122.40927,Entire home/apt,4,56,4.95,f,30,357,27,0.0,0.25,0.5,4,5.700443573390687
Potrero Hill,37.76073,-122.39041,Entire home/apt,2,26,4.85,t,2,180,42,0.5,0.75,0.5,7,4.969813299576001
Mission,37.75605,-122.4112,Private room,1,70,4.87,f,0,334,46,1.0,1.0,1.0,20,4.343805421853684
Bernal Heights,37.7407,-122.42001,Entire home/apt,2,41,4.93,t,0,179,34,0.5,0.5,1.0,2,4.700480365792417
Marina,37.79802,-122.44187,Entire home/apt,5,116,4.99,t,3,197,56,0.4,0.3,0.6,3,6.345636360828596
Financial District,37.79738,-122.40479,Private room,2,160,4.75,t,27,326,35,0.5,0.5,1.0,4,4.700480365792417
Pacific Heights,37.79702,-122.42575,Private room,5,331,4.45,f,24,258,20,0.2,0.2,0.6,10,5.19295685089021
Russian Hill,37.80201,-122.41891,Entire home/apt,2,158,4.67,t,0,81,30,0.5,0.5,1.0,18,4.969813299576001
Western Addition,37.78101,-122.4321,Private room,1,31,4.84,f,0,314,23,1.0,1.0,1.0,6,4.007333185232471
Mission,37.7612,-122.41914,Private room,1,289,5.0,t,13,157,67,1.0,1.0,1.0,9,4.787491742782046
Nob Hill,37.79061,-122.42111,Private room,2,27,4.78,f,0,324,13,0.5,0.5,0.5,10,4.477336814478207
Nob Hill,37.79089,-122.42153,Private room,2,8,4.5,f,16,351,9,0.5,0.5,0.5,10,4.343805421853684
Outer Sunset,37.7578,-122.50294,Entire home/apt,2,114,4.49,f,0,274,34,0.0,0.5,0.5,17,4.605170185988092
Nob Hill,37.79258,-122.42105,Private room,2,19,4.68,f,0,263,10,0.5,0.5,0.5,10,4.477336814478207
Nob Hill,37.79234,-122.42127,Private room,2,20,4.8,f,0,304,12,0.5,0.5,0.5,10,4.787491742782046
Nob Hill,37.79264,-122.41945,Private room,2,31,4.74,f,1,336,6,0.5,0.5,0.5,10,4.787491742782046
Western Addition,37.78311,-122.44043,Private room,1,18,4.94,t,0,143,24,0.0,0.0,1.0,24,4.430816798843313
Nob Hill,37.79483,-122.41032,Entire home/apt,4,184,4.77,t,0,326,63,0.25,0.25,0.25,4,4.919980925828125
Marina,37.80086,-122.43114,Entire home/apt,4,0,0.0,f,23,358,15,0.5,0.25,0.5,3,5.521460917862246
West of Twin Peaks,37.74453,-122.46227,Entire home/apt,3,544,4.89,t,13,304,20,0.3333333333333333,0.3333333333333333,0.6666666666666666,19,4.9344739331306915
Presidio Heights,37.78477,-122.45097,Private room,1,44,4.98,f,28,178,74,1.0,1.0,1.0,24,4.8283137373023015
Outer Mission,37.71144,-122.44691,Private room,2,28,4.11,f,30,270,14,0.5,0.5,0.5,12,4.189654742026425
Crocker Amazon,37.71156,-122.44494,Private room,2,32,4.38,f,16,351,12,0.5,0.0,0.5,12,4.204692619390966
Crocker Amazon,37.70976,-122.44522,Private room,2,57,4.58,f,29,121,15,0.5,0.5,0.5,12,4.23410650459726
Crocker Amazon,37.71123,-122.4449,Entire home/apt,2,65,4.46,f,0,256,11,0.5,0.5,0.5,12,3.970291913552122
Bayview,37.72823,-122.39253,Entire home/apt,2,110,4.65,f,7,333,45,0.5,0.5,0.5,14,4.553876891600541
Potrero Hill,37.758205,-122.399689,Entire home/apt,3,327,4.93,t,0,130,40,0.3333333333333333,0.3333333333333333,0.6666666666666666,7,5.19295685089021
North Beach,37.80339,-122.40855,Entire home/apt,4,55,4.95,f,20,345,57,0.5,0.875,0.5,18,7.600902459542082
North Beach,37.79933,-122.40594,Private room,3,524,4.73,t,26,324,32,0.3333333333333333,3.3333333333333335,0.6666666666666666,18,4.700480365792417
Western Addition,37.7879,-122.43821,Entire home/apt,5,18,5.0,f,0,152,45,0.6,0.4,0.6,3,6.551080335043404
Mission,37.76448,-122.42349,Entire home/apt,2,314,4.8,t,5,303,36,1.0,0.5,1.0,9,5.030437921392435
Castro/Upper Market,37.75852,-122.4356,Entire home/apt,4,237,4.95,t,9,288,67,0.25,0.25,0.5,21,5.631211781821365
Twin Peaks,37.75811,-122.44439,Private room,2,454,4.94,t,11,308,79,0.5,0.5,0.5,21,4.663439094112067
West of Twin Peaks,37.73519,-122.46446,Private room,1,67,4.87,t,29,269,27,1.0,3.0,1.0,19,3.9318256327243257
Marina,37.79812,-122.43654,Private room,3,499,4.94,t,8,83,48,0.3333333333333333,0.3333333333333333,0.3333333333333333,3,5.075173815233827
Marina,37.8054,-122.44376,Entire home/apt,3,21,5.0,t,0,158,42,0.3333333333333333,0.3333333333333333,0.3333333333333333,3,4.8283137373023015
Marina,37.80405,-122.44371,Entire home/apt,6,12,5.0,t,0,120,49,0.3333333333333333,0.3333333333333333,0.5,3,5.703782474656201
Marina,37.80227,-122.42691,Private room,1,0,0.0,f,30,365,6,1.0,1.0,1.0,3,5.075173815233827
Noe Valley,37.75244,-122.43127,Entire home/apt,2,126,4.82,f,0,214,21,0.5,0.5,0.5,13,4.859812404361672
Inner Sunset,37.7548,-122.4591,Entire home/apt,4,456,4.86,t,7,269,32,0.0,0.25,0.75,21,4.5217885770490405
Nob Hill,37.79214,-122.40937,Entire home/apt,2,25,4.6,t,2,212,29,0.0,0.5,0.5,4,4.406719247264253
Chinatown,37.79072,-122.40796,Entire home/apt,2,21,4.62,t,0,302,29,0.0,0.5,0.5,4,4.48863636973214
North Beach,37.80022,-122.40428,Entire home/apt,6,77,4.86,t,9,305,69,0.5,0.3333333333333333,0.5,18,6.22455842927536
Inner Richmond,37.77564,-122.46332,Private room,2,56,4.82,t,23,358,71,0.5,0.75,0.5,15,5.0106352940962555
Bernal Heights,37.73525,-122.41725,Entire home/apt,6,34,5.0,t,0,129,34,0.5,0.16666666666666666,0.5,2,6.29156913955832
Russian Hill,37.79971,-122.41362,Entire home/apt,3,17,4.47,f,0,226,30,1.0,0.6666666666666666,1.0,18,5.484796933490655
Bayview,37.73616,-122.39354,Entire home/apt,2,15,4.87,t,0,243,15,0.5,0.5,1.0,14,4.6913478822291435
Excelsior,37.72862,-122.42703,Private room,2,217,4.97,t,4,287,43,0.5,0.5,0.5,2,4.31748811353631
Bernal Heights,37.73941,-122.42113,Private room,1,249,4.72,t,17,256,52,1.0,1.0,1.0,2,4.48863636973214
Presidio Heights,37.79129,-122.44901,Entire home/apt,2,614,4.95,t,4,41,48,0.5,0.5,0.5,24,5.043425116919247
Outer Sunset,37.74617,-122.5087,Entire home/apt,6,153,4.76,f,26,149,15,0.5,0.3333333333333333,0.6666666666666666,17,5.41610040220442
Castro/Upper Market,37.75769,-122.43891,Entire home/apt,2,645,4.98,t,6,135,51,0.5,0.5,0.5,21,5.438079308923196
Castro/Upper Market,37.76297,-122.42696,Entire home/apt,2,842,4.89,f,7,320,24,0.5,0.5,0.5,9,5.43372200355424
Pacific Heights,37.79706,-122.425,Private room,5,328,4.45,f,0,236,20,0.2,0.2,0.6,10,5.19295685089021
Visitacion Valley,37.71167,-122.39885,Entire home/apt,4,266,4.7,f,30,270,36,0.0,0.25,0.5,14,4.787491742782046
Russian Hill,37.8047,-122.4234,Entire home/apt,4,37,4.95,f,13,46,42,0.25,0.25,0.5,18,6.129050210060545
Castro/Upper Market,37.76019,-122.43663,Entire home/apt,4,81,4.91,f,24,264,17,0.25,0.25,0.5,21,5.517452896464707
Pacific Heights,37.79696,-122.42539,Hotel room,4,278,4.37,f,26,265,21,0.25,0.25,0.5,10,5.0238805208462765
North Beach,37.80698,-122.41344,Private room,6,91,4.67,t,27,324,62,0.3333333333333333,0.16666666666666666,0.6666666666666666,18,6.26530121273771
Castro/Upper Market,37.76706,-122.43367,Entire home/apt,3,6,4.83,f,0,117,37,1.0,0.6666666666666666,1.0,6,5.697093486505405
Noe Valley,37.74648,-122.43035,Entire home/apt,2,162,4.99,t,0,30,22,1.0,0.5,1.0,13,6.115892125483034
Inner Richmond,37.77541,-122.46317,Entire home/apt,4,17,4.65,t,0,242,47,0.5,0.25,0.5,15,4.962844630259907
Nob Hill,37.78994369506836,-122.41272735595705,Entire home/apt,2,35,5.0,t,5,292,31,0.0,0.5,0.5,4,4.8283137373023015
Outer Mission,37.73119,-122.45014,Private room,1,102,4.88,t,13,54,42,1.0,2.0,1.0,5,4.04305126783455
Western Addition,37.77817,-122.44604,Entire home/apt,4,24,4.79,f,0,304,58,0.75,0.25,0.75,24,6.733401891837359
Western Addition,37.77822,-122.44544,Private room,2,49,4.88,f,1,306,47,0.5,0.5,0.5,24,4.499809670330265
Noe Valley,37.75165,-122.44043,Entire home/apt,8,209,4.8,f,26,361,46,0.375,0.3125,0.375,21,5.991464547107982
Noe Valley,37.75197,-122.4426,Private room,1,17,4.88,f,0,305,53,1.0,1.0,1.0,21,4.51085950651685
Noe Valley,37.75213,-122.43693,Entire home/apt,2,97,4.89,f,0,82,40,0.5,0.5,0.5,13,4.90527477843843
Russian Hill,37.80108,-122.41743,Entire home/apt,5,109,4.65,t,0,76,42,0.4,0.3,0.8,18,5.278114659230517
Nob Hill,37.79102,-122.40921,Entire home/apt,2,7,4.57,f,0,123,32,0.5,0.5,0.5,4,4.812184355372417
Haight Ashbury,37.7672,-122.44725,Private room,2,171,4.91,t,1,219,32,0.5,0.5,0.5,21,4.394449154672439
Inner Sunset,37.75646,-122.45623,Entire home/apt,8,27,4.93,f,0,38,42,0.5,0.375,0.625,21,6.19644412779452
West of Twin Peaks,37.73152,-122.46188,Entire home/apt,3,526,4.92,t,2,312,29,0.3333333333333333,0.3333333333333333,0.6666666666666666,19,5.147494476813453
Twin Peaks,37.75914,-122.44684,Private room,2,454,4.89,t,2,142,29,0.5,0.5,0.5,21,4.624972813284271
Marina,37.79908,-122.43774,Private room,4,83,4.94,t,3,79,45,0.5,0.5,0.5,3,5.746203190540153
Downtown/Civic Center,37.78712,-122.41103,Entire home/apt,4,50,4.88,f,27,354,16,0.0,0.25,0.5,4,5.676753802268282
Noe Valley,37.75404,-122.43634,Entire home/apt,4,256,4.93,t,8,44,44,0.25,0.25,0.5,13,5.087596335232384
Bernal Heights,37.74299,-122.40814,Entire home/apt,4,47,4.94,t,0,212,45,0.5,0.25,0.5,20,5.521460917862246
Noe Valley,37.75007,-122.42532,Private room,2,12,4.92,t,12,326,50,0.5,0.5,0.5,13,5.521460917862246
Noe Valley,37.74788,-122.43625,Entire home/apt,2,231,4.98,t,5,305,30,0.0,0.5,0.5,13,5.493061443340548
Bernal Heights,37.74352,-122.4122,Entire home/apt,2,145,4.83,f,4,61,32,0.5,0.5,0.5,20,4.59511985013459
Noe Valley,37.74929,-122.42732,Entire home/apt,6,43,4.93,f,0,10,58,0.6666666666666666,0.3333333333333333,0.6666666666666666,13,7.24422751560335
Western Addition,37.78328,-122.44666,Entire home/apt,2,450,4.86,t,1,27,43,0.5,0.5,0.5,24,4.6913478822291435
Bernal Heights,37.74267,-122.40745,Private room,2,68,4.76,t,4,280,56,0.5,0.5,0.5,20,4.59511985013459
Downtown/Civic Center,37.78698,-122.41125,Entire home/apt,4,10,4.8,f,30,357,23,0.0,0.25,0.5,4,5.700443573390687
Haight Ashbury,37.77597,-122.44249,Entire home/apt,2,292,4.76,t,2,173,32,0.5,0.5,0.5,24,5.0369526024136295
Mission,37.75553,-122.41424,Entire home/apt,6,210,4.97,t,16,132,49,0.5,0.25,0.5,20,6.152732694704104
Mission,37.75896,-122.40721,Entire home/apt,2,47,5.0,t,1,186,38,0.5,0.5,0.5,7,4.8283137373023015
Mission,37.76666,-122.42423,Entire home/apt,3,28,4.93,t,0,81,47,0.6666666666666666,0.3333333333333333,0.6666666666666666,9,5.135798437050262
Western Addition,37.77989,-122.43979,Entire home/apt,2,79,4.58,t,0,330,22,0.5,0.5,1.0,24,4.465908118654584
Castro/Upper Market,37.7653,-122.43638,Entire home/apt,2,73,4.96,t,5,324,51,0.5,0.5,1.0,6,5.231108616854587
Noe Valley,37.75521,-122.43032,Entire home/apt,4,91,4.98,t,0,260,56,0.75,0.5,0.75,13,6.052089168924417
Potrero Hill,37.75861,-122.40381,Entire home/apt,6,229,4.74,t,30,365,35,0.16666666666666666,0.16666666666666666,0.5,7,5.659482215759621
Downtown/Civic Center,37.78687,-122.40961,Entire home/apt,4,19,4.89,f,30,357,21,0.0,0.25,0.5,4,5.627621113690637
Mission,37.75069,-122.42289,Entire home/apt,3,272,4.65,t,9,245,53,0.0,0.3333333333333333,0.6666666666666666,13,5.14166355650266
Potrero Hill,37.76126909532099,-122.40399346202406,Entire home/apt,6,85,4.96,t,7,65,39,0.3333333333333333,0.16666666666666666,0.3333333333333333,7,5.771441123130016
Noe Valley,37.75024,-122.42752,Entire home/apt,5,61,4.93,t,0,30,42,0.6,0.4,0.6,13,5.978885764901122
Pacific Heights,37.79441,-122.4295,Entire home/apt,2,5,4.2,t,29,364,28,0.5,0.5,0.5,10,5.697093486505405
Mission,37.75323,-122.4075,Entire home/apt,8,82,4.85,f,0,12,30,0.375,0.1875,0.625,20,5.886104031450156
Outer Sunset,37.75532,-122.50364,Entire home/apt,6,15,4.73,f,5,334,46,0.5,0.16666666666666666,0.5,17,5.616771097666572
Outer Sunset,37.75518,-122.50224,Entire home/apt,4,89,4.81,f,0,328,47,0.5,0.25,0.5,17,5.393627546352362
Noe Valley,37.74955,-122.43591,Entire home/apt,3,202,4.84,t,2,322,39,0.3333333333333333,0.3333333333333333,0.6666666666666666,13,5.58724865840025
Presidio Heights,37.782387,-122.455185,Private room,2,239,4.94,t,3,40,53,0.5,0.5,0.5,24,4.941642422609304
Outer Mission,37.7325,-122.44894,Private room,1,59,4.93,t,0,60,41,1.0,2.0,1.0,5,4.04305126783455
Inner Richmond,37.77766,-122.45885,Private room,3,28,4.93,t,0,0,59,0.3333333333333333,0.6666666666666666,0.6666666666666666,24,5.0106352940962555
Outer Sunset,37.76334,-122.50747,Private room,2,38,4.92,f,23,358,34,0.5,0.5,0.5,17,5.3230099791384085
Parkside,37.74268,-122.47229,Entire home/apt,2,109,4.94,t,0,0,37,0.0,0.5,1.0,22,5.293304824724492
Potrero Hill,37.75896,-122.39513,Private room,2,343,4.96,t,7,328,34,0.5,0.5,0.5,7,4.948759890378168
South of Market,37.78291,-122.40786,Entire home/apt,2,41,4.9,f,0,243,45,0.5,0.5,0.5,4,4.867534450455582
Nob Hill,37.7943742049213,-122.41735729251025,Entire home/apt,2,245,4.79,t,9,149,41,0.5,0.5,0.5,10,4.983606621708336
Pacific Heights,37.79255,-122.4252,Entire home/apt,6,51,4.96,f,0,85,70,0.6666666666666666,0.75,0.6666666666666666,10,6.905753276311464
Bernal Heights,37.74119,-122.41347,Entire home/apt,2,145,4.87,t,0,28,58,0.5,0.5,0.5,2,4.919980925828125
Noe Valley,37.74891,-122.43194,Entire home/apt,5,354,4.85,t,5,5,37,0.4,0.2,0.6,13,5.4116460518550396
Excelsior,37.72729,-122.42926,Private room,2,98,4.67,t,29,364,16,1.0,0.5,0.5,2,4.499809670330265
Mission,37.75065,-122.42449,Private room,2,102,4.99,t,23,341,52,0.5,0.5,0.5,13,5.393627546352362
Pacific Heights,37.78842,-122.4409,Entire home/apt,8,129,4.84,t,9,325,74,0.5,0.25,0.5,3,6.694562058521095
Noe Valley,37.75007,-122.42532,Private room,2,71,4.97,t,14,332,50,0.5,0.5,0.5,13,5.298317366548036
Castro/Upper Market,37.75932,-122.43759,Private room,2,367,4.95,t,2,302,28,0.5,0.5,0.5,21,4.804021044733257
Potrero Hill,37.75857162475586,-122.39645385742188,Entire home/apt,6,104,4.88,t,18,222,64,0.5,0.4166666666666667,0.8333333333333334,7,6.715383386334681
South of Market,37.77558,-122.40182,Entire home/apt,3,136,4.56,f,15,350,36,0.0,0.3333333333333333,0.6666666666666666,1,5.049856007249537
Castro/Upper Market,37.76528,-122.44196,Entire home/apt,4,6,5.0,f,6,6,44,0.5,0.5,0.5,21,5.703782474656201
Haight Ashbury,37.77495,-122.44305,Entire home/apt,6,137,4.7,f,0,269,23,0.3333333333333333,0.16666666666666666,0.5,24,4.7535901911063645
Marina,37.80602,-122.43874,Private room,4,66,4.77,t,15,39,26,0.25,0.25,0.25,3,5.988961416889864
South of Market,37.788063049316406,-122.38982391357422,Entire home/apt,4,14,4.93,f,0,174,45,0.5,0.25,0.75,1,5.384495062789089
Western Addition,37.77699,-122.44019,Entire home/apt,2,89,4.85,f,0,243,33,0.5,0.5,0.5,24,5.3471075307174685
West of Twin Peaks,37.72942,-122.46691,Entire home/apt,3,183,4.72,f,17,352,24,0.3333333333333333,0.3333333333333333,0.6666666666666666,19,4.574710978503383
Presidio Heights,37.7876,-122.44745,Entire home/apt,2,91,4.95,t,3,231,51,0.5,0.5,0.5,24,5.44673737166631
Inner Richmond,37.78563,-122.47115,Entire home/apt,6,9,4.89,t,0,243,25,0.5,0.5,0.6666666666666666,15,5.680172609017068
Marina,37.800899505615234,-122.44134521484376,Private room,1,129,4.97,t,6,37,70,1.0,1.0,1.0,3,5.497168225293202
Castro/Upper Market,37.76083,-122.43884,Private room,4,13,5.0,t,29,179,47,0.5,0.25,0.5,21,5.817111159963204
Marina,37.80555,-122.43555,Entire home/apt,4,41,4.9,t,9,300,37,0.5,0.25,0.5,3,5.4510384535657
Russian Hill,37.80244,-122.42402,Entire home/apt,2,591,4.77,t,22,344,44,0.5,0.5,1.0,18,5.14166355650266
Downtown/Civic Center,37.78659,-122.41119,Entire home/apt,4,13,4.92,f,30,356,13,0.0,0.25,0.5,4,5.641907070938114
Bayview,37.72013,-122.39822,Entire home/apt,5,135,4.68,f,9,222,56,0.2,0.2,0.6,14,4.477336814478207
Inner Richmond,37.78441,-122.47231,Entire home/apt,2,127,4.75,f,27,319,28,0.5,1.0,0.5,15,5.429345628954441
Russian Hill,37.7995,-122.42172,Entire home/apt,6,13,4.54,f,0,147,54,0.5,0.3333333333333333,0.5,18,5.703782474656201
Western Addition,37.77395,-122.43641,Entire home/apt,4,185,4.86,t,0,235,37,0.0,0.25,0.5,6,4.90527477843843
Bernal Heights,37.74213,-122.41788,Entire home/apt,4,103,4.89,t,22,29,27,0.5,0.25,0.5,2,5.616771097666572
Twin Peaks,37.75811,-122.444389,Entire home/apt,4,77,4.92,t,2,247,77,0.5,0.5,0.5,21,5.849324779946859
North Beach,37.80226,-122.40818,Entire home/apt,4,191,4.96,t,11,12,52,0.5,0.25,0.5,18,5.988961416889864
West of Twin Peaks,37.74098,-122.46327,Entire home/apt,2,420,4.85,t,1,41,24,0.5,0.5,0.5,19,4.90527477843843
Downtown/Civic Center,37.78879,-122.41111,Entire home/apt,4,15,4.87,f,30,357,21,0.0,0.25,0.5,4,5.726847747587197
North Beach,37.80197,-122.40968,Entire home/apt,4,155,4.99,f,1,54,65,0.5,0.375,0.5,18,6.38856140554563
Bernal Heights,37.74473,-122.41788,Entire home/apt,4,73,4.74,f,8,89,37,0.5,0.25,0.5,20,5.075173815233827
Noe Valley,37.75232,-122.43193,Entire home/apt,4,66,4.8,t,0,332,70,0.5,0.375,0.75,13,5.198497031265826
Marina,37.79743,-122.4303,Entire home/apt,2,109,4.92,f,0,333,46,0.5,0.5,0.5,3,4.762173934797756
Mission,37.75803,-122.42347,Entire home/apt,6,22,4.82,f,30,365,44,0.5,0.3333333333333333,0.5,9,6.263398262591624
North Beach,37.7986,-122.40598,Entire home/apt,4,78,4.88,f,7,323,29,0.5,0.25,0.75,18,5.135798437050262
Western Addition,37.78562,-122.44413,Entire home/apt,16,64,4.98,f,2,167,44,0.375,0.28125,0.5,24,7.4360278163518485
Excelsior,37.72411,-122.40801,Entire home/apt,10,232,4.88,t,8,107,45,0.4,0.3,0.6,14,5.872117789475416
Haight Ashbury,37.77206,-122.44957,Entire home/apt,4,53,4.92,t,3,114,37,0.25,0.25,0.25,24,5.111987788356544
Haight Ashbury,37.77392,-122.43847,Entire home/apt,4,8,5.0,f,0,212,46,0.5,0.25,0.5,6,4.990432586778736
Downtown/Civic Center,37.78822,-122.40939,Entire home/apt,4,23,5.0,f,30,357,21,0.0,0.25,0.5,4,5.7430031878094825
Bernal Heights,37.73964,-122.41522,Entire home/apt,1,125,4.74,t,29,186,50,1.0,1.0,2.0,2,4.718498871295094
Bayview,37.7359,-122.38547,Private room,2,181,4.83,t,6,321,28,0.5,0.5,0.5,14,4.553876891600541
Noe Valley,37.75383,-122.4389,Entire home/apt,2,385,4.86,f,10,70,27,0.5,0.5,0.5,21,5.181783550292085
Outer Mission,37.7302,-122.44568,Private room,2,307,4.91,t,12,245,70,0.5,0.5,0.5,5,4.919980925828125
Castro/Upper Market,37.76342,-122.4327,Private room,2,448,4.84,t,6,304,28,0.5,0.5,0.5,6,4.74493212836325
Western Addition,37.77773,-122.43893,Entire home/apt,1,62,4.69,t,0,272,21,1.0,1.0,2.0,6,4.406719247264253
West of Twin Peaks,37.74396,-122.46338,Entire home/apt,2,511,4.95,t,5,296,18,0.0,0.5,0.5,19,4.68213122712422
Noe Valley,37.75017,-122.44158,Private room,5,48,5.0,t,0,54,49,0.2,0.4,0.2,21,5.298317366548036
West of Twin Peaks,37.7299,-122.46185,Entire home/apt,3,114,4.89,t,17,162,28,0.3333333333333333,0.3333333333333333,0.6666666666666666,19,4.9344739331306915
Outer Mission,37.72151,-122.43897,Entire home/apt,4,272,4.87,t,0,162,64,0.25,0.25,0.25,12,4.61512051684126
Bernal Heights,37.74094,-122.40896,Private room,2,52,4.88,t,14,290,34,0.5,0.5,0.5,20,4.68213122712422
South of Market,37.7772,-122.39514,Entire home/apt,4,10,5.0,t,0,274,27,0.5,0.5,0.5,1,5.926926025970411
Noe Valley,37.75305,-122.42841,Entire home/apt,3,41,4.88,t,0,288,35,0.3333333333333333,0.3333333333333333,0.3333333333333333,13,5.247024072160486
Inner Richmond,37.77676,-122.46874,Entire home/apt,2,417,4.98,t,4,201,67,0.5,0.5,0.5,15,5.198497031265826
Russian Hill,37.79932,-122.41973,Entire home/apt,4,5,4.6,f,29,364,8,0.5,0.25,0.5,18,6.309918278226516
Castro/Upper Market,37.7566,-122.42638,Private room,2,109,4.72,t,5,60,22,0.5,0.5,0.5,13,4.859812404361672
Downtown/Civic Center,37.78662,-122.40961,Entire home/apt,8,18,5.0,f,30,357,8,0.0,0.25,0.5,4,6.638567789166521
Pacific Heights,37.78926,-122.44647,Entire home/apt,10,118,4.98,t,7,248,46,0.6,0.4,0.7,24,6.927557906278317
Noe Valley,37.75156,-122.43776,Entire home/apt,2,92,4.64,f,30,270,34,1.0,0.5,0.5,13,5.14166355650266
Mission,37.7535,-122.42215,Entire home/apt,3,85,4.4,t,0,71,23,0.0,0.3333333333333333,0.3333333333333333,13,4.6443908991413725
Castro/Upper Market,37.7624,-122.42661,Entire home/apt,2,508,4.81,t,8,146,32,0.5,0.5,0.5,9,5.19295685089021
Nob Hill,37.79568,-122.41076,Entire home/apt,3,13,4.62,f,7,312,37,0.3333333333333333,0.3333333333333333,0.6666666666666666,4,4.976733742420574
Noe Valley,37.74768829345703,-122.42521667480467,Private room,2,433,4.96,t,3,227,49,0.5,0.5,0.5,13,4.442651256490317
Pacific Heights,37.78862,-122.44149,Private room,2,86,5.0,t,8,257,39,0.5,0.5,0.5,3,5.030437921392435
Western Addition,37.78414,-122.44446,Entire home/apt,4,51,4.45,f,0,123,32,0.5,0.25,2.0,24,5.749392985908253
Western Addition,37.77133,-122.43612,Private room,2,861,4.93,t,0,224,41,0.5,0.5,0.5,6,4.59511985013459
West of Twin Peaks,37.74331,-122.4561,Entire home/apt,6,1,5.0,f,29,364,16,0.6666666666666666,0.3333333333333333,0.6666666666666666,19,6.543911845564792
Bernal Heights,37.74617,-122.41591,Entire home/apt,9,201,4.96,t,8,229,71,0.2222222222222222,0.2222222222222222,0.4444444444444444,20,5.5254529391317835
Mission,37.76155,-122.42421,Entire home/apt,2,477,4.97,t,3,23,30,0.5,0.5,0.5,9,4.927253685157205
Mission,37.75794,-122.41911,Private room,1,99,4.98,t,1,183,55,1.0,1.0,1.0,9,4.852030263919617
Pacific Heights,37.78855,-122.44154,Private room,4,132,4.97,t,6,241,40,0.5,0.25,0.5,3,5.480638923341991
Outer Mission,37.72763,-122.43975,Entire home/apt,5,18,4.94,f,16,314,15,0.6,0.4,0.6,5,6.12029741895095
Russian Hill,37.80213,-122.41516,Entire home/apt,2,0,0.0,f,23,83,14,0.5,0.5,0.5,18,5.10594547390058
South of Market,37.77957,-122.39116,Entire home/apt,2,9,4.22,f,0,335,34,0.5,0.5,0.5,1,4.8283137373023015
Nob Hill,37.79603,-122.41259,Entire home/apt,4,8,4.75,f,0,296,17,0.5,0.25,0.5,18,5.1647859739235145
Inner Richmond,37.78246,-122.47408,Private room,2,4,3.5,f,0,327,18,0.5,0.5,0.5,15,4.382026634673881
Lakeshore,37.73352,-122.48224,Private room,4,216,4.84,t,18,246,36,0.25,0.25,0.25,22,4.564348191467836
Noe Valley,37.75227,-122.42525,Private room,1,28,4.96,f,18,302,41,1.0,1.0,1.0,13,4.836281906951478
Western Addition,37.77251,-122.43454,Entire home/apt,7,264,4.98,t,6,270,51,0.5714285714285714,0.2857142857142857,0.5714285714285714,6,6.102558594613569
Chinatown,37.79581,-122.40842,Entire home/apt,4,194,4.75,t,0,226,60,0.5,0.375,0.5,4,5.991464547107982
Outer Sunset,37.76285,-122.49951,Entire home/apt,2,48,5.0,t,5,129,37,0.5,0.5,0.5,17,5.0106352940962555
Western Addition,37.78199,-122.42991,Private room,2,144,4.96,f,4,4,55,0.5,0.5,0.5,6,4.955827057601261
Western Addition,37.77194,-122.43583,Private room,2,481,4.81,f,15,164,44,0.5,0.5,0.5,6,4.897839799950911
Parkside,37.74793,-122.47477,Entire home/apt,10,442,4.82,t,12,204,41,0.3,0.2,0.5,22,5.860786223465865
Downtown/Civic Center,37.78622,-122.41626,Private room,2,84,4.46,t,13,264,15,0.5,0.25,0.5,4,4.553876891600541
Excelsior,37.72013,-122.43096,Entire home/apt,5,83,4.95,t,0,243,33,0.2,0.2,0.6,12,4.605170185988092
Mission,37.74971,-122.4155,Entire home/apt,10,140,4.89,t,5,21,39,0.4,0.4,0.5,20,6.354370040797351
Inner Sunset,37.76131,-122.45204,Entire home/apt,6,12,5.0,f,26,251,23,0.5,0.3333333333333333,0.6666666666666666,21,6.4457198193855785
Russian Hill,37.79752,-122.42233,Entire home/apt,5,91,4.81,f,0,108,65,0.6,0.2,0.6,10,5.521460917862246
Potrero Hill,37.7639,-122.39472,Entire home/apt,4,182,4.68,t,1,268,53,0.25,0.25,0.5,7,4.48863636973214
Presidio Heights,37.78684,-122.45856,Entire home/apt,2,76,4.61,t,0,82,26,0.0,0.5,0.5,24,4.68213122712422
Noe Valley,37.75154,-122.42581,Entire home/apt,6,34,4.85,f,30,365,39,0.5,0.16666666666666666,0.6666666666666666,13,5.62040086571715
Castro/Upper Market,37.76088,-122.43916,Entire home/apt,8,110,4.94,t,29,179,53,0.375,0.25,0.75,21,7.227662498728654
Noe Valley,37.75138,-122.4413,Entire home/apt,2,49,4.76,t,0,228,55,0.5,0.5,0.5,21,4.976733742420574
Haight Ashbury,37.76836,-122.44699,Entire home/apt,3,79,5.0,t,0,243,61,0.6666666666666666,0.6666666666666666,0.6666666666666666,21,6.354370040797351
Downtown/Civic Center,37.78923,-122.40765,Private room,2,151,4.94,t,4,51,19,0.5,0.5,0.5,4,4.499809670330265
Nob Hill,37.79083,-122.41496,Entire home/apt,2,26,4.88,f,0,275,29,0.0,0.5,0.5,4,4.61512051684126
Mission,37.75011,-122.41426,Entire home/apt,2,6,5.0,f,0,44,29,1.0,0.5,0.5,20,4.700480365792417
Downtown/Civic Center,37.78964,-122.40968,Private room,2,155,4.83,t,4,64,17,0.5,0.5,1.0,4,4.499809670330265
South of Market,37.78402,-122.39853,Entire home/apt,4,21,5.0,f,0,296,41,0.5,0.5,0.5,1,5.762051382780177
Castro/Upper Market,37.76223,-122.42918,Entire home/apt,2,93,4.69,f,0,150,42,1.0,0.5,0.5,9,4.174387269895637
Marina,37.80011191169009,-122.44450995190851,Entire home/apt,5,21,4.76,f,13,331,45,0.4,0.2,0.6,3,5.41610040220442
Inner Richmond,37.78639,-122.47383,Entire home/apt,4,70,5.0,f,0,41,29,0.5,0.5,0.5,15,5.886104031450156
Mission,37.75119,-122.41427,Entire home/apt,2,260,4.98,t,0,21,53,0.5,0.5,0.5,20,5.220355825078324
Downtown/Civic Center,37.7892,-122.40955,Private room,2,12,5.0,t,19,324,15,0.5,1.0,0.5,4,5.14166355650266
Downtown/Civic Center,37.78773,-122.40768,Private room,2,7,4.71,t,29,127,17,0.5,1.0,0.5,4,5.313205979041787
Glen Park,37.73854,-122.42541,Entire home/apt,2,36,4.92,f,3,33,42,0.5,0.5,0.5,2,4.736198448394496
Russian Hill,37.8045,-122.42398,Entire home/apt,8,24,5.0,f,23,77,30,0.375,0.375,0.5,18,7.24422751560335
Western Addition,37.77257,-122.42509,Private room,2,285,4.91,t,8,254,42,0.5,0.5,1.0,6,4.8283137373023015
Russian Hill,37.80562,-122.41879,Entire home/apt,4,17,5.0,t,0,300,18,0.25,0.25,0.5,18,4.90527477843843
Haight Ashbury,37.77229,-122.44747,Entire home/apt,2,639,4.97,t,3,297,48,0.0,0.5,0.5,24,4.962844630259907
Noe Valley,37.74994,-122.44068,Entire home/apt,2,23,5.0,t,0,114,33,0.5,0.5,0.5,21,4.8283137373023015
Mission,37.76934,-122.42228,Entire home/apt,2,4,4.75,f,30,365,13,0.0,0.5,1.0,9,5.262690188904886
Potrero Hill,37.75975,-122.39576,Private room,2,193,4.91,t,1,326,32,0.5,0.5,0.5,7,4.7535901911063645
Downtown/Civic Center,37.78863,-122.41129,Entire home/apt,4,11,4.73,f,30,357,14,0.25,0.25,0.5,4,5.700443573390687
Bernal Heights,37.74069,-122.41052,Private room,1,14,5.0,f,17,291,43,1.0,1.0,1.0,2,4.499809670330265
Potrero Hill,37.75986,-122.40023,Entire home/apt,4,56,4.93,t,0,264,46,0.5,0.25,0.5,7,4.941642422609304
Downtown/Civic Center,37.7868,-122.41143,Entire home/apt,4,73,4.97,t,0,6,14,0.0,0.25,0.5,4,5.247024072160486
Bernal Heights,37.74062,-122.41069,Entire home/apt,5,189,4.93,t,0,293,67,0.6,0.2,0.6,2,6.118097198041348
Visitacion Valley,37.71799,-122.40414,Private room,6,120,4.96,t,21,111,78,0.5,0.3333333333333333,0.5,14,5.783825182329737
Bernal Heights,37.74282,-122.42033,Private room,2,185,4.89,t,18,18,45,0.5,0.5,0.5,2,4.477336814478207
Outer Sunset,37.76115,-122.49138,Entire home/apt,4,92,4.95,f,11,11,26,0.5,0.5,0.5,17,5.799092654460526
Bernal Heights,37.74049,-122.41637,Entire home/apt,4,30,4.7,t,9,221,37,0.25,0.25,0.5,2,4.700480365792417
Nob Hill,37.79635,-122.41354,Entire home/apt,3,156,4.81,t,23,34,29,0.3333333333333333,0.3333333333333333,0.3333333333333333,18,5.1298987149230735
Outer Mission,37.72702,-122.44316,Private room,2,132,4.95,t,5,34,50,0.0,0.5,1.0,5,4.727387818712341
Nob Hill,37.79617,-122.41428,Entire home/apt,2,88,4.89,t,0,61,27,0.5,0.5,0.5,18,5.135798437050262
Outer Richmond,37.77964,-122.48,Entire home/apt,8,142,4.46,f,30,365,36,0.375,0.125,0.25,15,5.480638923341991
Russian Hill,37.80462,-122.42198,Entire home/apt,6,20,4.9,f,29,364,46,0.3333333333333333,0.3333333333333333,0.3333333333333333,18,7.024649030453636
Western Addition,37.77327,-122.42565,Entire home/apt,6,72,4.79,t,0,166,70,0.5,0.16666666666666666,0.8333333333333334,6,5.541263545158426
Presidio Heights,37.78301,-122.45865,Entire home/apt,10,76,4.99,t,0,19,77,0.5,0.45,0.6,24,6.52649485957079
Pacific Heights,37.79039,-122.44014,Private room,2,73,4.95,f,10,133,51,0.5,0.5,0.5,3,5.455321115357702
Haight Ashbury,37.77291,-122.45231,Entire home/apt,6,54,4.96,t,0,71,77,0.3333333333333333,0.16666666666666666,0.6666666666666666,24,6.0063531596017325
Western Addition,37.77344,-122.42465,Private room,2,259,4.81,t,7,117,49,0.5,0.5,1.0,6,4.553876891600541
South of Market,37.77638,-122.40455,Entire home/apt,6,42,4.81,f,30,180,23,0.3333333333333333,0.3333333333333333,1.5,1,5.799092654460526
Marina,37.79683,-122.43497,Entire home/apt,4,4,4.5,f,0,335,17,0.5,0.5,0.5,3,5.966146739123692
Noe Valley,37.74547,-122.42524,Entire home/apt,2,22,4.91,t,0,274,51,0.5,0.5,0.5,13,4.990432586778736
Inner Richmond,37.78262,-122.46797,Entire home/apt,5,364,4.71,f,14,311,43,0.2,0.2,0.4,15,5.14166355650266
Bayview,37.71878,-122.39119,Entire home/apt,2,128,4.84,f,0,0,22,0.5,0.5,0.5,14,4.30406509320417
Visitacion Valley,37.71519195416774,-122.40320068786676,Entire home/apt,6,50,4.86,t,22,81,52,0.3333333333333333,0.16666666666666666,0.6666666666666666,14,5.049856007249537
Inner Sunset,37.76271,-122.45419,Entire home/apt,2,150,4.89,t,0,209,29,0.5,0.5,0.5,21,4.700480365792417
Noe Valley,37.7481438,-122.4358852,Entire home/apt,4,5,5.0,f,12,130,51,0.5,0.25,0.75,13,6.1463292576688975
Potrero Hill,37.75534,-122.4013,Entire home/apt,2,74,4.84,f,28,88,19,0.5,0.5,0.5,7,4.90527477843843
Bernal Heights,37.73339,-122.42694,Private room,1,26,5.0,f,11,286,32,1.0,2.0,1.0,2,3.713572066704308
Ocean View,37.71976,-122.45037,Entire home/apt,4,82,5.0,f,0,155,40,1.0,0.375,1.0,12,5.147494476813453
North Beach,37.8025,-122.40647,Entire home/apt,2,82,4.94,f,12,191,60,0.0,0.5,0.5,18,5.793013608384144
Haight Ashbury,37.76529,-122.44437,Entire home/apt,2,659,4.99,t,3,91,42,0.5,0.5,0.5,21,5.043425116919247
Pacific Heights,37.795406341552734,-122.4371566772461,Entire home/apt,4,9,5.0,t,0,320,22,0.5,0.5,0.5,3,6.163314804034641
Potrero Hill,37.7512,-122.40018,Private room,1,275,4.91,t,16,35,38,1.0,1.0,1.0,7,4.394449154672439
Nob Hill,37.79013,-122.4208,Private room,2,9,4.78,f,4,335,7,0.5,0.5,0.5,10,4.477336814478207
Nob Hill,37.79043,-122.41993,Private room,2,24,4.71,f,15,350,17,0.5,0.5,0.0,10,4.477336814478207
Nob Hill,37.792,-122.4193,Private room,2,28,4.54,f,0,335,9,0.5,0.5,0.5,10,4.343805421853684
Nob Hill,37.79249,-122.42137,Private room,2,21,4.81,f,0,269,9,0.5,0.5,0.5,10,4.787491742782046
Pacific Heights,37.79558,-122.43688,Entire home/apt,2,2,5.0,f,0,302,19,0.5,0.5,0.5,3,4.990432586778736
Presidio Heights,37.78718,-122.44982,Entire home/apt,2,0,0.0,f,0,182,22,0.5,0.5,0.5,24,5.278114659230517
Potrero Hill,37.7596,-122.39619,Private room,2,175,4.9,t,0,305,32,0.5,0.5,0.5,7,4.7535901911063645
Chinatown,37.79102,-122.40698,Entire home/apt,3,5,4.6,f,0,94,29,0.6666666666666666,0.3333333333333333,0.6666666666666666,4,5.003946305945459
Chinatown,37.79102,-122.40698,Entire home/apt,2,2,4.0,f,0,57,30,3.5,0.5,0.5,4,4.836281906951478
Mission,37.76493,-122.40559,Entire home/apt,2,381,4.82,f,7,221,34,0.5,0.5,0.5,7,5.099866427824199
Mission,37.76302,-122.41999,Entire home/apt,2,21,4.52,f,4,262,25,0.5,0.5,0.5,9,4.787491742782046
Mission,37.75837,-122.41092,Entire home/apt,4,16,3.81,f,1,217,25,0.5,0.5,0.75,20,4.736198448394496
Bernal Heights,37.74139,-122.41576,Entire home/apt,2,59,4.97,f,0,58,43,0.0,0.5,0.5,2,4.983606621708336
Noe Valley,37.74332,-122.42707,Entire home/apt,4,251,4.73,t,4,185,30,0.5,0.25,0.5,13,5.003946305945459
Western Addition,37.78320919638888,-122.44331089637916,Private room,1,40,5.0,t,0,89,39,1.0,1.0,1.0,24,4.727387818712341
Bernal Heights,37.73937,-122.4182,Entire home/apt,2,21,4.86,t,0,208,38,0.5,0.5,0.5,2,4.68213122712422
Castro/Upper Market,37.76023,-122.43581,Entire home/apt,2,37,5.0,t,0,234,51,0.5,0.5,0.5,21,4.941642422609304
Russian Hill,37.80061,-122.41355,Private room,1,124,4.82,f,0,300,26,1.0,1.5,1.0,18,4.060443010546419
Inner Richmond,37.77725,-122.47228,Entire home/apt,5,1,5.0,f,0,49,18,0.6,0.3,0.6,15,5.075173815233827
Outer Sunset,37.75693,-122.50463,Entire home/apt,10,20,5.0,f,6,93,51,0.5,0.35,0.5,17,7.181591944611865
Western Addition,37.77674,-122.43057,Entire home/apt,5,10,4.9,f,8,124,58,0.6,0.2,0.6,6,6.519147287940395
Haight Ashbury,37.77024,-122.44839,Entire home/apt,10,12,4.92,t,0,15,52,0.5,0.3,0.4,24,6.900730664045173
Chinatown,37.79102,-122.40698,Entire home/apt,2,4,5.0,f,0,150,32,0.5,0.5,0.5,4,4.812184355372417
Noe Valley,37.75251,-122.43317,Entire home/apt,2,50,4.86,t,0,228,33,0.5,0.5,0.5,13,4.836281906951478
Bernal Heights,37.74448,-122.41699,Entire home/apt,4,399,4.89,t,13,25,51,0.5,0.25,0.5,20,5.356586274672012
Bernal Heights,37.73835,-122.41134,Private room,2,459,4.83,t,8,144,28,0.5,0.5,1.0,2,4.174387269895637
Noe Valley,37.75223,-122.44055,Private room,1,18,4.72,f,6,328,51,1.0,1.0,1.0,21,4.51085950651685
Excelsior,37.72757,-122.41896,Entire home/apt,5,128,4.29,t,0,324,72,0.4,0.2,0.4,2,4.836281906951478
Noe Valley,37.75207,-122.4302,Entire home/apt,2,9,4.11,f,30,365,10,0.5,0.5,0.5,13,4.969813299576001
Mission,37.75903,-122.41457,Entire home/apt,5,121,4.88,t,30,365,24,1.0,0.3,1.0,20,6.60934924316738
Financial District,37.7978,-122.40407,Shared room,2,125,4.71,t,20,320,27,0.5,5.0,2.0,18,4.07753744390572
Pacific Heights,37.79095,-122.44489,Entire home/apt,2,138,4.63,t,0,333,29,0.5,0.5,0.5,3,4.787491742782046
Western Addition,37.78024,-122.43324,Private room,4,0,0.0,f,12,303,35,0.25,0.25,0.5,6,6.093569770045136
Western Addition,37.7803,-122.43326,Private room,2,0,0.0,f,6,289,14,0.5,0.5,0.5,6,5.886104031450156
Inner Richmond,37.77734,-122.47364,Private room,2,1,5.0,f,29,89,10,0.5,0.75,0.5,15,4.3694478524670215
Nob Hill,37.7919,-122.41946,Private room,2,12,4.75,f,11,346,6,0.5,0.5,0.5,10,4.189654742026425
Excelsior,37.72578,-122.42008,Entire home/apt,7,61,4.28,t,0,324,61,0.42857142857142855,0.2857142857142857,0.42857142857142855,2,5.153291594497779
Castro/Upper Market,37.76237,-122.42872,Entire home/apt,2,36,4.75,t,0,262,32,0.5,0.5,0.5,9,5.1647859739235145
Marina,37.80538,-122.44159,Entire home/apt,8,160,4.98,t,9,250,47,0.875,0.5,0.875,3,7.240649694255466
Marina,37.79811,-122.44181,Entire home/apt,4,24,4.67,f,0,0,34,0.5,0.375,0.75,3,6.473890696352274
Mission,37.75964,-122.41728,Entire home/apt,4,3,5.0,f,24,304,33,0.75,0.5,1.0,9,5.730099782973574
Bernal Heights,37.73782,-122.41694,Entire home/apt,2,523,4.97,t,10,10,23,0.5,0.5,0.5,2,4.442651256490317
Mission,37.75404,-122.42388,Entire home/apt,2,8,4.38,f,0,238,21,0.0,0.5,0.5,13,4.787491742782046
Russian Hill,37.80418,-122.42042,Entire home/apt,4,17,5.0,t,0,276,20,0.25,0.25,0.5,18,4.90527477843843
Downtown/Civic Center,37.78694,-122.40967,Entire home/apt,4,18,4.89,f,30,357,22,0.0,0.25,0.5,4,5.673323267171493
Mission,37.7563,-122.41114,Entire home/apt,6,9,4.89,f,0,335,22,0.5,0.16666666666666666,0.6666666666666666,20,5.1647859739235145
Potrero Hill,37.76095,-122.40534,Private room,2,521,4.93,t,4,20,51,0.5,0.5,0.5,7,4.634728988229636
Potrero Hill,37.76283,-122.40393,Private room,2,524,4.93,t,13,34,53,0.5,0.5,0.5,7,4.543294782270004
Marina,37.7975,-122.42544,Private room,2,250,4.6,f,30,265,30,0.5,0.5,0.5,10,4.787491742782046
Mission,37.75413,-122.4231,Entire home/apt,3,5,4.4,f,0,198,21,0.3333333333333333,0.3333333333333333,0.6666666666666666,13,4.605170185988092
Russian Hill,37.80614,-122.41996,Entire home/apt,5,5,4.6,t,0,244,20,0.2,0.2,0.4,18,5.736572297479192
Castro/Upper Market,37.76523,-122.42976,Entire home/apt,2,13,5.0,f,1,137,30,0.5,0.5,0.5,9,5.087596335232384
Inner Richmond,37.77614,-122.47758,Entire home/apt,5,46,4.98,f,0,38,30,0.6,0.3,0.8,15,6.1092475827643655
Pacific Heights,37.7971,-122.42438,Private room,4,287,4.59,f,0,237,20,0.25,0.25,0.5,10,5.0106352940962555
Marina,37.79909,-122.42424,Private room,4,264,4.62,f,0,237,20,0.25,0.25,0.5,10,5.003946305945459
Downtown/Civic Center,37.78784,-122.41036,Private room,4,80,4.9,t,27,54,27,0.0,0.25,0.5,4,5.488937726156687
Russian Hill,37.79934,-122.42407,Private room,4,152,4.51,f,0,237,21,0.25,0.25,0.5,10,5.003946305945459
Downtown/Civic Center,37.78784,-122.41036,Private room,4,105,4.88,t,24,51,27,0.0,0.25,0.5,4,5.488937726156687
Mission,37.77061,-122.42416,Entire home/apt,2,101,4.98,t,4,4,54,0.5,0.5,0.5,9,5.293304824724492
Excelsior,37.72492,-122.40852,Entire home/apt,3,342,4.98,t,3,122,30,0.3333333333333333,0.3333333333333333,0.3333333333333333,14,4.867534450455582
Inner Richmond,37.78158,-122.47609,Private room,2,13,4.69,f,0,330,7,0.5,0.5,0.5,15,4.382026634673881
Inner Richmond,37.78389,-122.47446,Private room,2,2,4.5,f,0,148,14,0.5,0.5,0.5,15,4.382026634673881
Castro/Upper Market,37.76425,-122.44025,Entire home/apt,3,43,4.98,t,0,121,62,0.3333333333333333,0.3333333333333333,0.6666666666666666,21,4.700480365792417
Castro/Upper Market,37.76159,-122.44218,Entire home/apt,2,13,4.92,f,24,359,59,0.5,0.5,0.5,21,6.543911845564792
Pacific Heights,37.79225,-122.4338,Entire home/apt,2,27,4.85,t,8,119,28,0.0,0.5,0.5,3,5.0106352940962555
Western Addition,37.7782,-122.44126,Entire home/apt,2,51,4.88,t,2,5,62,0.5,1.0,0.5,24,5.181783550292085
Western Addition,37.77731,-122.44329,Entire home/apt,9,60,5.0,t,0,308,48,0.5555555555555556,0.2222222222222222,0.5555555555555556,24,7.408530566894626
Western Addition,37.78565,-122.42323,Entire home/apt,4,12,4.42,t,4,339,21,0.25,0.25,0.5,10,4.955827057601261
Bayview,37.71557,-122.38789,Private room,2,225,4.74,f,16,27,43,0.5,0.5,0.5,14,4.700480365792417
Bayview,37.71647,-122.38993,Private room,2,62,4.81,f,12,12,57,0.5,0.5,0.5,14,4.465908118654584
Bayview,37.73552,-122.40474,Entire home/apt,2,412,4.81,t,3,44,27,0.5,0.5,0.5,14,5.231108616854587
Pacific Heights,37.78981,-122.44104,Entire home/apt,2,70,4.8,f,0,140,34,0.5,0.5,0.5,3,6.401917196727186
Visitacion Valley,37.71907,-122.40276,Private room,2,952,4.93,t,16,16,53,1.0,0.5,0.5,14,4.962844630259907
Downtown/Civic Center,37.7888,-122.40926,Entire home/apt,4,17,4.88,f,30,357,21,0.0,0.25,0.5,4,5.771441123130016
Inner Richmond,37.77559,-122.46291,Private room,1,88,4.63,t,18,110,16,1.0,1.0,1.0,15,4.189654742026425
Mission,37.75624,-122.411,Entire home/apt,1,17,4.59,f,0,193,38,0.0,1.0,1.0,20,4.007333185232471
Nob Hill,37.79107,-122.41131,Entire home/apt,2,30,4.97,t,4,308,28,0.5,0.5,0.5,4,4.8283137373023015
Downtown/Civic Center,37.78782,-122.41249,Private room,4,4,5.0,f,0,152,28,0.25,0.25,0.5,4,6.214608098422191
Bernal Heights,37.73771,-122.4164,Entire home/apt,4,289,4.82,f,12,321,48,0.25,0.25,0.5,2,4.990432586778736
Noe Valley,37.75184,-122.43703,Entire home/apt,4,14,4.5,f,0,0,29,0.5,0.375,0.5,13,4.962844630259907
Mission,37.75748,-122.42204,Entire home/apt,7,21,4.9,f,29,364,43,0.5714285714285714,0.2857142857142857,0.5714285714285714,9,6.317164686747284
South of Market,37.78778,-122.39185,Entire home/apt,2,14,4.71,f,5,264,25,0.5,0.5,0.5,1,5.204006687076795
Downtown/Civic Center,37.78952,-122.4133,Entire home/apt,2,82,4.87,f,0,227,46,0.5,0.5,0.5,4,5.429345628954441
Inner Richmond,37.78374,-122.47608,Private room,2,5,3.8,f,24,359,9,0.5,0.5,0.0,15,4.0943445622221
Outer Sunset,37.75161,-122.50635,Entire home/apt,4,28,4.89,f,13,254,37,0.5,0.25,0.5,17,5.4680601411351315
Castro/Upper Market,37.76685,-122.43323,Private room,1,529,4.95,t,5,31,65,1.0,1.5,1.0,6,4.68213122712422
Chinatown,37.79094,-122.40724,Entire home/apt,2,3,3.33,f,0,149,33,0.5,0.5,0.5,4,4.890349128221754
North Beach,37.80246,-122.40379,Entire home/apt,2,270,4.93,t,4,303,24,0.5,0.5,0.5,18,5.342334251964811
Outer Sunset,37.76258,-122.50215,Entire home/apt,3,330,4.85,t,16,237,48,0.3333333333333333,0.3333333333333333,1.3333333333333333,17,4.770684624465665
Haight Ashbury,37.77282,-122.43798,Entire home/apt,2,355,4.98,f,7,295,28,0.5,0.5,0.5,6,5.135798437050262
Noe Valley,37.74744,-122.43685,Entire home/apt,4,147,4.99,t,0,45,37,0.5,0.25,0.5,13,5.926926025970411
Bernal Heights,37.73711,-122.42345,Entire home/apt,2,41,4.95,t,24,105,51,0.0,0.5,0.5,2,4.7535901911063645
Castro/Upper Market,37.76421,-122.43397,Entire home/apt,4,253,4.96,t,8,52,42,0.5,0.25,0.5,6,5.703782474656201
Outer Sunset,37.76234,-122.49349,Entire home/apt,6,406,4.78,f,8,283,34,0.3333333333333333,0.25,0.5,17,5.0106352940962555
Mission,37.75894,-122.41187,Entire home/apt,6,66,4.97,f,20,21,57,0.3333333333333333,0.25,0.3333333333333333,20,6.1224928095143865
West of Twin Peaks,37.73616,-122.45413,Entire home/apt,2,165,4.97,t,2,159,38,0.5,0.5,0.5,19,4.330733340286331
Twin Peaks,37.74952,-122.44851,Entire home/apt,4,118,4.93,t,8,319,20,0.5,0.25,0.75,21,5.793013608384144
Western Addition,37.7716,-122.43245,Entire home/apt,2,163,4.88,t,4,126,34,0.0,0.5,0.5,6,4.584967478670572
Bernal Heights,37.74486,-122.41814,Entire home/apt,2,976,4.89,t,3,3,36,0.0,0.5,0.5,20,4.454347296253507
West of Twin Peaks,37.7284,-122.45757,Private room,1,36,4.81,t,6,156,37,1.0,0.5,1.0,19,4.174387269895637
West of Twin Peaks,37.7284,-122.45757,Private room,1,25,4.52,t,29,269,37,1.0,0.5,1.0,19,3.8066624897703196
West of Twin Peaks,37.7284,-122.45757,Private room,1,37,4.73,t,21,261,35,1.0,0.5,1.0,19,4.1588830833596715
Diamond Heights,37.74202,-122.43722,Entire home/apt,6,11,4.91,f,0,230,75,0.5,0.5,0.3333333333333333,13,5.857933154483459
Outer Mission,37.72912,-122.44475,Entire home/apt,2,810,4.9,t,13,231,32,0.5,0.5,0.5,5,4.718498871295094
Potrero Hill,37.75738,-122.38933,Entire home/apt,4,80,4.93,t,5,237,52,0.5,0.5,0.5,7,6.570882962339584
West of Twin Peaks,37.74303,-122.469,Entire home/apt,4,424,4.91,t,15,318,35,0.25,0.25,0.5,22,4.795790545596741
Downtown/Civic Center,37.78751,-122.40929,Entire home/apt,4,10,4.9,f,27,351,20,0.0,0.25,0.5,4,5.700443573390687
Financial District,37.78931,-122.40588,Private room,4,323,4.45,f,12,209,13,0.25,0.25,0.5,4,4.574710978503383
Inner Richmond,37.78017,-122.44899,Entire home/apt,4,16,5.0,t,0,205,32,0.5,0.25,1.5,24,4.8283137373023015
Financial District,37.78931,-122.40588,Private room,2,375,4.32,f,25,237,15,0.5,0.5,0.5,4,4.382026634673881
Marina,37.80572,-122.43545,Entire home/apt,2,418,4.94,t,8,218,64,0.5,0.5,0.5,3,5.616771097666572
West of Twin Peaks,37.73745,-122.45902,Entire home/apt,3,72,4.64,f,29,364,37,0.3333333333333333,0.3333333333333333,1.3333333333333333,19,5.247024072160486
Financial District,37.78835,-122.40489,Private room,2,58,4.48,f,17,224,14,0.5,0.5,0.5,4,4.382026634673881
Haight Ashbury,37.77502,-122.44072,Private room,2,92,5.0,t,0,186,23,0.5,0.5,0.5,24,4.852030263919617
Bayview,37.73791,-122.38596,Entire home/apt,4,366,4.84,f,28,178,43,0.5,0.25,0.5,14,5.220355825078324
Noe Valley,37.75491,-122.439186,Entire home/apt,4,136,4.96,t,0,243,57,0.5,0.25,0.5,21,6.263398262591624
South of Market,37.779,-122.40414,Entire home/apt,5,24,4.71,f,3,49,48,0.4,0.3,0.4,1,5.58724865840025
Financial District,37.78931,-122.40588,Private room,4,249,4.45,f,20,231,16,0.25,0.25,0.5,4,4.574710978503383
Downtown/Civic Center,37.78828,-122.4092,Entire home/apt,4,9,4.78,f,30,357,24,0.0,0.25,0.5,4,5.700443573390687
Western Addition,37.78015,-122.43604,Entire home/apt,2,68,4.91,f,0,233,18,0.0,0.5,0.0,6,4.852030263919617
Bernal Heights,37.73622,-122.42032,Entire home/apt,2,13,4.08,f,0,325,23,1.0,0.5,0.5,2,4.189654742026425
Crocker Amazon,37.70894,-122.44825,Private room,1,26,4.5,f,1,336,26,1.0,2.0,1.0,12,4.290459441148391
Bernal Heights,37.74333,-122.42094,Entire home/apt,2,25,4.88,t,0,296,51,0.5,0.5,1.0,2,4.51085950651685
Nob Hill,37.79455,-122.41029,Entire home/apt,5,13,4.69,t,0,314,43,0.4,0.3,0.6,4,5.0106352940962555
Mission,37.75698852539063,-122.41758728027344,Entire home/apt,6,57,4.86,t,0,107,69,0.5,0.16666666666666666,0.5,9,5.991464547107982
Bernal Heights,37.74349,-122.42139,Private room,2,197,4.87,t,21,21,47,2.0,0.5,0.5,2,4.454347296253507
North Beach,37.80329,-122.40633,Entire home/apt,2,1,5.0,f,0,146,26,0.5,0.5,0.5,18,5.0106352940962555
Castro/Upper Market,37.7683,-122.43016,Entire home/apt,4,219,4.78,f,0,274,11,0.5,0.5,0.5,6,5.877735781779639
Inner Richmond,37.78376,-122.47475,Private room,2,3,5.0,f,19,354,12,0.5,0.5,0.5,15,4.382026634673881
Inner Richmond,37.78238,-122.47629,Private room,2,4,4.0,f,0,212,11,0.5,0.5,0.0,15,4.382026634673881
Inner Richmond,37.78174,-122.47415,Private room,2,9,4.78,f,0,120,12,0.5,0.5,0.0,15,4.382026634673881
Nob Hill,37.79203,-122.42119,Private room,2,3,5.0,f,12,272,13,0.5,0.5,0.5,10,4.477336814478207
Nob Hill,37.79021,-122.41923,Private room,2,3,5.0,f,0,244,10,0.5,0.5,0.5,10,4.787491742782046
Financial District,37.78999,-122.40495,Private room,2,30,4.57,f,16,228,12,0.5,0.5,0.5,4,4.48863636973214
Mission,37.75213,-122.42359,Entire home/apt,3,7,5.0,f,0,128,21,0.3333333333333333,0.3333333333333333,0.3333333333333333,13,4.770684624465665
Twin Peaks,37.75805,-122.44453,Entire home/apt,3,19,4.68,f,0,243,37,0.3333333333333333,0.3333333333333333,0.3333333333333333,21,4.976733742420574
Inner Richmond,37.77564,-122.46332,Private room,3,94,4.79,t,1,331,63,0.3333333333333333,0.5,0.6666666666666666,15,4.969813299576001
Pacific Heights,37.79588,-122.42757,Entire home/apt,6,67,4.87,t,13,348,50,0.6666666666666666,0.5,0.6666666666666666,10,5.948034989180646
Haight Ashbury,37.77432,-122.43964,Entire home/apt,2,8,5.0,f,0,282,46,0.5,0.5,0.5,6,5.10594547390058
Castro/Upper Market,37.76271,-122.42657,Entire home/apt,2,74,5.0,t,18,318,49,0.5,0.5,0.5,9,4.6913478822291435
Bernal Heights,37.73337,-122.43138,Entire home/apt,1,16,4.69,f,0,327,29,1.0,1.5,1.0,5,4.553876891600541
Castro/Upper Market,37.76594543457031,-122.43437957763672,Private room,1,86,4.9,t,19,354,37,1.0,2.0,1.0,6,4.663439094112067
Visitacion Valley,37.71159,-122.40027,Private room,2,87,4.7,f,0,133,23,0.5,0.5,0.5,14,3.970291913552122
Outer Richmond,37.77479,-122.4808,Entire home/apt,2,186,4.82,t,14,70,43,0.5,0.5,0.5,15,5.0689042022202315
Financial District,37.78931,-122.40588,Private room,2,30,4.37,f,0,159,13,0.5,0.0,0.5,4,3.912023005428146
Parkside,37.74347077128174,-122.48450566020249,Entire home/apt,4,128,4.46,f,0,29,42,0.5,0.25,0.5,22,4.927253685157205
Financial District,37.78931,-122.40588,Private room,2,51,4.39,f,0,189,18,0.5,0.0,0.5,4,3.912023005428146
Potrero Hill,37.75841,-122.40113,Entire home/apt,2,52,4.98,t,1,152,57,0.0,0.5,1.0,7,4.997212273764115
Castro/Upper Market,37.76344,-122.44396,Entire home/apt,2,26,5.0,t,0,280,28,0.5,0.5,0.5,21,4.700480365792417
Haight Ashbury,37.77139,-122.45172,Entire home/apt,2,12,4.17,f,27,72,33,0.0,0.5,0.5,24,4.532599493153256
Haight Ashbury,37.76474,-122.4447,Entire home/apt,11,107,5.0,t,18,353,68,0.45454545454545453,0.3181818181818182,0.7272727272727273,21,7.408530566894626
Haight Ashbury,37.76726,-122.44599,Private room,2,170,4.89,t,11,133,55,0.5,0.5,0.5,21,4.736198448394496
Financial District,37.78931,-122.40588,Private room,2,335,4.32,f,22,234,14,0.5,0.5,0.5,4,4.382026634673881
Nob Hill,37.79044,-122.41776,Entire home/apt,10,123,4.83,f,0,276,46,0.5,0.35,0.7,10,5.926926025970411
Western Addition,37.78102,-122.43039,Entire home/apt,2,20,4.85,t,0,111,43,0.5,0.5,0.5,6,5.19295685089021
Castro/Upper Market,37.76016087663808,-122.42848682403564,Entire home/apt,4,74,5.0,f,21,40,56,0.5,0.375,0.5,9,6.354370040797351
Financial District,37.78931,-122.40588,Private room,2,315,4.35,f,11,222,14,0.5,0.5,0.5,4,4.382026634673881
Financial District,37.78931,-122.40588,Private room,4,253,4.32,f,19,231,13,0.25,0.25,0.5,4,4.574710978503383
Bernal Heights,37.74684,-122.40721,Entire home/apt,2,49,4.94,t,0,52,34,0.5,0.5,0.5,20,4.499809670330265
Mission,37.76156,-122.42059,Private room,2,676,4.97,t,4,309,50,0.5,0.5,0.5,9,5.087596335232384
Financial District,37.78931,-122.40588,Private room,2,317,4.36,f,21,229,15,0.5,0.5,0.5,4,4.48863636973214
Financial District,37.78931,-122.40588,Private room,2,312,4.34,f,10,222,14,0.5,0.5,0.5,4,4.382026634673881
Inner Richmond,37.78074,-122.47458,Entire home/apt,4,23,4.35,f,0,327,48,0.5,0.5,0.75,15,4.875197323201151
Russian Hill,37.80154,-122.4131,Entire home/apt,4,57,4.89,t,0,73,57,0.5,0.625,0.5,18,6.535241271013659
Parkside,37.74286,-122.47479,Entire home/apt,2,293,4.83,t,15,165,38,0.5,0.5,0.5,22,4.624972813284271
Financial District,37.78931,-122.40588,Private room,2,350,4.39,f,15,209,15,0.5,0.5,0.5,4,4.382026634673881
Chinatown,37.79241,-122.40667,Entire home/apt,2,18,4.72,f,0,100,41,0.5,0.5,0.5,4,4.74493212836325
North Beach,37.80451,-122.41351,Private room,1,88,4.74,f,0,226,40,1.0,1.5,1.0,18,4.48863636973214
Haight Ashbury,37.7649,-122.45246,Entire home/apt,2,55,4.96,f,0,201,48,0.0,0.5,0.5,21,4.727387818712341
Western Addition,37.77359,-122.42441,Private room,1,144,4.81,t,0,122,47,1.0,1.0,1.0,6,4.127134385045092
Western Addition,37.76969,-122.42818,Entire home/apt,1,4,5.0,f,0,150,42,0.0,1.0,1.0,6,4.8283137373023015
North Beach,37.79833,-122.40439,Entire home/apt,2,14,4.71,f,0,301,34,0.5,0.5,0.5,18,4.634728988229636
Outer Mission,37.73093,-122.4525,Entire home/apt,4,294,4.86,t,1,241,58,0.25,0.25,0.5,19,5.356586274672012
Russian Hill,37.79713,-122.42298,Entire home/apt,4,103,4.79,t,4,78,56,0.25,0.25,0.75,10,5.081404364984463
North Beach,37.7984,-122.4042,Entire home/apt,2,17,4.88,t,4,172,37,0.5,0.5,0.5,18,4.700480365792417
Potrero Hill,37.76344,-122.39494,Private room,2,334,4.94,t,3,261,37,0.5,0.5,0.5,7,4.969813299576001
Financial District,37.78931,-122.40588,Private room,4,278,4.44,f,15,215,15,0.25,0.25,0.5,4,4.564348191467836
Diamond Heights,37.74569,-122.44739,Private room,2,313,4.95,f,29,89,40,0.5,0.5,0.5,21,4.127134385045092
Nob Hill,37.79112,-122.41198,Entire home/apt,4,38,4.55,t,4,296,66,0.25,0.25,0.5,4,4.77912349311153
Lakeshore,37.73555,-122.48153,Private room,2,487,4.94,t,20,256,23,0.5,0.5,0.5,22,4.7535901911063645
Pacific Heights,37.78902,-122.44154,Private room,2,42,5.0,t,8,257,24,0.5,0.5,0.5,3,5.1298987149230735
Western Addition,37.77519794143242,-122.42698372695982,Entire home/apt,3,7,5.0,f,2,320,16,0.3333333333333333,0.3333333333333333,0.3333333333333333,6,6.26530121273771
Bernal Heights,37.74694039795461,-122.40795547586434,Entire home/apt,4,135,4.78,f,2,53,54,0.5,0.25,0.75,20,5.159055299214529
Nob Hill,37.79011,-122.42138,Private room,1,13,4.69,f,2,337,13,1.0,1.0,1.0,10,3.828641396489095
Downtown/Civic Center,37.78602,-122.41434,Private room,1,29,4.55,t,9,325,16,2.0,0.0,1.0,4,4.48863636973214
Mission,37.76142,-122.41853,Entire home/apt,2,16,4.19,f,12,215,23,0.0,0.5,0.5,9,4.48863636973214
Castro/Upper Market,37.76236,-122.4295,Entire home/apt,2,296,4.98,t,11,152,33,0.0,0.5,0.5,9,5.10594547390058
Inner Richmond,37.77885,-122.45576,Entire home/apt,4,88,4.7,f,0,81,30,0.5,0.5,0.5,24,5.159055299214529
Bernal Heights,37.747303,-122.409706,Entire home/apt,2,275,4.93,t,14,133,52,0.5,0.5,0.5,20,4.90527477843843
Castro/Upper Market,37.76898,-122.43406,Entire home/apt,3,138,4.93,t,16,235,72,0.3333333333333333,0.3333333333333333,0.6666666666666666,6,4.8283137373023015
Castro/Upper Market,37.76074,-122.42878,Entire home/apt,4,48,4.94,f,0,59,63,0.5,0.25,0.5,9,5.697093486505405
Castro/Upper Market,37.76446,-122.42874,Entire home/apt,2,276,4.97,t,8,137,50,0.5,0.75,0.5,9,5.332718793265369
Russian Hill,37.80604,-122.42302,Entire home/apt,4,283,4.97,t,9,51,38,0.25,0.25,0.5,18,5.424950017481403
Outer Mission,37.72843,-122.45208,Entire home/apt,2,309,4.97,t,3,299,41,0.0,0.5,0.5,5,4.90527477843843
West of Twin Peaks,37.74277,-122.45686,Entire home/apt,2,78,4.91,t,1,306,39,0.0,0.5,0.5,19,5.087596335232384
Noe Valley,37.75275,-122.4412,Entire home/apt,4,173,4.96,t,15,58,31,0.5,0.25,0.5,21,6.1092475827643655
Potrero Hill,37.7542299,-122.3994279,Private room,2,201,4.62,t,1,275,47,0.5,0.5,0.5,7,4.499809670330265
Downtown/Civic Center,37.78543,-122.41439,Private room,1,156,4.56,t,20,267,13,1.0,0.0,1.0,4,4.48863636973214
Downtown/Civic Center,37.78709,-122.41434,Private room,1,74,4.53,t,5,303,14,1.0,0.5,0.0,4,4.3694478524670215
Castro/Upper Market,37.75813674926758,-122.43438720703124,Entire home/apt,3,5,5.0,f,0,9,49,0.3333333333333333,0.3333333333333333,0.3333333333333333,13,5.247024072160486
Excelsior,37.71745,-122.42917,Private room,2,104,4.75,t,11,238,12,0.5,0.5,0.5,12,4.007333185232471
Nob Hill,37.79092,-122.42124,Private room,2,14,4.36,f,1,336,11,0.5,0.5,0.5,10,4.418840607796598
Nob Hill,37.7923,-122.42145,Private room,2,5,5.0,f,0,252,12,0.5,0.5,0.5,10,4.477336814478207
Nob Hill,37.79181,-122.41943,Private room,2,3,5.0,f,9,263,13,0.5,0.5,0.5,10,4.477336814478207
Bernal Heights,37.74503,-122.41992,Entire home/apt,3,324,4.93,t,3,55,22,0.0,0.3333333333333333,0.3333333333333333,20,4.553876891600541
Nob Hill,37.79241,-122.41953,Private room,2,5,4.8,f,0,274,15,0.5,0.5,0.5,10,4.477336814478207
Nob Hill,37.79193,-122.42138,Private room,2,8,4.88,f,2,257,11,0.5,0.5,0.5,10,4.787491742782046
North Beach,37.80512,-122.41524,Private room,1,42,4.88,f,1,285,34,1.0,1.5,1.0,18,4.04305126783455
Outer Sunset,37.76148,-122.49266,Entire home/apt,2,79,4.92,t,7,25,52,0.5,0.5,2.0,17,4.812184355372417
Downtown/Civic Center,37.78533,-122.41411,Private room,2,74,4.53,t,18,300,20,0.5,0.0,0.5,4,4.59511985013459
West of Twin Peaks,37.73643,-122.45206,Private room,1,27,5.0,f,0,29,38,1.0,1.5,1.0,19,3.912023005428146
Bernal Heights,37.73553,-122.41278,Private room,2,911,4.94,t,13,190,20,0.5,0.5,0.5,2,4.356708826689592
Western Addition,37.77684,-122.43875,Entire home/apt,2,34,4.85,t,4,309,26,0.0,0.5,0.5,6,4.499809670330265
North Beach,37.80251,-122.40691,Entire home/apt,2,79,4.73,t,30,270,23,0.5,0.5,0.5,18,5.123963979403259
Mission,37.75055,-122.41546,Entire home/apt,5,59,4.83,t,8,69,20,0.4,0.2,0.6,20,5.5134287461649825
Marina,37.79977,-122.42607,Private room,2,331,4.94,t,7,306,11,0.5,0.5,0.5,10,4.605170185988092
Outer Sunset,37.75175,-122.50419,Entire home/apt,4,397,4.95,f,11,62,43,0.5,0.25,0.5,17,5.541263545158426
West of Twin Peaks,37.73333,-122.45911,Entire home/apt,3,319,4.95,t,18,348,62,0.3333333333333333,0.3333333333333333,0.6666666666666666,19,5.1647859739235145
Castro/Upper Market,37.75893,-122.43801,Entire home/apt,2,676,4.95,t,5,311,29,0.5,0.5,0.5,21,5.313205979041787
Haight Ashbury,37.7737,-122.45116,Entire home/apt,6,143,4.97,t,3,58,42,0.6666666666666666,0.3333333333333333,0.6666666666666666,24,7.003065458786462
Nob Hill,37.79172,-122.41912,Private room,1,13,4.38,f,0,32,16,1.0,1.0,1.0,10,4.189654742026425
Haight Ashbury,37.77003,-122.44286,Entire home/apt,9,44,4.52,f,30,365,32,0.4444444444444444,0.16666666666666666,0.5555555555555556,24,6.249975242259483
Bayview,37.7300669806194,-122.38995576362127,Entire home/apt,3,110,4.67,f,18,258,47,0.3333333333333333,0.3333333333333333,0.6666666666666666,14,4.564348191467836
Nob Hill,37.79245,-122.41983,Private room,1,1,5.0,f,16,351,10,1.0,1.0,1.0,10,4.189654742026425
Outer Sunset,37.76103,-122.50152,Entire home/apt,2,97,4.96,f,0,200,38,0.5,0.5,0.5,17,5.298317366548036
Outer Richmond,37.77608,-122.47894,Entire home/apt,5,51,4.94,f,0,200,37,0.6,0.3,0.8,15,6.052089168924417
Noe Valley,37.75587,-122.43411,Private room,1,5,5.0,f,15,85,68,1.0,1.5,1.0,13,4.174387269895637
Western Addition,37.77423477172852,-122.42544555664062,Entire home/apt,2,252,4.89,t,6,42,55,0.5,0.5,0.5,6,5.1298987149230735
South of Market,37.78766,-122.39052,Entire home/apt,1,28,4.86,t,0,188,68,1.0,1.0,1.0,1,5.017279836814924
Castro/Upper Market,37.76697,-122.4391,Entire home/apt,2,48,4.98,f,0,65,25,0.5,0.5,0.0,6,5.752572638825633
Marina,37.80411,-122.44081,Entire home/apt,2,76,4.89,f,0,274,33,0.5,0.5,0.5,3,6.234410725718371
Twin Peaks,37.74835,-122.44566,Entire home/apt,6,2,4.5,t,0,292,24,0.5,0.4166666666666667,0.6666666666666666,21,5.262690188904886
Crocker Amazon,37.70951,-122.449,Private room,1,25,4.56,f,19,354,42,1.0,2.0,1.0,12,3.9512437185814275
Noe Valley,37.755706787109375,-122.42703247070312,Entire home/apt,6,22,4.91,t,0,39,45,0.5,0.3333333333333333,0.5,13,6.20455776256869
Outer Mission,37.71096,-122.44862,Private room,1,27,4.52,f,21,335,29,1.0,2.0,1.0,12,4.1588830833596715
North Beach,37.80172,-122.4035,Entire home/apt,6,34,4.59,t,7,268,37,0.6666666666666666,0.3333333333333333,0.6666666666666666,18,5.998936561946683
Outer Sunset,37.75834,-122.50591,Entire home/apt,2,6,5.0,t,26,299,61,0.5,0.5,1.0,17,4.634728988229636
Castro/Upper Market,37.76454,-122.43476,Entire home/apt,2,445,4.95,t,3,9,44,0.5,0.5,0.5,6,5.111987788356544
Western Addition,37.78353,-122.44664,Entire home/apt,2,103,4.94,t,14,146,59,0.5,0.5,0.5,24,5.529429087511423
Castro/Upper Market,37.76165,-122.42766,Entire home/apt,2,3,3.67,f,0,150,30,0.5,0.5,0.0,9,4.51085950651685
Russian Hill,37.80219,-122.4158,Entire home/apt,2,0,0.0,f,29,178,28,0.5,0.5,1.0,18,4.875197323201151
Noe Valley,37.74966,-122.43774,Entire home/apt,6,73,5.0,t,3,39,52,0.6666666666666666,0.5,0.6666666666666666,13,6.835184586147301
Pacific Heights,37.78876,-122.44591,Entire home/apt,3,502,4.95,t,10,334,29,0.3333333333333333,0.3333333333333333,0.3333333333333333,24,5.5093883366279774
Outer Sunset,37.75799,-122.50769,Entire home/apt,2,189,4.9,f,10,51,39,0.5,0.5,0.0,17,4.9344739331306915
Parkside,37.74411,-122.47555,Private room,2,14,4.64,f,27,362,32,0.5,0.5,0.5,22,4.110873864173311
Potrero Hill,37.75625819583144,-122.39935530926554,Entire home/apt,6,20,5.0,t,13,225,55,0.3333333333333333,0.3333333333333333,0.5,7,6.040254711277414
Pacific Heights,37.79677,-122.42824,Entire home/apt,6,41,4.93,t,0,219,50,0.5,0.4166666666666667,0.5,10,6.115892125483034
Chinatown,37.79206,-122.40817,Entire home/apt,2,29,5.0,t,0,330,31,0.5,0.5,0.5,4,4.653960350157523
Outer Sunset,37.74699,-122.47593,Private room,2,253,4.87,t,23,261,40,0.5,1.0,0.5,22,4.564348191467836
Russian Hill,37.80485,-122.42075,Entire home/apt,2,2,5.0,f,0,335,28,0.5,0.5,0.5,18,4.941642422609304
Bernal Heights,37.73354,-122.4228,Entire home/apt,2,178,4.93,t,13,134,29,0.5,0.5,0.5,2,5.3612921657094255
Castro/Upper Market,37.76342,-122.4327,Private room,2,280,4.87,t,9,315,30,0.5,0.5,0.5,6,4.77912349311153
Haight Ashbury,37.774892239761336,-122.43976396737014,Entire home/apt,6,73,4.9,t,6,152,54,0.5,0.4166666666666667,0.5,6,6.635946555686647
Pacific Heights,37.79213,-122.44256,Entire home/apt,2,363,4.99,t,14,15,39,0.5,0.5,1.0,3,5.68697535633982
Mission,37.75325393676758,-122.41378021240234,Entire home/apt,2,125,4.82,t,22,182,52,0.5,0.5,0.5,20,4.343805421853684
Bayview,37.73439,-122.387894,Private room,6,245,4.9,t,0,212,59,0.5,0.5,0.5,14,5.393627546352362
Downtown/Civic Center,37.78661,-122.4142,Private room,1,95,4.62,t,18,347,15,1.0,1.0,1.0,4,4.248495242049359
Mission,37.76296,-122.42,Entire home/apt,2,23,4.22,f,7,318,24,0.5,0.5,0.5,9,4.356708826689592
Bernal Heights,37.7345,-122.42515,Entire home/apt,4,6,4.5,t,0,12,47,0.75,0.375,0.75,2,4.90527477843843
Downtown/Civic Center,37.78784,-122.41036,Private room,4,55,4.87,t,28,55,27,0.0,0.25,0.5,4,5.488937726156687
Noe Valley,37.74768829345703,-122.42521667480467,Private room,2,187,4.96,t,16,244,51,0.5,0.5,0.5,13,4.330733340286331
Parkside,37.74838,-122.47307,Entire home/apt,4,16,4.81,f,10,152,51,0.5,0.25,0.5,22,5.662960480135946
Western Addition,37.77135,-122.43097,Entire home/apt,5,10,4.7,f,27,333,27,0.4,0.2,0.6,6,5.3981627015177525
Nob Hill,37.79142,-122.41726,Entire home/apt,10,137,4.86,f,0,276,57,0.5,0.35,0.6,10,6.380122536899765
Outer Mission,37.72268,-122.44016,Private room,1,68,4.85,f,7,275,33,2.0,1.0,1.0,12,4.1588830833596715
Outer Mission,37.72366,-122.43981,Private room,1,152,4.84,f,1,303,35,1.0,1.0,1.0,12,3.9318256327243257
Outer Mission,37.72345,-122.43956,Entire home/apt,8,123,4.97,t,15,331,72,0.25,0.125,0.375,12,4.997212273764115
Marina,37.80099437300132,-122.44509431008797,Entire home/apt,4,174,4.92,t,19,165,57,0.25,0.25,0.5,3,5.598421958998375
Russian Hill,37.79939,-122.41346,Entire home/apt,4,0,0.0,f,0,304,24,0.5,0.5,0.5,18,5.429345628954441
Inner Richmond,37.77911,-122.4482,Entire home/apt,4,73,4.97,f,23,83,31,0.25,0.25,0.25,24,5.707110264748875
Outer Sunset,37.74709,-122.47622,Private room,2,271,4.91,t,30,270,40,0.5,1.0,0.5,22,4.605170185988092
Chinatown,37.79662,-122.4091,Entire home/apt,2,112,4.93,f,0,58,39,0.5,0.5,0.5,18,5.638354669333745
Mission,37.75795,-122.41748,Private room,4,2,5.0,t,21,113,33,0.5,0.25,0.5,9,5.389071729816501
Mission,37.75138,-122.41016,Entire home/apt,5,13,4.92,f,4,18,39,0.6,0.4,0.6,20,6.1224928095143865
West of Twin Peaks,37.74311,-122.45086,Entire home/apt,2,309,4.94,t,29,60,35,0.5,0.5,0.5,19,6.405228458030842
Inner Richmond,37.78376,-122.47443,Private room,2,3,5.0,f,25,43,18,0.5,0.5,0.5,15,4.382026634673881
Inner Richmond,37.77611,-122.47063,Entire home/apt,4,21,4.86,t,0,50,48,0.5,0.375,0.5,15,5.579729825986222
Chinatown,37.79294,-122.40806,Entire home/apt,4,22,5.0,t,0,303,24,0.0,0.25,0.5,4,4.700480365792417
Bayview,37.72068,-122.39141,Private room,3,76,4.82,f,21,171,41,0.3333333333333333,0.3333333333333333,0.3333333333333333,14,4.31748811353631
Nob Hill,37.79528,-122.41884,Entire home/apt,4,16,4.88,f,0,75,21,0.75,0.25,0.75,10,4.6913478822291435
Western Addition,37.77494,-122.42638,Entire home/apt,4,263,4.98,t,0,186,54,0.25,0.25,0.5,6,6.220590170099739
Bernal Heights,37.73246,-122.41803,Entire home/apt,2,8,4.5,t,0,243,26,0.5,0.5,0.5,2,4.219507705176107
Chinatown,37.79488,-122.40518,Entire home/apt,2,3,4.0,t,0,304,25,0.5,0.5,1.0,4,4.653960350157523
Potrero Hill,37.75305,-122.39995,Entire home/apt,8,12,4.83,f,0,212,41,0.375,0.25,0.5,7,5.480638923341991
Downtown/Civic Center,37.78552,-122.4143,Entire home/apt,2,8,4.0,f,14,254,15,0.0,0.5,0.5,4,4.330733340286331
Potrero Hill,37.75784,-122.38972,Entire home/apt,2,57,4.95,t,0,243,42,0.5,0.5,0.5,7,5.849324779946859
Twin Peaks,37.74717,-122.44827,Entire home/apt,5,27,4.78,f,24,174,31,0.4,0.4,0.6,21,6.1224928095143865
Nob Hill,37.79325,-122.41694,Entire home/apt,4,22,5.0,f,30,365,30,0.25,0.25,0.75,10,5.5254529391317835
Inner Richmond,37.78369,-122.46364,Private room,3,426,4.71,f,13,162,20,0.3333333333333333,0.6666666666666666,0.6666666666666666,15,4.143134726391533
Inner Richmond,37.78157,-122.46359,Private room,4,474,4.7,f,15,161,22,0.25,0.5,0.5,15,4.23410650459726
Nob Hill,37.79418,-122.41437,Entire home/apt,2,47,4.89,t,15,193,41,0.5,0.5,0.5,4,5.017279836814924
Outer Sunset,37.76187,-122.50718,Entire home/apt,2,648,4.94,t,9,15,32,0.5,0.5,0.5,17,5.356586274672012
Castro/Upper Market,37.75641,-122.43334,Entire home/apt,6,34,5.0,t,0,224,50,0.3333333333333333,0.4166666666666667,0.5,13,5.857933154483459
Inner Richmond,37.779643493524446,-122.45465123119868,Entire home/apt,4,209,4.94,t,7,58,59,0.25,0.25,0.5,24,5.700443573390687
Outer Sunset,37.7557,-122.50333,Entire home/apt,2,234,4.93,t,12,71,30,0.5,0.5,0.5,17,4.897839799950911
Downtown/Civic Center,37.78726,-122.41428,Private room,2,27,4.59,t,20,330,10,0.0,0.0,0.5,4,4.653960350157523
Bernal Heights,37.74087,-122.41257,Entire home/apt,4,153,4.99,t,0,170,57,0.5,0.25,0.5,2,6.255750041753367
Marina,37.80078,-122.43121,Entire home/apt,3,1,5.0,f,30,365,30,1.0,0.3333333333333333,0.6666666666666666,3,5.8944028342648505
Castro/Upper Market,37.76167,-122.44449,Entire home/apt,2,376,4.89,t,14,19,50,0.5,0.5,0.5,21,4.762173934797756
West of Twin Peaks,37.74365,-122.45889,Entire home/apt,3,435,4.75,f,5,206,54,0.0,0.3333333333333333,0.3333333333333333,19,4.406719247264253
Castro/Upper Market,37.7673,-122.44015,Entire home/apt,2,130,4.92,t,6,309,22,0.5,0.5,0.5,6,5.231108616854587
Excelsior,37.71536,-122.43554,Entire home/apt,6,38,4.87,t,5,233,61,0.5,0.3333333333333333,0.5,12,5.25227342804663
Noe Valley,37.74912,-122.43861,Entire home/apt,4,144,4.74,t,8,37,35,0.5,0.5,0.75,13,5.645446897643238
Downtown/Civic Center,37.78827,-122.41137,Entire home/apt,4,21,4.95,f,30,365,30,0.0,0.25,0.5,4,5.971261839790462
Outer Sunset,37.75779,-122.49204,Entire home/apt,2,155,4.93,t,6,69,41,0.5,0.5,0.5,17,5.231108616854587
West of Twin Peaks,37.74296042010523,-122.46428073245532,Entire home/apt,4,127,4.91,t,9,45,35,0.5,0.25,0.5,19,5.501258210544727
Marina,37.80077,-122.42981,Entire home/apt,6,19,4.74,f,10,335,36,0.5,0.3333333333333333,0.5,3,5.8377304471659395
Bernal Heights,37.74774,-122.40776,Private room,2,340,4.98,t,17,249,39,0.5,0.75,0.5,20,5.017279836814924
Noe Valley,37.74436,-122.4323,Entire home/apt,4,28,4.89,t,14,108,29,0.5,0.25,0.5,13,4.859812404361672
Mission,37.75502,-122.40762,Entire home/apt,2,57,4.84,t,26,266,51,0.5,0.5,0.5,20,5.955837369464831
Downtown/Civic Center,37.78904,-122.41013,Entire home/apt,4,11,4.73,f,30,361,22,0.0,0.25,0.5,4,5.676753802268282
Haight Ashbury,37.77316,-122.44788,Entire home/apt,4,25,4.88,f,0,260,28,0.5,0.375,0.5,24,5.71042701737487
Western Addition,37.78025,-122.44239,Entire home/apt,4,52,4.85,f,0,212,34,0.5,0.25,0.5,24,5.147494476813453
Downtown/Civic Center,37.78666,-122.4093,Entire home/apt,4,5,4.8,f,30,365,18,0.0,0.25,0.5,4,5.717027701406222
Inner Richmond,37.78157,-122.46191,Private room,4,540,4.73,f,12,157,21,0.25,0.5,0.5,15,4.290459441148391
Russian Hill,37.79722,-122.41789,Entire home/apt,3,383,4.96,t,4,180,45,0.0,0.3333333333333333,0.6666666666666666,18,5.3471075307174685
Nob Hill,37.79586,-122.41915,Private room,2,27,4.67,t,0,233,16,0.0,0.5,0.5,10,3.912023005428146
Bayview,37.73306,-122.39551,Entire home/apt,8,26,5.0,t,10,43,46,0.5,0.25,0.625,14,5.598421958998375
Outer Sunset,37.76261,-122.50133,Entire home/apt,2,256,4.75,f,29,176,31,0.5,0.5,0.5,17,5.262690188904886
Western Addition,37.77029,-122.43528,Entire home/apt,2,52,4.94,t,0,29,26,1.0,0.5,1.0,6,5.978885764901122
Presidio Heights,37.78779,-122.45167,Entire home/apt,2,6,4.17,f,0,185,27,0.5,0.5,0.5,24,4.770684624465665
Inner Richmond,37.77787,-122.44858,Entire home/apt,5,14,4.93,f,16,341,58,0.6,0.4,0.6,24,6.910750787961936
West of Twin Peaks,37.72937,-122.46126,Entire home/apt,5,121,4.84,t,6,230,30,0.4,0.2,0.4,19,5.308267697401205
Noe Valley,37.74826,-122.42699,Entire home/apt,4,30,4.8,f,0,265,55,0.5,0.25,0.5,13,4.969813299576001
Western Addition,37.78628,-122.43754,Entire home/apt,1,114,4.82,t,0,42,45,1.0,1.0,1.0,3,4.477336814478207
Chinatown,37.79187,-122.40679,Private room,6,615,4.95,t,0,292,33,0.16666666666666666,0.16666666666666666,0.3333333333333333,4,4.897839799950911
Haight Ashbury,37.77617603568005,-122.44193679038194,Entire home/apt,2,87,4.95,t,9,195,42,0.5,0.5,0.5,24,5.375278407684165
Castro/Upper Market,37.76017,-122.44277,Entire home/apt,2,16,5.0,t,8,11,58,0.5,0.5,0.5,21,5.389071729816501
Western Addition,37.77403,-122.42561,Entire home/apt,4,43,4.95,t,0,131,52,0.5,0.25,0.5,6,6.1092475827643655
Bayview,37.73452,-122.39793,Entire home/apt,3,309,4.95,t,17,161,56,0.3333333333333333,0.3333333333333333,0.6666666666666666,14,5.220355825078324
Outer Sunset,37.75178,-122.49341,Private room,4,646,4.91,t,10,218,58,0.25,0.25,0.5,17,4.672828834461906
Potrero Hill,37.76215,-122.40054,Entire home/apt,10,17,4.94,t,15,100,16,0.4,0.2,0.4,7,5.857933154483459
Downtown/Civic Center,37.78593,-122.41463,Entire home/apt,2,2,3.5,f,2,241,18,0.0,0.5,0.5,4,4.356708826689592
Outer Sunset,37.75277,-122.49539,Private room,2,546,4.92,t,3,229,54,0.5,0.5,0.5,17,4.219507705176107
Outer Sunset,37.74798,-122.50688,Entire home/apt,2,236,4.97,t,1,27,38,0.5,0.5,0.5,17,4.454347296253507
Downtown/Civic Center,37.78599,-122.41465,Entire home/apt,3,0,0.0,f,2,241,17,0.0,0.3333333333333333,0.3333333333333333,4,4.61512051684126
Glen Park,37.74033,-122.4304,Entire home/apt,4,16,5.0,t,0,147,38,0.5,0.25,0.5,13,5.703782474656201
Bernal Heights,37.73883,-122.41796,Entire home/apt,4,122,4.93,f,10,117,70,0.5,0.25,0.5,2,5.3612921657094255
Castro/Upper Market,37.75958,-122.44256,Entire home/apt,3,15,5.0,t,0,106,59,1.0,0.6666666666666666,1.0,21,5.918893854273146
Mission,37.75798,-122.41473,Entire home/apt,4,5,5.0,f,23,254,29,0.5,0.625,0.5,20,6.214608098422191
Outer Sunset,37.76302,-122.48987,Entire home/apt,3,329,4.95,t,10,200,51,0.3333333333333333,0.3333333333333333,0.6666666666666666,17,4.976733742420574
Marina,37.80542,-122.44152,Entire home/apt,4,7,5.0,f,0,331,49,0.5,0.375,0.5,3,5.521460917862246
Castro/Upper Market,37.76033,-122.43142,Entire home/apt,2,279,4.93,t,8,63,34,0.5,0.5,0.5,9,5.135798437050262
Western Addition,37.77633,-122.44402,Entire home/apt,4,20,5.0,t,0,331,67,0.25,0.25,0.5,24,5.1647859739235145
Outer Mission,37.72991,-122.44753,Entire home/apt,2,197,4.83,f,9,292,39,0.5,0.5,0.5,5,4.204692619390966
Noe Valley,37.75163,-122.44162,Entire home/apt,1,48,5.0,f,30,270,40,2.0,1.0,1.0,21,5.384495062789089
Visitacion Valley,37.71972,-122.40361,Entire home/apt,5,527,4.91,t,25,265,25,0.2,0.2,0.4,14,4.844187086458591
Bernal Heights,37.74735,-122.41016,Entire home/apt,4,42,4.81,f,0,62,39,0.5,0.5,0.5,20,5.030437921392435
Presidio Heights,37.7861,-122.45186,Entire home/apt,2,4,3.5,f,0,274,25,0.5,0.5,0.5,24,4.836281906951478
Inner Richmond,37.7805,-122.47071,Entire home/apt,4,30,4.93,f,29,145,25,0.75,0.5,1.0,15,5.886104031450156
Western Addition,37.77408,-122.4306,Private room,2,232,4.92,t,6,106,50,0.5,0.5,0.5,6,4.718498871295094
Western Addition,37.77401,-122.43051,Private room,1,181,4.91,t,8,202,44,1.0,1.0,1.0,6,4.343805421853684
Outer Mission,37.72146,-122.43942,Entire home/apt,12,4,5.0,t,0,66,38,0.25,0.16666666666666666,0.4166666666666667,12,5.981414211254481
Western Addition,37.77652,-122.43148,Private room,3,218,4.83,t,4,209,73,0.3333333333333333,0.3333333333333333,0.3333333333333333,6,4.941642422609304
Potrero Hill,37.75644,-122.40096,Entire home/apt,2,339,4.88,t,13,308,62,0.5,0.5,0.5,7,4.672828834461906
Mission,37.75136,-122.41157,Entire home/apt,2,20,4.8,t,15,306,47,0.5,0.5,0.5,20,4.812184355372417
Lakeshore,37.72853,-122.47506,Entire home/apt,1,136,4.84,f,24,255,24,1.0,1.0,1.0,22,4.890349128221754
Nob Hill,37.79427,-122.41917,Entire home/apt,2,25,4.48,t,0,118,26,0.0,0.5,0.5,10,4.07753744390572
Mission,37.76268,-122.42029,Entire home/apt,6,198,4.85,f,29,364,47,0.5,0.25,0.5,9,5.472270673671475
Mission,37.7556671,-122.4073497,Entire home/apt,2,18,4.72,t,20,325,49,0.5,0.5,0.5,20,4.927253685157205
Western Addition,37.77466,-122.43716,Entire home/apt,6,1,5.0,t,30,365,18,0.5,0.3333333333333333,0.5,6,6.726233402358747
Excelsior,37.72817,-122.417,Entire home/apt,3,34,5.0,t,2,177,50,0.6666666666666666,0.3333333333333333,0.6666666666666666,2,4.553876891600541
Presidio Heights,37.78658,-122.44959,Entire home/apt,2,8,4.38,f,0,304,25,0.5,0.5,0.5,24,4.812184355372417
Mission,37.75229,-122.41338,Private room,2,21,4.9,t,1,191,41,0.5,0.5,0.5,20,4.394449154672439
Presidio,37.79183,-122.45,Entire home/apt,2,1,5.0,f,23,358,21,1.0,2.0,1.0,24,6.214608098422191
Bayview,37.71889,-122.39441,Entire home/apt,5,267,4.9,t,19,257,63,0.4,0.2,0.6,14,5.099866427824199
Mission,37.75223,-122.42439,Entire home/apt,2,7,4.86,f,0,239,15,0.0,0.5,0.5,13,4.6443908991413725
Mission,37.75428,-122.42457,Entire home/apt,3,2,3.5,f,22,262,15,0.3333333333333333,0.3333333333333333,0.3333333333333333,13,4.605170185988092
Western Addition,37.7747307,-122.4318189,Entire home/apt,4,8,4.13,f,0,123,35,0.5,0.25,0.75,6,4.867534450455582
Pacific Heights,37.7908479,-122.435288,Entire home/apt,2,4,4.0,f,6,335,35,0.0,0.5,0.5,3,4.553876891600541
Pacific Heights,37.7908479,-122.435288,Entire home/apt,2,8,5.0,f,5,308,33,0.0,0.5,0.5,3,4.553876891600541
Downtown/Civic Center,37.78574,-122.41157,Entire home/apt,2,8,4.25,f,0,236,23,0.0,0.5,0.5,4,4.290459441148391
Nob Hill,37.79577,-122.41718,Entire home/apt,1,22,4.73,t,0,335,23,1.0,1.0,1.0,18,4.394449154672439
Bernal Heights,37.74282,-122.40926,Entire home/apt,2,63,4.75,t,27,113,32,0.0,0.5,0.5,20,5.14166355650266
Outer Mission,37.72366,-122.43981,Private room,1,130,4.85,f,0,244,29,1.0,1.0,1.0,12,3.9512437185814275
Outer Sunset,37.75771,-122.50032,Entire home/apt,4,403,4.87,t,16,166,46,0.5,0.25,0.5,17,5.0238805208462765
Potrero Hill,37.75432,-122.40088,Entire home/apt,3,149,4.93,t,13,48,53,0.3333333333333333,0.3333333333333333,0.6666666666666666,7,5.3706380281276624
Castro/Upper Market,37.76221,-122.44159,Entire home/apt,4,79,4.99,t,12,274,60,0.5,0.25,0.5,21,5.598421958998375
Pacific Heights,37.79186248779297,-122.424072265625,Private room,2,147,4.96,t,7,130,53,0.5,0.5,0.5,10,5.521460917862246
Russian Hill,37.79752,-122.41215,Entire home/apt,2,5,4.0,f,0,234,34,0.0,0.5,1.0,18,4.248495242049359
Mission,37.759693,-122.423004,Entire home/apt,5,69,4.93,t,11,325,60,0.6,0.2,0.6,9,6.0473721790462776
Inner Richmond,37.783466,-122.471701,Entire home/apt,1,9,4.44,f,1,336,52,1.0,1.0,2.0,15,4.844187086458591
Outer Sunset,37.75841,-122.49703,Entire home/apt,2,161,4.77,f,22,23,29,0.0,0.5,0.5,17,5.0106352940962555
Downtown/Civic Center,37.78559,-122.41654,Entire home/apt,2,1,5.0,f,14,254,20,0.0,0.5,0.5,4,4.418840607796598
Visitacion Valley,37.72354,-122.40393,Private room,2,331,4.9,t,0,31,48,0.5,0.5,0.5,14,5.247024072160486
Castro/Upper Market,37.75807,-122.44195,Entire home/apt,4,50,4.92,t,4,44,20,0.5,0.5,0.5,21,5.752572638825633
Castro/Upper Market,37.76393,-122.42817,Private room,2,36,4.97,t,21,81,46,0.5,0.5,0.5,9,4.709530201312334
Castro/Upper Market,37.75923,-122.44279,Entire home/apt,4,1,5.0,t,28,332,32,0.75,0.375,0.75,21,6.025865973825314
Nob Hill,37.79574,-122.41739,Entire home/apt,2,13,4.92,t,0,307,38,1.0,0.5,1.0,18,4.454347296253507
Western Addition,37.77296,-122.42525,Private room,2,187,4.93,t,12,238,44,0.5,0.5,0.5,6,4.718498871295094
Outer Mission,37.72275,-122.43947,Private room,1,107,4.87,f,8,283,33,1.0,1.0,1.0,12,4.110873864173311
Twin Peaks,37.75204,-122.45008,Entire home/apt,6,249,4.88,t,13,245,48,0.3333333333333333,0.16666666666666666,0.5,21,5.645446897643238
Outer Mission,37.7137,-122.44863,Private room,1,4,5.0,f,23,358,23,1.0,1.0,1.0,12,4.30406509320417
Castro/Upper Market,37.75842,-122.43442,Private room,2,517,4.99,t,3,225,33,0.5,0.5,1.0,13,4.787491742782046
Outer Mission,37.71195,-122.45067,Private room,1,0,0.0,f,23,83,20,1.0,1.0,1.0,12,4.59511985013459
Western Addition,37.77796,-122.43714,Entire home/apt,10,46,4.98,t,16,236,27,0.8,0.45,1.0,6,7.492760300922379
Pacific Heights,37.79186248779297,-122.424072265625,Private room,2,122,4.91,t,7,130,53,0.5,0.5,0.5,10,5.521460917862246
Nob Hill,37.79591,-122.41053,Entire home/apt,5,1,5.0,t,22,357,91,0.4,0.2,0.8,4,5.293304824724492
Downtown/Civic Center,37.78497,-122.41447,Entire home/apt,2,8,4.38,f,4,244,24,0.0,0.5,0.5,4,4.59511985013459
Haight Ashbury,37.77076,-122.44548,Entire home/apt,2,22,4.82,t,0,210,28,0.0,0.5,0.5,24,4.477336814478207
Parkside,37.74263,-122.47576,Private room,2,8,4.63,f,0,335,9,0.0,0.5,0.5,22,4.127134385045092
Outer Mission,37.71417,-122.45035,Private room,1,2,4.0,f,29,89,25,1.0,1.0,1.0,12,4.859812404361672
Outer Sunset,37.75932,-122.49847,Entire home/apt,2,303,4.92,t,13,300,24,0.5,0.5,0.5,17,4.927253685157205
Castro/Upper Market,37.76182,-122.44351,Entire home/apt,6,101,4.98,t,12,274,65,0.5,0.3333333333333333,0.5,21,5.8944028342648505
Downtown/Civic Center,37.78605,-122.41613,Entire home/apt,2,1,4.0,f,14,254,24,0.0,0.5,0.5,4,4.356708826689592
Pacific Heights,37.79085,-122.43529,Entire home/apt,2,4,3.25,f,4,306,18,0.0,0.5,0.5,3,4.955827057601261
Castro/Upper Market,37.75961,-122.43203,Entire home/apt,2,40,5.0,t,28,288,42,0.5,0.5,0.5,9,4.955827057601261
Mission,37.75423,-122.42412,Entire home/apt,3,1,4.0,f,18,258,15,0.3333333333333333,0.3333333333333333,0.6666666666666666,13,4.605170185988092
Inner Richmond,37.78457,-122.46314,Private room,2,88,4.95,t,10,30,49,0.5,0.5,0.5,15,4.9344739331306915
Mission,37.7582,-122.42306,Entire home/apt,1,6,5.0,t,17,352,38,0.0,1.0,1.0,9,4.875197323201151
Nob Hill,37.793,-122.41656,Entire home/apt,4,4,4.5,f,0,7,21,0.5,0.5,0.5,10,5.501258210544727
Haight Ashbury,37.77396,-122.43931,Entire home/apt,4,20,4.85,f,5,296,17,0.5,0.5,0.5,6,5.030437921392435
Russian Hill,37.79731,-122.42157,Entire home/apt,4,43,4.67,f,0,150,26,0.25,0.25,0.25,10,5.099866427824199
Crocker Amazon,37.71122,-122.43705,Entire home/apt,2,2,5.0,t,29,89,55,0.5,0.5,0.5,12,4.394449154672439
Bernal Heights,37.74043,-122.41977,Entire home/apt,4,1,5.0,f,0,324,18,0.5,0.25,0.5,2,5.017279836814924
Western Addition,37.78168487548828,-122.43801879882812,Entire home/apt,2,4,5.0,t,2,147,43,0.5,0.5,1.0,24,4.727387818712341
Castro/Upper Market,37.75908,-122.43516,Entire home/apt,8,11,4.91,t,3,321,57,0.5,0.25,0.5,21,6.988413181999592
Castro/Upper Market,37.75923,-122.43522,Private room,2,100,4.9,t,20,350,51,0.5,1.5,0.5,21,5.10594547390058
Potrero Hill,37.75588,-122.39937,Entire home/apt,3,36,4.89,t,12,269,34,0.6666666666666666,0.3333333333333333,0.6666666666666666,7,4.9344739331306915
Castro/Upper Market,37.76011,-122.4346,Private room,2,123,4.94,t,23,358,52,0.5,0.5,0.5,21,4.852030263919617
Castro/Upper Market,37.76249,-122.42926,Entire home/apt,2,273,4.98,t,9,145,28,0.5,0.5,1.0,9,5.017279836814924
Western Addition,37.7777,-122.42631,Entire home/apt,2,2,5.0,f,30,227,66,0.5,0.5,0.5,6,6.173786103901937
Castro/Upper Market,37.76078,-122.43386,Private room,2,144,4.91,t,5,327,52,0.5,0.5,0.5,21,4.727387818712341
Outer Mission,37.71285,-122.45034,Private room,2,233,4.82,f,22,357,30,0.5,0.5,0.5,12,4.51085950651685
Castro/Upper Market,37.76531,-122.42814,Entire home/apt,4,44,4.98,t,0,0,45,0.5,0.25,0.5,9,5.209486152841421
Castro/Upper Market,37.76007843017578,-122.43843841552734,Entire home/apt,5,25,4.88,t,0,273,36,0.4,0.4,0.4,21,5.707110264748875
Castro/Upper Market,37.75722,-122.43185,Entire home/apt,2,387,4.95,t,1,207,24,0.5,0.5,0.5,13,5.262690188904886
Nob Hill,37.79007,-122.41083,Entire home/apt,2,7,5.0,f,21,52,26,0.0,0.5,0.5,4,4.859812404361672
Inner Richmond,37.78584,-122.4661,Entire home/apt,4,4,5.0,t,14,303,48,0.5,0.375,0.5,15,5.8916442118257715
Lakeshore,37.73539,-122.48234,Entire home/apt,4,78,4.91,t,29,255,47,0.25,0.25,0.5,22,5.093750200806762
Haight Ashbury,37.76645,-122.44487,Entire home/apt,2,34,4.91,t,0,146,30,0.0,0.5,0.5,21,4.574710978503383
Mission,37.75418,-122.42412,Entire home/apt,5,2,4.5,f,21,261,18,0.4,0.2,0.4,13,5.0238805208462765
Crocker Amazon,37.71263,-122.44408,Private room,2,254,4.94,t,9,37,31,0.5,0.5,0.5,12,4.189654742026425
Western Addition,37.77005,-122.43366,Entire home/apt,4,481,4.98,t,6,20,38,0.25,0.25,0.5,6,5.170483995038151
Noe Valley,37.74214,-122.43163,Entire home/apt,2,275,4.94,t,8,200,28,0.5,0.5,1.0,13,5.075173815233827
Crocker Amazon,37.71066,-122.44345,Private room,2,21,4.9,t,8,8,29,0.5,0.5,0.5,12,4.219507705176107
Nob Hill,37.79128,-122.40953,Entire home/apt,2,49,4.69,t,0,8,24,0.0,0.5,0.5,4,4.605170185988092
Mission,37.75469,-122.42467,Entire home/apt,2,3,4.67,f,0,234,21,0.0,0.5,0.5,13,4.51085950651685
Mission,37.75685,-122.42087,Private room,2,308,4.91,t,13,36,19,0.5,0.5,0.5,9,4.564348191467836
Western Addition,37.78492,-122.44675,Private room,4,3,5.0,f,0,123,20,0.5,0.25,1.0,24,5.945420608606575
Mission,37.76486,-122.42205,Entire home/apt,2,102,4.78,f,2,152,50,0.5,0.5,1.0,9,4.700480365792417
Bernal Heights,37.74431,-122.40734,Entire home/apt,2,167,4.97,t,9,222,27,0.5,0.5,0.5,20,5.272999558563747
Outer Sunset,37.76299,-122.49784,Entire home/apt,6,88,4.89,t,16,64,54,0.5,0.16666666666666666,0.6666666666666666,17,6.037870919922137
Haight Ashbury,37.76799,-122.44947,Entire home/apt,6,84,4.95,t,0,146,72,0.5,0.16666666666666666,0.5,21,6.3835066348840055
Mission,37.7486,-122.42058,Entire home/apt,4,76,4.92,t,0,119,36,0.5,0.5,0.5,13,5.19295685089021
Western Addition,37.78623580932617,-122.44647216796876,Private room,2,24,4.75,f,26,355,9,0.5,0.5,0.5,24,5.673323267171493
Western Addition,37.78623580932617,-122.44647216796876,Private room,2,32,5.0,f,28,355,9,0.5,0.5,0.5,24,5.771441123130016
Western Addition,37.78913,-122.43028,Entire home/apt,2,3,5.0,t,0,258,19,0.5,0.5,0.0,10,4.605170185988092
Glen Park,37.7365,-122.43032,Entire home/apt,8,0,0.0,f,23,263,12,0.5,0.4375,0.5,2,6.1092475827643655
Bayview,37.73182,-122.38605,Private room,1,192,4.9,t,12,178,30,1.0,1.0,1.0,14,4.07753744390572
Bernal Heights,37.73509,-122.42729,Entire home/apt,2,248,4.88,f,5,88,41,0.0,0.5,0.5,2,5.0238805208462765
Outer Sunset,37.75257,-122.50561,Entire home/apt,2,260,4.82,f,1,214,49,0.5,0.75,0.5,17,4.543294782270004
Outer Mission,37.71383,-122.45033,Private room,1,11,4.45,f,27,362,27,1.0,1.0,1.0,12,4.343805421853684
Inner Richmond,37.77701,-122.45489,Entire home/apt,2,244,4.96,t,9,208,30,0.5,0.5,0.5,24,5.288267030694535
Western Addition,37.7793,-122.43782,Entire home/apt,4,121,4.97,t,10,14,61,0.5,0.5,0.5,6,6.324358962381311
Bernal Heights,37.74268,-122.41577,Private room,2,96,4.53,f,3,319,69,0.5,0.5,0.5,2,3.9512437185814275
Bernal Heights,37.738391203564255,-122.41494945314074,Entire home/apt,6,7,5.0,f,10,160,32,0.6666666666666666,0.4166666666666667,0.6666666666666666,2,6.068425588244111
Downtown/Civic Center,37.78979,-122.40907,Entire home/apt,2,44,4.86,t,0,4,24,0.0,0.5,0.5,4,4.844187086458591
Twin Peaks,37.75899,-122.44726,Entire home/apt,6,47,4.87,f,20,355,49,0.5,0.4166666666666667,0.5,21,7.037905963447182
Western Addition,37.78779,-122.42682,Entire home/apt,3,119,4.97,t,0,153,53,0.3333333333333333,0.3333333333333333,0.6666666666666666,10,5.003946305945459
Downtown/Civic Center,37.78911,-122.41201,Entire home/apt,4,3,4.67,f,0,208,34,0.5,0.5,0.0,4,5.198497031265826
Mission,37.75094,-122.41332,Entire home/apt,6,65,4.98,t,3,69,56,0.5,0.5,0.5,20,6.309918278226516
Marina,37.80626,-122.43824,Entire home/apt,5,26,5.0,f,4,146,44,0.4,0.4,0.6,3,5.752572638825633
Mission,37.76499,-122.42172,Entire home/apt,6,0,0.0,f,16,351,16,0.5,0.75,0.5,9,6.452048954437226
Marina,37.80234,-122.42852,Entire home/apt,2,0,0.0,f,0,92,19,0.5,0.5,1.0,3,5.697093486505405
Bernal Heights,37.73321,-122.42552,Entire home/apt,5,64,4.91,f,0,239,65,0.4,0.2,0.8,2,5.298317366548036
Inner Richmond,37.782,-122.46141,Private room,2,509,4.72,f,14,160,24,0.5,1.0,1.0,15,4.143134726391533
Bayview,37.73750686645508,-122.39159393310548,Entire home/apt,1,22,4.68,f,0,240,38,0.0,1.0,1.0,14,4.127134385045092
South of Market,37.77839848781604,-122.40307632421352,Private room,1,0,0.0,f,30,365,25,1.0,1.0,1.0,1,5.075173815233827
Bernal Heights,37.74134,-122.40958,Private room,2,16,4.75,t,30,306,54,0.5,0.5,0.5,20,4.836281906951478
Nob Hill,37.7918,-122.40936,Entire home/apt,2,34,4.82,t,0,4,24,0.0,0.5,0.5,4,4.605170185988092
Pacific Heights,37.79425,-122.43074,Entire home/apt,2,1,5.0,f,0,304,37,0.5,0.5,0.5,3,5.0369526024136295
Twin Peaks,37.75192,-122.45106,Entire home/apt,5,153,4.93,t,13,329,44,0.6,0.4,1.0,21,5.87493073085203
Outer Sunset,37.75968,-122.49696,Entire home/apt,2,9,4.56,f,0,148,36,0.5,0.5,1.0,17,4.74493212836325
Western Addition,37.77179,-122.43318,Entire home/apt,4,0,0.0,f,23,219,15,0.5,0.5,0.75,6,6.263398262591624
Haight Ashbury,37.76824,-122.44805,Entire home/apt,3,640,4.89,t,6,203,38,0.3333333333333333,0.3333333333333333,0.6666666666666666,21,5.247024072160486
Western Addition,37.78686,-122.43863,Entire home/apt,2,26,4.92,t,1,295,34,0.5,0.5,0.5,3,4.976733742420574
Bernal Heights,37.74715,-122.42428,Entire home/apt,4,88,4.99,t,1,187,42,0.5,0.25,0.5,13,6.192362489474872
Western Addition,37.77636,-122.43209,Entire home/apt,6,17,5.0,f,0,0,29,0.5,0.3333333333333333,0.6666666666666666,6,5.863631175598097
Mission,37.75416,-122.424,Entire home/apt,2,8,4.88,f,10,217,21,0.0,0.5,0.5,13,4.787491742782046
Bernal Heights,37.73498,-122.42652,Entire home/apt,6,11,5.0,t,0,253,47,0.3333333333333333,0.16666666666666666,0.5,2,5.093750200806762
Crocker Amazon,37.7113,-122.44475,Entire home/apt,8,282,4.87,t,14,73,38,0.375,0.25,0.625,12,4.990432586778736
Western Addition,37.77297,-122.42713,Entire home/apt,2,7,5.0,t,3,109,34,0.5,0.5,0.5,6,5.598421958998375
Pacific Heights,37.78812,-122.44524,Entire home/apt,4,10,5.0,t,0,153,23,0.25,0.25,0.5,24,5.075173815233827
Russian Hill,37.79777,-122.41152,Entire home/apt,5,0,0.0,t,29,364,90,0.4,0.2,0.8,18,5.583496308781699
Ocean View,37.71905,-122.44985,Entire home/apt,2,341,4.95,t,15,230,42,0.5,0.5,0.5,12,4.77912349311153
Outer Sunset,37.7624,-122.49774,Entire home/apt,6,5,4.8,f,0,12,16,0.5,0.3333333333333333,0.6666666666666666,17,6.131226489483141
South of Market,37.77782,-122.4046,Entire home/apt,4,66,4.8,f,0,290,45,0.5,0.5,0.5,1,5.10594547390058
Castro/Upper Market,37.75957,-122.44044,Entire home/apt,2,57,4.86,t,0,131,33,0.5,0.5,0.5,21,4.8283137373023015
Visitacion Valley,37.71957,-122.40414,Entire home/apt,4,221,4.78,t,24,61,54,0.25,0.5,0.5,14,5.14166355650266
Visitacion Valley,37.712,-122.39997,Entire home/apt,2,32,4.72,f,27,57,39,0.5,0.5,0.5,14,4.23410650459726
Outer Sunset,37.75577,-122.49127,Entire home/apt,6,7,5.0,t,0,240,30,0.8333333333333334,0.3333333333333333,0.8333333333333334,17,5.703782474656201
Inner Richmond,37.77987,-122.45341,Entire home/apt,4,14,4.86,f,4,334,36,0.5,0.25,0.5,24,5.3471075307174685
Financial District,37.78924,-122.39584,Private room,1,4,5.0,f,30,365,17,1.0,1.0,1.0,1,5.4116460518550396
Chinatown,37.79092,-122.40815,Entire home/apt,2,19,4.79,t,4,4,22,0.0,0.5,0.5,4,4.605170185988092
Inner Richmond,37.77344,-122.46977,Private room,2,93,4.95,t,12,136,42,0.5,0.5,0.5,15,4.976733742420574
Haight Ashbury,37.76589,-122.44677,Entire home/apt,2,21,4.62,f,0,274,18,0.0,0.5,0.5,21,4.418840607796598
Inner Richmond,37.78259,-122.46941,Entire home/apt,2,19,4.84,f,0,179,36,0.5,0.5,0.5,15,4.962844630259907
Twin Peaks,37.74787,-122.44669,Entire home/apt,4,73,4.95,t,21,24,54,0.5,0.25,0.5,21,5.963579343618446
Outer Sunset,37.75819,-122.49908,Entire home/apt,1,83,4.84,f,18,19,29,1.0,1.0,1.0,17,4.6443908991413725
Russian Hill,37.80127,-122.41651,Entire home/apt,6,12,5.0,t,0,275,17,0.5,0.3333333333333333,0.6666666666666666,18,6.345636360828596
Crocker Amazon,37.71109,-122.44292,Entire home/apt,6,39,4.82,t,12,12,37,0.3333333333333333,0.16666666666666666,0.6666666666666666,12,4.787491742782046
Lakeshore,37.72987,-122.47288,Entire home/apt,3,271,4.99,t,1,120,61,0.3333333333333333,0.3333333333333333,0.3333333333333333,22,4.882801922586371
Downtown/Civic Center,37.7902,-122.40802,Entire home/apt,2,17,4.88,t,2,2,21,0.0,0.5,0.5,4,4.867534450455582
Excelsior,37.72005,-122.42884,Entire home/apt,5,251,4.84,f,19,349,40,0.4,0.2,0.6,12,5.19295685089021
Twin Peaks,37.74839,-122.44601,Entire home/apt,6,173,4.98,t,9,40,73,0.5,0.3333333333333333,0.5,21,6.040254711277414
Inner Richmond,37.77507,-122.46685,Private room,2,167,4.83,t,1,327,22,0.5,0.5,0.5,15,4.394449154672439
Inner Richmond,37.77586,-122.46698,Private room,4,184,4.76,t,29,362,23,0.25,0.25,0.25,15,4.31748811353631
Mission,37.75621,-122.41479,Entire home/apt,6,69,4.87,t,0,20,55,0.3333333333333333,0.25,0.5,20,6.129050210060545
Twin Peaks,37.75609,-122.44277,Entire home/apt,4,17,4.82,f,23,358,39,0.25,0.375,0.5,21,5.877735781779639
Bernal Heights,37.74563,-122.41378,Private room,2,61,4.77,f,24,85,26,0.5,0.5,0.5,20,4.912654885736052
Castro/Upper Market,37.75631,-122.43328,Entire home/apt,2,397,4.89,t,9,214,30,0.5,0.5,0.5,13,5.10594547390058
West of Twin Peaks,37.73933,-122.44767,Entire home/apt,4,286,4.89,t,20,200,63,0.0,0.25,0.25,5,4.59511985013459
Noe Valley,37.74639,-122.42864,Entire home/apt,3,181,4.81,t,15,340,45,0.3333333333333333,0.3333333333333333,0.3333333333333333,13,5.0689042022202315
Mission,37.76274,-122.42389,Entire home/apt,8,84,4.89,t,18,323,33,0.5,0.25,0.625,9,6.620073206530356
Western Addition,37.77583,-122.42823,Entire home/apt,2,28,4.82,t,0,184,50,0.5,0.5,0.5,6,4.653960350157523
Mission,37.74924,-122.41812,Entire home/apt,4,13,5.0,f,0,116,39,0.5,0.25,0.5,20,4.499809670330265
Marina,37.79822,-122.44616,Entire home/apt,2,22,4.82,f,28,299,21,0.0,0.5,0.5,3,4.3694478524670215
Bernal Heights,37.74309,-122.41176,Entire home/apt,6,63,4.79,f,3,169,32,0.5,0.4166666666666667,0.5,20,5.455321115357702
Mission,37.76077,-122.42561,Entire home/apt,4,577,4.92,f,0,92,77,0.25,0.25,0.5,9,4.836281906951478
Pacific Heights,37.78977,-122.44664,Entire home/apt,4,10,4.9,t,0,228,28,0.25,0.25,0.5,24,5.19295685089021
Pacific Heights,37.79283,-122.44006,Entire home/apt,8,19,5.0,f,10,62,59,0.5,0.25,0.5,3,6.51471269087253
Parkside,37.74181,-122.47768,Entire home/apt,6,59,4.81,f,0,60,54,0.16666666666666666,0.16666666666666666,0.8333333333333334,22,5.247024072160486
Outer Richmond,37.7784,-122.48511,Entire home/apt,5,25,4.88,t,10,345,33,0.4,0.2,0.6,15,5.808142489980444
Outer Sunset,37.75796,-122.50501,Entire home/apt,2,148,4.9,f,13,92,26,0.5,0.5,0.5,17,4.727387818712341
North Beach,37.80352,-122.40758,Entire home/apt,10,11,5.0,t,0,303,67,0.2,0.2,0.5,18,6.175867270105761
Marina,37.80514,-122.43617,Entire home/apt,16,65,5.0,t,16,298,75,0.375,0.3125,0.4375,3,8.000349495324684
Bayview,37.7355,-122.38807,Private room,1,18,4.0,f,4,212,18,1.0,2.0,1.0,14,3.7612001156935624
Mission,37.7542,-122.41191,Entire home/apt,6,25,4.92,t,0,290,60,0.5,0.25,0.5,20,5.840641657373398
Excelsior,37.72344,-122.43174,Entire home/apt,6,214,4.86,t,0,64,52,0.3333333333333333,0.3333333333333333,0.6666666666666666,12,5.19295685089021
Mission,37.75591,-122.41838,Private room,1,21,5.0,t,13,195,57,1.0,1.0,1.0,20,4.736198448394496
Haight Ashbury,37.76648,-122.44576,Entire home/apt,3,344,4.99,t,0,0,45,0.3333333333333333,0.3333333333333333,0.6666666666666666,21,5.181783550292085
Inner Richmond,37.77998,-122.46814,Entire home/apt,4,148,4.91,t,4,45,30,0.25,0.25,0.5,15,5.262690188904886
Haight Ashbury,37.77612,-122.43908,Private room,1,5,5.0,f,3,271,23,1.0,1.0,1.0,6,4.0943445622221
Haight Ashbury,37.76457,-122.45057,Entire home/apt,4,80,4.85,f,0,0,27,0.5,0.5,0.75,21,5.10594547390058
Nob Hill,37.79225,-122.40995,Private room,2,142,4.77,f,16,156,19,0.5,0.5,0.5,4,5.327876168789581
Downtown/Civic Center,37.78951,-122.40763,Entire home/apt,3,9,4.78,t,1,5,22,0.3333333333333333,0.3333333333333333,0.3333333333333333,4,4.867534450455582
Inner Richmond,37.78047,-122.46798,Entire home/apt,5,374,4.95,t,6,83,33,0.4,0.3,0.4,15,5.707110264748875
Noe Valley,37.74755,-122.43257,Entire home/apt,2,338,4.89,f,8,312,45,0.5,0.5,0.5,13,4.962844630259907
Pacific Heights,37.78963,-122.446,Private room,2,125,4.95,t,6,293,36,0.5,0.5,0.5,24,5.3981627015177525
Pacific Heights,37.78954,-122.44656,Private room,2,118,4.92,t,14,316,25,0.5,0.5,0.5,24,4.990432586778736
West of Twin Peaks,37.7421,-122.46293,Entire home/apt,2,218,4.94,t,8,132,27,0.0,0.5,0.5,19,4.727387818712341
Chinatown,37.79218,-122.40778,Private room,2,76,4.75,f,17,146,20,0.5,0.75,0.5,4,5.153291594497779
Chinatown,37.79092,-122.40788,Private room,2,67,4.7,f,22,164,13,0.5,0.75,0.5,4,5.081404364984463
Castro/Upper Market,37.76827,-122.43578,Entire home/apt,2,103,5.0,t,10,204,37,0.5,0.5,0.5,6,5.616771097666572
Castro/Upper Market,37.75773,-122.44001,Private room,2,175,4.98,t,7,218,62,0.5,0.5,0.5,21,5.003946305945459
Outer Sunset,37.76064,-122.49007,Private room,1,52,4.92,f,13,73,55,1.0,1.0,1.0,17,4.174387269895637
Western Addition,37.77567,-122.42525,Private room,3,179,4.9,t,4,212,36,0.3333333333333333,0.3333333333333333,0.6666666666666666,6,4.787491742782046
Inner Sunset,37.76539,-122.45762,Entire home/apt,6,321,4.96,t,3,122,71,0.5,0.4166666666666667,0.5,21,6.18826412308259
Castro/Upper Market,37.76204,-122.4451,Entire home/apt,6,0,0.0,t,23,358,23,0.5,0.75,0.5,21,7.492760300922379
Russian Hill,37.80127,-122.41362,Entire home/apt,4,99,4.99,t,9,33,25,0.5,0.5,0.5,18,6.052089168924417
Mission,37.77109,-122.42305,Entire home/apt,2,43,5.0,t,4,32,48,0.5,0.5,0.5,9,5.220355825078324
Marina,37.79781,-122.42706,Entire home/apt,4,50,4.92,t,0,44,32,0.5,0.375,0.5,10,5.886104031450156
Mission,37.75186,-122.40847,Entire home/apt,5,56,5.0,t,30,168,52,0.6,0.3,0.6,20,6.480044561926653
Noe Valley,37.74691,-122.4251,Entire home/apt,3,313,4.97,t,11,176,32,0.3333333333333333,0.3333333333333333,0.3333333333333333,13,5.568344503761097
Western Addition,37.78917,-122.43126,Private room,2,133,4.92,t,16,69,23,0.5,0.5,0.5,10,5.135798437050262
Presidio Heights,37.78639,-122.44983,Entire home/apt,2,2,2.5,f,8,343,17,0.0,0.5,0.5,24,4.584967478670572
Outer Richmond,37.78319,-122.48283,Entire home/apt,6,339,4.96,t,6,279,64,0.5,0.25,0.6666666666666666,15,5.720311776607412
Western Addition,37.7719,-122.43036,Private room,2,184,4.71,f,7,102,53,0.5,0.5,0.5,6,4.51085950651685
Inner Richmond,37.77967,-122.46026,Private room,2,0,0.0,t,0,0,55,0.5,1.0,0.5,24,5.003946305945459
Castro/Upper Market,37.76412,-122.43026,Private room,2,1,5.0,f,2,242,20,0.5,0.75,0.5,9,4.787491742782046
Excelsior,37.73053,-122.40522,Private room,4,51,4.69,f,27,109,24,0.25,0.25,0.25,14,4.9344739331306915
Noe Valley,37.75356,-122.42711,Entire home/apt,5,141,4.77,t,7,298,55,0.6,0.4,1.0,13,5.634789603169249
Western Addition,37.77647,-122.43239,Entire home/apt,4,63,5.0,f,0,32,52,0.5,0.25,0.5,6,6.018593214496234
Haight Ashbury,37.76667,-122.44679,Private room,2,24,5.0,t,0,49,28,0.5,0.5,0.5,21,5.41610040220442
Western Addition,37.77157,-122.42977,Private room,2,220,4.68,f,17,138,43,0.5,0.5,0.5,6,4.290459441148391
West of Twin Peaks,37.72966,-122.45616,Entire home/apt,5,45,4.93,f,14,66,25,0.6,0.3,0.8,19,4.912654885736052
Outer Sunset,37.74782,-122.47713,Private room,4,504,4.91,t,12,336,31,0.25,0.25,0.5,22,4.276666119016055
Outer Sunset,37.76072,-122.49188,Entire home/apt,8,354,4.84,t,14,328,39,0.375,0.3125,0.5,17,5.971261839790462
Financial District,37.79019,-122.40621,Entire home/apt,3,11,4.82,t,0,4,23,0.3333333333333333,0.3333333333333333,0.6666666666666666,4,4.605170185988092
Outer Sunset,37.7561,-122.5093,Private room,2,31,4.84,f,18,95,65,0.5,0.5,0.5,17,5.0106352940962555
Pacific Heights,37.7893,-122.44513,Private room,2,144,4.94,t,6,301,35,0.5,0.5,0.5,24,5.2832037287379885
Outer Sunset,37.7574,-122.50014,Private room,3,373,4.86,t,7,337,31,0.3333333333333333,0.3333333333333333,0.3333333333333333,17,4.060443010546419
Outer Sunset,37.74983,-122.47621,Private room,2,510,4.9,t,8,324,32,0.5,0.5,0.5,22,4.23410650459726
Mission,37.7555,-122.41128,Entire home/apt,4,123,4.97,t,3,292,57,0.25,0.25,0.5,20,4.912654885736052
Potrero Hill,37.75314892454036,-122.39856824966508,Private room,3,157,4.8,t,16,341,61,0.3333333333333333,0.3333333333333333,0.3333333333333333,7,4.356708826689592
Parkside,37.745602,-122.477783,Entire home/apt,3,98,4.8,f,24,255,34,0.6666666666666666,0.3333333333333333,0.6666666666666666,22,4.90527477843843
Noe Valley,37.75218,-122.44216,Private room,4,46,4.96,t,0,55,41,0.25,0.5,0.25,21,5.308267697401205
Noe Valley,37.7502,-122.44314,Entire home/apt,5,52,4.98,t,18,245,47,0.6,0.4,0.6,21,6.063785208687608
Mission,37.75899,-122.4238,Entire home/apt,2,11,5.0,t,2,184,29,0.5,0.5,0.5,9,5.170483995038151
Excelsior,37.72025,-122.43653,Entire home/apt,6,164,4.91,t,10,235,62,0.3333333333333333,0.25,0.5,12,5.220355825078324
Noe Valley,37.74996,-122.42552,Entire home/apt,4,14,5.0,t,1,218,37,0.25,0.25,0.25,13,4.941642422609304
Haight Ashbury,37.77183,-122.44454,Entire home/apt,9,60,4.67,f,21,352,37,0.4444444444444444,0.16666666666666666,0.5555555555555556,24,6.102558594613569
Bernal Heights,37.74492,-122.41044,Entire home/apt,2,162,4.91,t,12,234,42,0.5,0.5,0.5,20,5.170483995038151
Noe Valley,37.74892,-122.42976,Entire home/apt,4,2,5.0,f,0,59,16,0.5,0.25,0.5,13,5.703782474656201
Excelsior,37.72545,-122.42687,Entire home/apt,2,127,4.88,t,21,67,36,0.5,0.5,0.5,2,4.6913478822291435
Russian Hill,37.80445,-122.42249,Entire home/apt,6,110,4.92,f,29,364,57,0.3333333333333333,0.3333333333333333,0.3333333333333333,18,6.985641817639208
Noe Valley,37.75256,-122.4257,Entire home/apt,5,52,4.88,f,5,7,69,0.4,0.4,0.6,13,6.054439346269371
Russian Hill,37.80501,-122.42318,Entire home/apt,6,10,4.9,f,27,175,27,0.3333333333333333,0.0,0.5,18,7.033506484287697
Nob Hill,37.79281,-122.41654,Entire home/apt,2,7,4.57,t,0,140,35,0.0,0.5,0.5,10,4.605170185988092
Castro/Upper Market,37.76042,-122.44489,Entire home/apt,4,112,4.96,t,14,233,63,0.5,0.25,0.5,21,6.12029741895095
Outer Mission,37.71586,-122.44468,Entire home/apt,4,178,4.89,t,15,245,25,0.25,0.25,0.5,12,4.74493212836325
Castro/Upper Market,37.76378,-122.44128,Entire home/apt,5,37,4.95,f,3,3,37,0.6,0.4,0.6,21,6.20455776256869
Financial District,37.79008,-122.40597,Entire home/apt,3,6,4.83,t,0,4,21,0.3333333333333333,0.3333333333333333,0.6666666666666666,4,4.605170185988092
Inner Sunset,37.7537,-122.45755,Entire home/apt,10,8,4.75,t,0,147,49,0.5,0.3,0.5,21,5.849324779946859
Pacific Heights,37.791873931884766,-122.4240493774414,Entire home/apt,7,45,4.91,t,7,320,52,0.42857142857142855,0.2857142857142857,0.2857142857142857,10,6.396929655216146
Potrero Hill,37.75681,-122.40064,Entire home/apt,4,524,4.8,t,10,272,56,0.25,0.25,0.5,7,5.081404364984463
Excelsior,37.72566,-122.41984,Entire home/apt,4,72,4.76,t,0,170,54,0.75,0.5,0.75,2,5.003946305945459
Haight Ashbury,37.775203704833984,-122.44937133789062,Entire home/apt,2,453,4.88,t,9,231,41,0.0,0.5,0.5,24,5.2832037287379885
Parkside,37.74084,-122.47612,Entire home/apt,2,493,4.96,t,0,173,34,0.5,0.5,0.5,22,4.653960350157523
Crocker Amazon,37.71094,-122.43134,Entire home/apt,6,226,4.74,t,21,351,33,0.6666666666666666,0.16666666666666666,0.5,12,4.890349128221754
Outer Sunset,37.74931,-122.47838,Private room,3,555,4.92,t,7,328,31,0.3333333333333333,0.3333333333333333,0.3333333333333333,22,4.23410650459726
Marina,37.80104,-122.42881,Entire home/apt,6,0,0.0,f,2,269,39,0.5,0.3333333333333333,0.5,3,6.6039438246004725
Mission,37.75137,-122.41012,Private room,2,130,4.89,f,17,243,41,0.5,0.5,0.5,20,4.653960350157523
Inner Richmond,37.78075,-122.47332,Entire home/apt,8,38,5.0,f,0,248,56,0.5,0.3125,0.5,15,6.774223886357614
Bayview,37.71992,-122.39248,Private room,2,21,4.76,t,0,331,40,0.5,0.5,1.0,14,4.276666119016055
Russian Hill,37.80491,-122.42271,Entire home/apt,4,254,4.83,t,14,232,34,0.5,0.25,0.5,18,5.926926025970411
West of Twin Peaks,37.74107,-122.46294,Entire home/apt,4,190,4.92,t,14,249,24,0.5,0.25,0.5,19,5.272999558563747
Chinatown,37.79199,-122.40664,Private room,3,624,4.93,t,1,306,37,0.3333333333333333,0.3333333333333333,0.3333333333333333,4,4.6913478822291435
Bayview,37.71976,-122.39399,Private room,2,29,4.76,t,0,239,42,0.5,0.5,0.5,14,4.356708826689592
Mission,37.76214,-122.40566,Private room,2,288,4.98,t,5,27,52,0.5,0.5,0.5,7,4.634728988229636
Russian Hill,37.80547,-122.42124,Entire home/apt,2,49,4.98,t,0,246,49,0.5,0.75,1.0,18,6.551080335043404
Potrero Hill,37.75928,-122.39145,Private room,1,75,4.92,t,6,150,36,1.0,1.0,1.0,7,4.605170185988092
Potrero Hill,37.76053,-122.39495,Entire home/apt,2,83,4.87,t,2,314,29,0.5,0.5,0.5,7,5.247024072160486
Excelsior,37.72682,-122.42159,Private room,1,52,4.87,t,12,334,45,1.0,2.0,1.0,2,3.828641396489095
Inner Richmond,37.78397,-122.46476,Entire home/apt,4,130,4.96,t,0,9,51,0.25,0.25,0.25,15,5.986452005284438
Potrero Hill,37.76258,-122.4042,Private room,2,266,4.97,t,0,19,53,0.5,0.5,0.5,7,4.663439094112067
Potrero Hill,37.76163,-122.4045,Private room,2,218,4.92,t,4,27,50,0.5,0.5,0.5,7,4.605170185988092
Potrero Hill,37.75612,-122.40199,Entire home/apt,2,136,4.96,t,1,60,37,0.5,0.5,0.5,7,5.501258210544727
West of Twin Peaks,37.73294,-122.45706,Private room,1,20,4.85,f,29,89,19,1.0,1.0,1.0,19,4.382026634673881
Western Addition,37.77922,-122.44023,Entire home/apt,2,5,4.6,t,0,243,37,0.5,0.5,0.5,24,4.6443908991413725
Outer Sunset,37.74756,-122.48026,Private room,2,22,4.73,t,0,303,18,0.5,0.5,0.5,22,3.912023005428146
Outer Sunset,37.74813,-122.48002,Private room,2,10,4.6,t,17,352,18,0.5,0.5,0.5,22,4.007333185232471
Outer Sunset,37.74882,-122.48012,Shared room,2,17,5.0,t,0,213,16,0.5,0.5,0.5,22,3.6109179126442243
West of Twin Peaks,37.73389,-122.45869,Private room,1,22,4.64,f,30,90,34,1.0,1.0,1.0,19,4.59511985013459
Inner Sunset,37.7571,-122.45507,Entire home/apt,6,34,4.91,t,17,104,63,0.5,0.3333333333333333,0.6666666666666666,21,6.802394763324311
Bayview,37.73862,-122.3979,Private room,2,335,4.77,t,18,258,41,0.5,0.5,1.0,14,3.912023005428146
Bayview,37.73685,-122.39914,Private room,2,384,4.77,t,18,253,19,0.5,0.5,0.5,14,3.912023005428146
Bayview,37.73852,-122.39773,Private room,2,407,4.73,t,28,268,20,0.5,0.5,0.5,14,3.8918202981106265
Financial District,37.79038,-122.4069,Private room,4,589,4.94,t,4,318,35,0.25,0.25,0.5,4,4.718498871295094
Noe Valley,37.74768829345703,-122.42521667480467,Private room,2,285,4.98,t,7,219,49,0.5,0.5,0.5,13,4.31748811353631
Bernal Heights,37.74295,-122.41895,Entire home/apt,6,45,4.98,f,0,35,82,0.5,0.25,0.5,2,6.249975242259483
Bernal Heights,37.74099,-122.42221,Entire home/apt,3,39,4.77,f,0,104,28,0.3333333333333333,0.3333333333333333,0.3333333333333333,2,4.454347296253507
Potrero Hill,37.75828,-122.39723,Entire home/apt,4,26,5.0,t,0,140,69,0.5,0.375,0.5,7,5.459585514144159
Outer Sunset,37.74738,-122.48071,Private room,2,14,4.93,t,0,275,18,0.5,0.5,0.5,22,3.7376696182833684
Chinatown,37.7904,-122.40855,Private room,4,498,4.92,t,2,306,35,0.25,0.25,0.25,4,5.062595033026967
Downtown/Civic Center,37.78898,-122.41075,Entire home/apt,3,58,4.9,t,2,2,20,0.0,0.3333333333333333,0.6666666666666666,4,4.605170185988092
Potrero Hill,37.75764,-122.39129,Private room,1,61,4.92,t,4,58,37,1.0,1.0,1.0,7,4.59511985013459
Potrero Hill,37.76342,-122.39489,Private room,2,126,4.94,t,8,220,36,0.5,0.5,0.5,7,4.955827057601261
Bernal Heights,37.73633,-122.42129,Entire home/apt,2,88,4.85,f,0,122,31,0.0,0.5,0.5,2,4.787491742782046
Castro/Upper Market,37.76551,-122.43741,Entire home/apt,2,15,4.93,t,0,286,50,0.5,0.5,0.5,6,5.0689042022202315
Russian Hill,37.79855,-122.41562,Entire home/apt,3,16,4.88,f,19,259,17,0.6666666666666666,0.3333333333333333,0.6666666666666666,18,5.10594547390058
Excelsior,37.72302,-122.41591,Private room,2,204,4.79,t,0,142,24,0.5,0.5,0.5,2,4.248495242049359
Chinatown,37.79141,-122.40824,Entire home/apt,3,4,5.0,t,0,4,21,0.3333333333333333,0.3333333333333333,0.6666666666666666,4,4.605170185988092
Mission,37.75314331054688,-122.41404724121094,Entire home/apt,2,10,5.0,t,1,251,62,0.5,0.5,1.0,20,4.553876891600541
Haight Ashbury,37.769092,-122.4436069,Entire home/apt,4,7,4.29,f,0,213,37,0.5,0.25,0.5,21,4.8283137373023015
Western Addition,37.77056,-122.43551,Private room,3,78,4.92,t,12,158,26,0.3333333333333333,0.3333333333333333,0.3333333333333333,6,5.278114659230517
North Beach,37.79954,-122.40554,Entire home/apt,4,4,4.0,f,9,344,49,0.25,0.25,0.5,18,4.8283137373023015
Parkside,37.739280756453006,-122.47920183337186,Entire home/apt,5,259,4.95,t,12,130,32,0.4,0.2,0.4,22,5.1647859739235145
Nob Hill,37.79442,-122.4146,Entire home/apt,2,0,0.0,f,25,360,46,0.5,0.5,0.5,4,5.135798437050262
Haight Ashbury,37.77022,-122.44869,Entire home/apt,5,14,4.57,t,0,97,35,0.6,0.2,0.6,24,4.867534450455582
Inner Richmond,37.7756496,-122.4701316,Entire home/apt,4,5,4.4,f,0,275,26,0.5,0.25,0.5,15,4.976733742420574
Mission,37.75161,-122.40619,Private room,1,64,4.92,t,0,150,41,1.0,1.0,1.0,20,4.04305126783455
Mission,37.76311,-122.42248,Private room,4,2,4.0,f,30,365,13,0.0,0.25,0.25,9,4.59511985013459
Excelsior,37.72463,-122.41561,Private room,2,259,4.77,t,0,141,23,0.5,0.5,0.5,2,4.382026634673881
Excelsior,37.72335,-122.41743,Private room,2,191,4.76,t,0,142,24,0.5,0.5,0.5,2,4.248495242049359
Inner Richmond,37.77682,-122.4712,Entire home/apt,2,248,4.98,t,4,268,49,0.5,0.5,0.5,15,4.912654885736052
Excelsior,37.72358,-122.4176,Entire home/apt,5,215,4.74,t,21,205,25,0.2,0.2,0.6,2,4.68213122712422
Parkside,37.74306,-122.47725,Entire home/apt,4,174,4.87,f,14,342,31,0.25,0.25,0.5,22,5.214935757608986
Western Addition,37.78634,-122.42931,Entire home/apt,4,215,4.86,t,21,249,35,0.5,0.25,0.75,10,5.783825182329737
Excelsior,37.725636,-122.40976,Private room,4,137,4.88,t,12,343,67,0.25,0.25,0.25,14,4.51085950651685
Excelsior,37.725636,-122.40976,Private room,6,84,4.85,t,27,362,60,0.16666666666666666,0.16666666666666666,0.16666666666666666,14,4.6913478822291435
Excelsior,37.725613,-122.409721,Private room,4,164,4.9,t,16,351,60,0.25,0.25,0.25,14,4.499809670330265
Bernal Heights,37.73383,-122.4157,Entire home/apt,4,215,4.89,t,9,306,30,0.25,0.375,0.25,2,4.68213122712422
Bernal Heights,37.73505,-122.42228,Entire home/apt,4,248,4.86,t,5,5,38,0.0,0.25,0.25,2,4.882801922586371
Mission,37.77045,-122.42374,Entire home/apt,4,45,4.98,t,5,97,58,0.5,0.5,0.5,9,6.46302945692067
Western Addition,37.77614,-122.42852,Entire home/apt,4,18,4.94,t,0,110,44,0.5,0.25,0.5,6,4.962844630259907
Outer Sunset,37.74878,-122.50101,Entire home/apt,2,902,4.95,t,10,231,47,0.5,0.5,0.5,17,4.997212273764115
Bayview,37.71859,-122.39424,Private room,1,20,4.65,t,29,364,47,1.0,1.0,1.0,14,3.912023005428146
Downtown/Civic Center,37.7888,-122.40963,Entire home/apt,4,61,4.97,t,8,8,19,0.0,0.25,0.5,4,5.407171771460119
Downtown/Civic Center,37.78873,-122.40985,Entire home/apt,4,48,4.85,t,5,5,19,0.0,0.25,0.5,4,5.5254529391317835
West of Twin Peaks,37.74067,-122.46516,Entire home/apt,4,4,4.75,t,13,68,28,0.5,0.25,0.5,19,5.455321115357702
Downtown/Civic Center,37.78993,-122.40807,Entire home/apt,2,17,4.82,t,0,4,22,0.0,0.5,0.5,4,4.605170185988092
Russian Hill,37.80487,-122.41951,Entire home/apt,4,15,4.93,t,10,12,35,0.25,0.25,0.5,18,5.978885764901122
Russian Hill,37.80645,-122.4198,Entire home/apt,4,10,4.7,t,9,9,35,0.25,0.25,0.5,18,5.703782474656201
Glen Park,37.739501953125,-122.42790222167967,Entire home/apt,2,400,4.91,t,4,277,43,0.5,0.5,0.5,2,4.499809670330265
Inner Sunset,37.76229,-122.45955,Private room,2,215,4.96,t,0,214,32,0.5,0.5,0.5,21,5.278114659230517
Bernal Heights,37.74655,-122.40856,Entire home/apt,4,52,4.98,f,11,329,32,0.5,0.25,0.5,20,6.202535517187923
Marina,37.80377,-122.44342,Entire home/apt,6,7,5.0,t,30,257,38,0.3333333333333333,0.3333333333333333,0.5,3,5.703782474656201
Parkside,37.74266,-122.47925,Entire home/apt,4,52,4.98,t,5,131,42,0.5,0.25,0.5,22,4.90527477843843
Outer Mission,37.73135757446289,-122.44217681884766,Entire home/apt,2,10,5.0,t,0,329,21,0.5,0.5,0.5,5,4.948759890378168
Bernal Heights,37.74627,-122.41726,Entire home/apt,2,7,5.0,f,0,251,56,0.5,0.5,0.5,20,5.6937321388027
Crocker Amazon,37.70893592868509,-122.43690543105822,Private room,1,16,4.81,t,15,165,29,1.0,1.0,1.0,12,3.6375861597263857
Inner Richmond,37.78354,-122.4621,Private room,2,383,4.74,f,18,149,20,0.5,1.0,0.5,15,4.007333185232471
Russian Hill,37.80458,-122.4201,Entire home/apt,6,8,4.63,t,10,16,28,0.3333333333333333,0.16666666666666666,0.5,18,6.003887067106539
Russian Hill,37.80639,-122.42144,Entire home/apt,4,29,4.97,t,9,16,38,0.25,0.25,0.5,18,6.059123195581797
South of Market,37.77945,-122.40117,Entire home/apt,4,7,4.57,f,0,290,25,0.5,0.25,0.5,1,5.204006687076795
South of Market,37.78372,-122.40657,Entire home/apt,2,16,4.81,t,2,155,51,0.5,0.5,0.5,4,5.043425116919247
Castro/Upper Market,37.76162,-122.42855,Entire home/apt,2,99,4.98,t,10,194,59,0.5,0.5,0.5,9,5.703782474656201
Downtown/Civic Center,37.78964,-122.40753,Entire home/apt,3,7,4.86,t,0,4,22,0.3333333333333333,0.3333333333333333,0.6666666666666666,4,4.919980925828125
Excelsior,37.72608,-122.42405,Entire home/apt,1,15,5.0,t,29,269,51,1.0,1.0,1.0,2,5.231108616854587
Visitacion Valley,37.71336,-122.40852,Private room,2,297,4.87,t,5,215,29,0.5,0.5,0.5,14,3.9512437185814275
Haight Ashbury,37.76498,-122.44416,Entire home/apt,3,19,5.0,t,0,109,29,0.3333333333333333,0.3333333333333333,0.6666666666666666,21,4.787491742782046
Mission,37.75122,-122.42484,Entire home/apt,2,26,5.0,t,0,42,25,0.5,0.5,0.5,13,4.955827057601261
Russian Hill,37.80655,-122.42111,Entire home/apt,6,19,4.68,t,9,15,35,0.3333333333333333,0.16666666666666666,0.5,18,6.253828811575473
Castro/Upper Market,37.76357,-122.42654,Entire home/apt,3,26,4.77,f,3,338,24,0.3333333333333333,0.3333333333333333,0.3333333333333333,9,4.787491742782046
Mission,37.75255,-122.40826,Entire home/apt,4,36,4.86,f,9,268,60,0.5,0.5,0.75,20,5.8888779583328805
Chinatown,37.79113,-122.40629,Entire home/apt,2,16,4.88,t,0,5,24,0.0,0.5,0.5,4,4.605170185988092
Haight Ashbury,37.77004,-122.44464,Entire home/apt,9,3,5.0,f,30,365,37,0.4444444444444444,0.1111111111111111,0.5555555555555556,24,6.052089168924417
Haight Ashbury,37.769092,-122.4436069,Entire home/apt,2,9,4.33,f,0,212,31,0.5,0.5,0.5,21,4.74493212836325
Castro/Upper Market,37.76347,-122.44245,Private room,2,199,4.95,t,7,172,41,0.5,0.5,0.5,21,5.062595033026967
Russian Hill,37.80496,-122.42415,Entire home/apt,8,110,4.95,f,18,231,51,0.375,0.375,0.5,18,7.1592919047975645
Nob Hill,37.79183,-122.40959,Hotel room,2,148,4.75,f,27,361,23,0.5,0.5,0.5,4,5.3706380281276624
Nob Hill,37.79182,-122.40962,Hotel room,2,16,4.81,f,23,354,23,0.5,0.5,1.0,4,5.572154032177765
Nob Hill,37.79183,-122.40959,Hotel room,2,20,4.3,f,26,355,23,0.5,0.5,0.5,4,5.43372200355424
Nob Hill,37.79184,-122.40962,Hotel room,2,3,4.33,f,27,362,24,0.5,0.5,0.5,4,5.726847747587197
Nob Hill,37.79183,-122.40963,Hotel room,2,23,4.09,f,28,363,23,0.5,0.5,0.5,4,5.4638318050256105
Nob Hill,37.79183,-122.40961,Hotel room,2,19,4.63,f,27,358,24,0.5,0.5,0.5,4,5.501258210544727
Nob Hill,37.79184,-122.40965,Hotel room,2,78,4.59,f,28,363,22,0.5,0.5,0.5,4,5.318119993844216
Outer Sunset,37.74906,-122.47838,Private room,4,542,4.85,t,8,295,32,0.25,0.25,0.5,22,4.23410650459726
Castro/Upper Market,37.76183,-122.44209,Private room,2,658,4.99,t,11,35,41,0.5,0.5,0.5,21,5.1298987149230735
Bayview,37.71994,-122.39458,Private room,1,26,4.62,t,2,274,45,1.0,1.0,1.0,14,3.8918202981106265
Bernal Heights,37.74276,-122.41296,Entire home/apt,2,361,4.96,t,4,209,50,0.5,0.5,0.5,20,4.962844630259907
Marina,37.80499,-122.44473,Entire home/apt,5,1,5.0,f,0,309,67,0.6,0.4,0.6,3,5.966146739123692
Outer Sunset,37.76085,-122.50814,Entire home/apt,2,381,4.87,t,4,184,46,0.5,0.5,0.5,17,5.017279836814924
Potrero Hill,37.75996,-122.39408,Entire home/apt,6,68,4.85,f,0,327,35,0.5,0.25,0.5,7,6.1092475827643655
Bernal Heights,37.73754,-122.41143,Entire home/apt,6,35,4.94,t,16,16,66,0.5,0.3333333333333333,0.6666666666666666,2,6.282266746896006
Bayview,37.72942,-122.38468,Entire home/apt,2,15,5.0,t,0,185,51,0.5,0.5,0.5,14,4.634728988229636
Outer Mission,37.72768,-122.44304,Entire home/apt,6,125,4.9,t,30,343,52,0.3333333333333333,0.16666666666666666,0.3333333333333333,5,5.53338948872752
Bayview,37.73909,-122.39807,Private room,2,11,4.36,f,29,364,25,0.5,0.5,0.5,14,3.713572066704308
Visitacion Valley,37.71781,-122.40451,Private room,2,89,4.98,t,3,3,58,0.5,1.5,0.5,14,4.51085950651685
Outer Sunset,37.75792748208189,-122.49740684460916,Entire home/apt,10,12,5.0,t,18,203,97,0.5,0.35,0.7,17,7.133295954896068
Financial District,37.79147,-122.4039,Entire home/apt,4,15,4.93,t,0,258,36,0.5,0.5,0.5,4,5.934894195619588
Castro/Upper Market,37.758892,-122.437469,Entire home/apt,6,113,4.88,t,6,46,53,0.3333333333333333,0.16666666666666666,0.3333333333333333,21,5.318119993844216
Outer Sunset,37.75385,-122.50248,Entire home/apt,2,13,4.85,f,0,143,46,0.5,0.5,0.5,17,4.30406509320417
Western Addition,37.77456,-122.42981,Entire home/apt,6,242,4.8,f,17,328,63,0.3333333333333333,0.16666666666666666,0.5,6,5.961005339623274
Outer Mission,37.72373,-122.4403,Private room,1,0,0.0,f,23,83,19,1.0,1.0,1.0,12,6.856461984594587
Excelsior,37.72684,-122.41027,Entire home/apt,7,0,0.0,f,23,173,16,0.5714285714285714,0.42857142857142855,0.42857142857142855,2,5.147494476813453
Bernal Heights,37.73835,-122.41889,Entire home/apt,6,13,5.0,f,0,108,34,0.6666666666666666,0.5,0.6666666666666666,2,5.929589143389895
Haight Ashbury,37.768552,-122.446332,Entire home/apt,2,0,0.0,f,0,303,33,0.0,0.5,0.5,21,4.553876891600541
Pacific Heights,37.78861,-122.43929,Private room,1,83,4.94,t,7,232,25,1.0,1.0,1.0,3,4.969813299576001
Pacific Heights,37.79096,-122.42373,Entire home/apt,5,54,4.8,f,23,209,47,0.4,0.2,0.6,10,6.100318952020064
Nob Hill,37.79265,-122.40985,Private room,2,63,4.7,f,21,158,16,0.5,0.5,0.5,4,5.236441962829949
Marina,37.80589,-122.43536,Entire home/apt,4,255,4.96,t,18,165,24,0.25,0.25,0.5,3,5.966146739123692
Marina,37.79693,-122.44216,Entire home/apt,4,303,4.95,t,16,311,70,0.25,0.25,0.5,3,5.934894195619588
Potrero Hill,37.75764,-122.40038,Entire home/apt,4,279,4.84,t,15,155,52,0.25,0.25,0.5,7,5.4638318050256105
Outer Mission,37.72169,-122.44223,Private room,1,0,0.0,f,0,203,18,1.0,1.0,1.0,12,3.4339872044851463
Crocker Amazon,37.708706959916135,-122.4373112904948,Private room,1,9,5.0,t,15,165,31,1.0,1.0,1.0,12,3.871201010907891
Nob Hill,37.79594,-122.41362,Entire home/apt,2,26,5.0,t,0,278,32,0.5,0.5,0.5,18,4.624972813284271
Crocker Amazon,37.71248,-122.43083,Entire home/apt,3,107,4.99,t,2,109,79,0.3333333333333333,0.3333333333333333,0.6666666666666666,12,4.948759890378168
Mission,37.75393,-122.42381,Entire home/apt,3,10,4.8,f,2,242,14,0.3333333333333333,0.3333333333333333,0.6666666666666666,13,4.61512051684126
Inner Sunset,37.75696,-122.45488,Entire home/apt,10,29,4.93,t,17,157,68,0.5,0.3,0.6,21,7.3864708488298945
Outer Sunset,37.76267,-122.49428,Entire home/apt,8,254,4.85,t,12,222,51,0.375,0.1875,0.75,17,5.583496308781699
Inner Richmond,37.77972,-122.45147,Entire home/apt,6,31,4.97,t,0,48,77,0.5,0.5833333333333334,1.0,24,6.52795791762255
Bernal Heights,37.74218,-122.42376,Entire home/apt,3,19,4.74,f,16,256,47,0.3333333333333333,0.3333333333333333,0.6666666666666666,2,4.499809670330265
Inner Sunset,37.75744,-122.45492,Entire home/apt,10,6,4.33,t,17,157,67,0.5,0.3,0.6,21,7.718685495198466
Visitacion Valley,37.72249,-122.40594,Private room,5,115,4.67,f,18,335,22,0.4,0.2,0.6,14,4.762173934797756
Downtown/Civic Center,37.78856,-122.41952,Hotel room,2,16,4.63,f,10,316,29,0.5,0.5,0.5,10,4.574710978503383
Twin Peaks,37.75047,-122.44475,Entire home/apt,2,407,4.81,t,12,338,41,0.0,0.5,0.5,21,4.820281565605037
Financial District,37.79035,-122.40619,Hotel room,2,1417,4.31,f,28,361,17,0.5,0.5,0.5,4,4.6913478822291435
Chinatown,37.79206,-122.40663,Hotel room,2,409,4.47,f,26,359,18,0.5,0.5,1.0,4,4.762173934797756
Financial District,37.79039,-122.40672,Hotel room,2,16,4.13,f,26,349,18,0.5,0.5,0.5,4,4.976733742420574
Downtown/Civic Center,37.78651,-122.41621,Entire home/apt,3,2,5.0,f,20,230,16,0.3333333333333333,0.3333333333333333,0.3333333333333333,4,4.584967478670572
Outer Sunset,37.75927,-122.50161,Private room,3,396,4.86,t,9,335,28,0.3333333333333333,0.3333333333333333,0.3333333333333333,17,4.04305126783455
Outer Sunset,37.7595,-122.50003,Private room,3,491,4.9,t,6,319,23,0.3333333333333333,0.3333333333333333,0.3333333333333333,17,4.007333185232471
Western Addition,37.78791,-122.42588,Private room,2,37,4.68,f,20,286,17,0.5,0.5,0.5,10,5.209486152841421
Nob Hill,37.79404,-122.42037,Private room,2,25,4.64,f,28,301,12,0.5,0.5,0.5,10,5.247024072160486
Nob Hill,37.79359,-122.42042,Private room,2,2,4.5,f,30,303,12,0.5,0.5,0.5,10,5.3471075307174685
Nob Hill,37.79235,-122.42243,Private room,2,1,5.0,f,22,281,12,0.5,0.5,0.5,10,5.4116460518550396
Nob Hill,37.79392,-122.42226,Private room,2,1,5.0,f,25,288,12,0.5,0.5,0.5,10,5.517452896464707
Downtown/Civic Center,37.78677,-122.41101,Entire home/apt,3,33,4.94,t,0,5,20,0.0,0.3333333333333333,0.6666666666666666,4,4.605170185988092
Mission,37.75882,-122.41,Entire home/apt,4,3,5.0,t,0,325,51,0.25,0.5,0.5,20,5.69035945432406
Noe Valley,37.74531,-122.43343,Entire home/apt,2,79,4.81,t,15,37,57,0.5,0.5,0.5,13,5.288267030694535
Castro/Upper Market,37.76214,-122.44474,Entire home/apt,6,0,0.0,t,23,358,21,0.3333333333333333,0.75,0.3333333333333333,21,6.992096427415888
North Beach,37.80249,-122.40909,Private room,2,28,4.93,t,27,168,36,0.5,0.5,0.5,18,5.579729825986222
Noe Valley,37.75532,-122.42618,Entire home/apt,4,16,5.0,t,0,304,45,0.5,0.375,0.75,13,5.43372200355424
Mission,37.75363,-122.40466,Private room,1,3,5.0,t,0,131,21,1.0,1.0,0.0,20,4.174387269895637
Bernal Heights,37.74666,-122.40616,Entire home/apt,6,380,4.93,t,4,179,58,0.3333333333333333,0.16666666666666666,0.3333333333333333,20,5.393627546352362
Western Addition,37.78873,-122.42898,Entire home/apt,2,17,4.59,f,0,299,35,0.5,0.5,0.5,10,4.74493212836325
Mission,37.76047,-122.42013,Entire home/apt,1,4,4.5,f,0,123,31,1.0,1.0,1.0,9,4.454347296253507
Visitacion Valley,37.71391,-122.41028,Private room,2,322,4.89,t,5,207,29,0.5,0.5,0.5,14,3.9889840465642745
Visitacion Valley,37.71342,-122.41028,Private room,4,300,4.91,t,5,203,29,0.25,0.25,0.5,14,4.0943445622221
Western Addition,37.78010101354426,-122.444586849843,Entire home/apt,7,149,4.99,t,6,21,58,0.42857142857142855,0.14285714285714285,0.42857142857142855,24,5.834810737062605
Bayview,37.73064,-122.38995,Entire home/apt,3,26,4.96,f,15,350,46,0.3333333333333333,0.3333333333333333,0.3333333333333333,14,5.241747015059643
Marina,37.79655,-122.43357,Entire home/apt,2,10,4.8,t,0,256,34,0.0,0.5,1.0,3,4.787491742782046
Nob Hill,37.79173,-122.41015,Entire home/apt,2,3,5.0,f,26,361,28,0.5,0.5,0.5,4,5.0238805208462765
Outer Sunset,37.7613229,-122.4965406,Private room,2,71,4.93,t,16,339,36,0.5,0.5,0.5,17,5.1298987149230735
Outer Richmond,37.78139,-122.48276,Entire home/apt,6,13,4.69,f,0,105,55,0.5,0.3333333333333333,0.6666666666666666,15,5.755742213586912
Western Addition,37.78713,-122.44528,Hotel room,1,2,5.0,f,21,329,9,1.0,1.0,1.0,24,5.58724865840025
Western Addition,37.78611373901367,-122.4463882446289,Hotel room,3,2,4.0,f,23,355,10,0.3333333333333333,0.3333333333333333,0.6666666666666666,24,6.073044534100405
Western Addition,37.7757,-122.4275,Entire home/apt,4,18,4.67,f,0,274,25,0.5,0.25,0.5,6,5.093750200806762
Mission,37.75081,-122.41995,Entire home/apt,4,0,0.0,f,0,155,27,0.5,0.25,0.5,20,4.867534450455582
Castro/Upper Market,37.76178,-122.44268,Entire home/apt,2,391,4.98,t,4,223,53,0.5,0.5,0.5,21,4.6913478822291435
Outer Richmond,37.77927,-122.47931,Entire home/apt,2,3,5.0,f,27,362,39,0.5,0.5,0.5,15,4.787491742782046
Outer Sunset,37.75072,-122.48042,Entire home/apt,7,221,4.77,t,17,156,27,0.42857142857142855,0.2857142857142857,0.5714285714285714,22,5.0238805208462765
Downtown/Civic Center,37.7885,-122.41404,Hotel room,4,73,4.84,f,17,233,38,0.25,0.25,0.25,4,5.170483995038151
North Beach,37.80408,-122.40525,Entire home/apt,3,12,4.83,t,16,31,42,0.3333333333333333,0.3333333333333333,1.0,18,5.3981627015177525
Downtown/Civic Center,37.7878653,-122.4104163,Private room,4,5,4.2,f,22,106,31,0.0,0.25,0.5,4,5.389071729816501
Downtown/Civic Center,37.7878653,-122.4104163,Private room,4,155,4.87,f,19,102,32,0.0,0.25,0.5,4,5.389071729816501
Russian Hill,37.80549999999999,-122.4205787,Private room,4,6,5.0,f,9,51,35,0.25,0.25,0.5,18,5.19295685089021
Chinatown,37.7905509,-122.4069285,Private room,4,4,4.25,f,28,208,27,0.25,0.25,0.5,4,5.056245805348308
Haight Ashbury,37.77408,-122.44232,Entire home/apt,8,53,4.91,t,26,176,24,0.5,0.1875,0.75,24,5.529429087511423
Castro/Upper Market,37.76171,-122.4273,Entire home/apt,4,19,4.79,f,0,210,30,0.5,0.25,0.5,9,5.429345628954441
Financial District,37.786468505859375,-122.39900207519533,Entire home/apt,2,6,5.0,t,13,232,43,0.0,0.5,0.5,1,5.267858159063328
Outer Sunset,37.76045,-122.50501,Entire home/apt,7,5,4.4,f,30,150,27,0.5714285714285714,0.42857142857142855,0.8571428571428571,17,6.467698726104354
Mission,37.7508,-122.41927,Private room,2,91,4.88,t,12,162,64,0.5,0.5,0.5,20,4.709530201312334
Outer Mission,37.73014,-122.44759,Entire home/apt,4,60,4.78,f,0,281,50,0.5,0.5,0.5,5,4.997212273764115
Noe Valley,37.74667,-122.42647,Entire home/apt,3,173,4.84,t,1,256,34,0.6666666666666666,0.3333333333333333,0.6666666666666666,13,4.890349128221754
Castro/Upper Market,37.76426,-122.42648,Entire home/apt,10,14,4.86,t,0,242,47,0.5,0.2,0.5,9,6.142037405587356
Downtown/Civic Center,37.78881,-122.40929,Entire home/apt,4,1,5.0,f,0,175,22,0.25,0.25,0.5,4,5.298317366548036
Western Addition,37.78889,-122.42734,Private room,1,1,5.0,t,29,166,40,1.0,1.0,0.0,10,4.787491742782046
Financial District,37.79803,-122.40391,Entire home/apt,2,10,4.7,f,5,185,31,0.5,0.5,0.5,18,4.605170185988092
North Beach,37.80482,-122.40626,Entire home/apt,2,6,4.67,f,15,258,22,0.5,0.5,0.5,18,5.0106352940962555
Downtown/Civic Center,37.78695,-122.40932,Private room,4,55,4.84,t,16,16,31,0.0,0.25,1.0,4,5.407171771460119
Visitacion Valley,37.71501,-122.40091,Entire home/apt,6,148,4.83,t,28,268,28,0.3333333333333333,0.16666666666666666,0.8333333333333334,14,5.318119993844216
Noe Valley,37.75043,-122.42609,Entire home/apt,4,20,5.0,t,12,145,58,0.5,0.5,0.5,13,5.247024072160486
Chinatown,37.79034,-122.40749,Entire home/apt,3,3,5.0,t,0,4,21,0.3333333333333333,0.3333333333333333,0.6666666666666666,4,4.605170185988092
Bernal Heights,37.7427,-122.42011,Private room,2,40,5.0,t,10,53,35,0.5,0.5,0.5,2,4.6443908991413725
Mission,37.75376,-122.40477,Entire home/apt,6,68,4.85,f,26,102,43,0.5,0.3333333333333333,0.5,20,5.241747015059643
Western Addition,37.77353,-122.42822,Private room,2,156,4.94,t,14,47,19,0.5,0.5,0.5,6,4.2626798770413155
Nob Hill,37.79036,-122.40948,Entire home/apt,3,4,5.0,t,0,4,21,0.3333333333333333,0.3333333333333333,0.3333333333333333,4,4.605170185988092
Inner Richmond,37.78143,-122.45973,Entire home/apt,6,6,5.0,t,10,253,62,0.5,0.3333333333333333,0.5,24,5.736572297479192
Downtown/Civic Center,37.78976,-122.40762,Entire home/apt,3,10,4.8,t,0,5,21,0.3333333333333333,0.3333333333333333,0.6666666666666666,4,4.605170185988092
Russian Hill,37.8055,-122.42058,Private room,6,3,5.0,t,12,75,33,0.3333333333333333,0.16666666666666666,0.5,18,5.846438775057725
Russian Hill,37.8055,-122.42058,Private room,6,25,4.96,t,12,78,34,0.3333333333333333,0.16666666666666666,0.5,18,5.846438775057725
Marina,37.80401,-122.4387,Entire home/apt,6,17,4.88,t,0,321,53,0.5,0.16666666666666666,0.5,3,5.697093486505405
Glen Park,37.73406,-122.43555,Entire home/apt,2,49,4.94,t,6,43,37,0.5,0.5,0.5,5,4.68213122712422
Noe Valley,37.75296,-122.43396,Entire home/apt,6,23,4.78,t,0,35,69,0.5,0.3333333333333333,0.5,13,5.438079308923196
Outer Mission,37.73066,-122.43431,Entire home/apt,2,118,4.92,f,7,125,58,0.0,0.5,0.5,5,4.762173934797756
Excelsior,37.71797,-122.43917,Entire home/apt,5,430,4.9,t,12,240,42,0.4,0.2,0.6,12,5.017279836814924
Noe Valley,37.75412,-122.44053,Entire home/apt,2,30,5.0,t,6,284,47,0.5,0.5,0.5,21,4.74493212836325
Nob Hill,37.79158,-122.40933,Entire home/apt,2,14,4.71,t,0,4,24,0.0,0.5,0.5,4,4.844187086458591
Marina,37.80399,-122.43803,Entire home/apt,2,116,5.0,t,4,310,50,0.5,0.5,0.5,3,5.840641657373398
Downtown/Civic Center,37.78985,-122.40814,Entire home/apt,3,4,5.0,t,0,4,21,0.3333333333333333,0.3333333333333333,0.6666666666666666,4,4.605170185988092
Noe Valley,37.751919,-122.434654,Entire home/apt,2,137,4.8,f,15,233,40,0.5,0.5,1.0,13,5.375278407684165
Pacific Heights,37.79288,-122.43086,Entire home/apt,2,264,4.98,t,3,61,45,0.0,0.5,0.5,10,5.780743515792329
Outer Mission,37.72717,-122.43924,Private room,5,59,4.93,t,25,176,54,0.4,0.4,0.6,5,4.997212273764115
Bayview,37.72944,-122.38381,Private room,1,7,5.0,f,23,358,69,1.0,1.0,1.0,14,4.248495242049359
Potrero Hill,37.75769,-122.40132,Entire home/apt,2,7,4.29,f,28,363,50,0.5,0.5,1.0,7,4.499809670330265
North Beach,37.80024,-122.40591,Entire home/apt,4,23,5.0,f,0,266,30,0.5,0.25,0.75,18,5.0106352940962555
Mission,37.75682,-122.42513,Entire home/apt,4,11,4.91,f,0,304,35,0.25,0.25,0.25,9,5.017279836814924
North Beach,37.80433,-122.41149,Entire home/apt,4,19,4.84,f,0,216,25,0.5,0.25,0.5,18,6.437751649736401
West of Twin Peaks,37.72697,-122.4563,Private room,3,30,4.8,t,15,328,18,0.3333333333333333,0.3333333333333333,0.6666666666666666,19,4.584967478670572
Russian Hill,37.8056755065918,-122.42237854003906,Entire home/apt,6,24,4.96,f,28,82,45,0.3333333333333333,0.3333333333333333,0.3333333333333333,18,6.398594934535208
Pacific Heights,37.7962,-122.42666,Entire home/apt,2,15,4.87,f,3,307,12,0.5,0.5,0.5,10,4.955827057601261
Outer Mission,37.73194,-122.44679,Entire home/apt,2,217,4.82,f,4,288,50,0.5,0.5,0.5,5,4.804021044733257
Western Addition,37.771751576413855,-122.42433582263678,Entire home/apt,6,2,5.0,f,0,239,43,0.3333333333333333,0.3333333333333333,0.5,6,5.8916442118257715
Nob Hill,37.79017,-122.41383,Entire home/apt,4,120,4.84,t,18,333,55,0.25,0.125,0.5,4,5.703782474656201
Castro/Upper Market,37.76295,-122.43424,Entire home/apt,4,0,0.0,f,0,223,29,0.5,0.5,0.5,6,4.7535901911063645
Outer Sunset,37.76319,-122.49608,Entire home/apt,4,148,4.84,t,6,108,26,0.5,0.25,0.75,17,5.204006687076795
South of Market,37.77511,-122.40265,Entire home/apt,6,23,4.96,t,0,0,46,0.5,0.3333333333333333,0.5,1,6.881411303642535
Bernal Heights,37.74694,-122.40479,Entire home/apt,1,24,4.79,t,6,139,34,0.0,1.0,1.0,20,5.1647859739235145
Mission,37.75814,-122.41589,Private room,2,153,4.95,t,14,163,21,0.5,0.5,0.5,20,4.77912349311153
Western Addition,37.78661,-122.43355,Entire home/apt,2,66,4.95,t,5,31,47,0.5,0.5,0.5,10,5.66988092298052
Western Addition,37.78746,-122.44046,Private room,1,28,5.0,t,24,218,68,2.0,1.0,1.0,3,4.605170185988092
Downtown/Civic Center,37.78687,-122.41005,Entire home/apt,3,3,5.0,t,0,4,21,0.0,0.3333333333333333,0.6666666666666666,4,4.844187086458591
Downtown/Civic Center,37.78808,-122.41182,Entire home/apt,6,7,5.0,t,2,280,62,0.3333333333333333,0.3333333333333333,0.5,4,6.214608098422191
Nob Hill,37.78957,-122.41381,Private room,4,1,5.0,t,13,252,59,0.25,0.125,0.5,4,5.991464547107982
Glen Park,37.73866,-122.42667,Private room,2,29,4.97,t,9,336,63,0.5,0.75,0.5,2,4.836281906951478
Castro/Upper Market,37.76434,-122.43586,Entire home/apt,4,66,5.0,t,8,41,32,0.5,0.375,0.5,6,6.008813185442595
Noe Valley,37.7439,-122.43532,Private room,1,63,4.81,t,26,26,50,1.0,1.0,1.0,13,4.406719247264253
South of Market,37.77511,-122.40265,Entire home/apt,4,26,4.92,t,6,217,37,0.5,0.25,0.5,1,6.118097198041348
Western Addition,37.78312,-122.44005,Private room,1,15,5.0,t,29,364,52,1.0,1.0,1.0,24,4.356708826689592
Mission,37.75797,-122.41156,Entire home/apt,2,117,4.95,t,10,307,49,0.0,0.5,0.5,20,5.497168225293202
Castro/Upper Market,37.76092,-122.42687,Entire home/apt,5,5,5.0,f,23,173,14,0.4,0.4,0.6,9,5.752572638825633
Haight Ashbury,37.76931,-122.43818,Entire home/apt,2,7,5.0,f,29,89,31,0.5,0.5,1.5,6,5.356586274672012
Inner Richmond,37.77455,-122.46901,Entire home/apt,4,1,5.0,f,0,275,17,0.5,0.25,0.5,15,4.941642422609304
Outer Sunset,37.75219,-122.49994,Entire home/apt,6,97,4.94,t,9,9,70,0.5,0.3333333333333333,0.5,17,6.066108090103747
Mission,37.75924,-122.40843,Private room,2,177,4.89,t,2,9,36,0.5,0.5,0.5,20,4.532599493153256
Financial District,37.78961,-122.39984,Entire home/apt,3,1,5.0,f,0,259,31,0.6666666666666666,0.6666666666666666,0.6666666666666666,1,5.616771097666572
Marina,37.80362,-122.43925,Entire home/apt,2,27,4.89,t,0,312,58,0.5,0.5,0.5,3,4.912654885736052
Mission,37.75817,-122.42324,Entire home/apt,7,26,5.0,t,0,253,71,0.2857142857142857,0.14285714285714285,0.7142857142857143,9,5.170483995038151
Mission,37.75767,-122.42278,Entire home/apt,2,23,4.96,t,0,290,56,0.5,0.5,0.5,9,4.700480365792417
Downtown/Civic Center,37.78334,-122.40893,Private room,2,10,4.0,f,0,236,17,0.5,0.5,0.5,4,4.897839799950911
Castro/Upper Market,37.75842,-122.44177,Entire home/apt,4,5,5.0,f,9,327,36,0.5,0.5,0.5,21,5.905361848054571
South of Market,37.77968,-122.39698,Entire home/apt,2,77,4.94,t,5,211,13,0.5,0.5,0.5,1,4.890349128221754
Castro/Upper Market,37.76634,-122.43587,Entire home/apt,4,7,5.0,t,0,148,20,0.5,0.375,0.5,6,5.616771097666572
South of Market,37.78022,-122.39752,Entire home/apt,2,60,4.83,t,13,244,13,0.5,0.5,0.5,1,4.394449154672439
South of Market,37.78142,-122.39736,Entire home/apt,2,61,4.7,t,18,253,12,0.5,0.5,0.5,1,4.836281906951478
Russian Hill,37.79749,-122.41157,Entire home/apt,4,12,4.08,f,29,360,35,0.5,0.5,0.5,18,4.718498871295094
South of Market,37.78173,-122.39676,Entire home/apt,2,43,4.77,t,17,257,12,0.5,0.5,0.5,1,4.394449154672439
South of Market,37.77943,-122.39673,Private room,2,43,4.81,t,7,228,13,0.5,1.0,0.5,1,4.394449154672439
South of Market,37.77975,-122.39714,Entire home/apt,2,49,4.8,t,7,244,12,0.5,1.0,0.5,1,4.394449154672439
South of Market,37.78098,-122.39753,Entire home/apt,2,48,4.77,t,0,176,12,0.5,1.0,0.5,1,4.499809670330265
Marina,37.80271,-122.44203,Entire home/apt,2,13,5.0,t,6,282,45,0.5,0.5,0.5,3,5.41610040220442
Marina,37.79802,-122.43125,Private room,2,127,4.96,t,7,144,37,0.5,0.5,0.5,3,5.176149732573829
Marina,37.80166,-122.43901,Entire home/apt,3,12,5.0,t,0,182,38,0.6666666666666666,0.5,0.6666666666666666,3,5.568344503761097
Western Addition,37.77071,-122.43183,Private room,2,29,4.9,t,0,240,49,0.5,0.5,0.5,6,4.174387269895637
Visitacion Valley,37.71622,-122.43053,Private room,5,340,4.86,t,10,345,29,0.2,0.2,0.6,12,4.276666119016055
Excelsior,37.71706,-122.43046,Private room,2,197,4.83,t,17,352,28,0.5,0.5,0.5,12,3.713572066704308
Excelsior,37.716614,-122.43145,Private room,1,122,4.84,t,0,305,41,1.0,1.0,1.0,12,3.9512437185814275
Excelsior,37.71592,-122.43258,Private room,1,60,4.9,t,28,178,22,1.0,1.0,1.0,12,3.912023005428146
Excelsior,37.71758,-122.43201,Private room,2,209,4.78,t,5,340,28,0.5,0.5,1.0,12,3.7612001156935624
Western Addition,37.77713,-122.43008,Entire home/apt,3,15,4.87,t,0,330,38,0.3333333333333333,0.3333333333333333,0.6666666666666666,6,5.10594547390058
Bayview,37.73531,-122.39319,Entire home/apt,5,221,4.93,t,15,253,45,0.4,0.2,0.6,14,5.14166355650266
Russian Hill,37.79862,-122.41207,Entire home/apt,2,16,4.75,f,0,261,29,0.5,0.5,0.5,18,4.574710978503383
Chinatown,37.7936,-122.4075,Private room,4,264,4.92,t,16,305,64,0.25,0.375,0.5,4,5.062595033026967
Western Addition,37.77273,-122.43017,Private room,2,20,5.0,t,5,245,35,0.5,0.5,0.5,6,4.442651256490317
Castro/Upper Market,37.76218,-122.42672,Entire home/apt,2,9,4.89,t,0,275,28,0.5,0.5,0.5,9,5.2574953720277815
Russian Hill,37.79839,-122.41033,Private room,1,3,5.0,f,0,241,25,1.0,1.0,1.0,18,4.0943445622221
Haight Ashbury,37.77298,-122.43759,Entire home/apt,6,35,4.91,f,0,177,61,0.3333333333333333,0.3333333333333333,0.5,6,6.214608098422191
Noe Valley,37.74601,-122.43109,Entire home/apt,6,0,0.0,f,1,336,64,0.5,0.4166666666666667,0.6666666666666666,13,6.1903154058531475
Excelsior,37.72816,-122.4201,Private room,1,14,4.79,t,0,305,44,1.0,1.0,2.0,2,3.912023005428146
West of Twin Peaks,37.74111,-122.44932,Entire home/apt,2,109,4.74,f,30,365,24,0.0,0.0,0.5,5,5.017279836814924
Inner Richmond,37.78252,-122.47489,Entire home/apt,2,193,4.95,t,3,266,29,0.5,0.5,0.5,15,5.14166355650266
Bayview,37.72847,-122.3834,Entire home/apt,4,66,4.33,f,24,351,35,0.5,0.5,0.5,14,4.61512051684126
Mission,37.74931,-122.41737,Entire home/apt,2,0,0.0,f,10,131,31,0.5,0.5,0.5,20,4.997212273764115
Bernal Heights,37.7469,-122.41902,Entire home/apt,2,34,4.91,t,15,341,46,0.5,0.75,0.5,20,5.645446897643238
Outer Mission,37.73158,-122.44998,Entire home/apt,4,124,4.99,t,8,221,75,0.5,0.5,0.75,5,5.834810737062605
Bayview,37.73004,-122.3852,Private room,2,0,0.0,f,24,256,21,0.5,0.5,0.5,14,4.59511985013459
Presidio Heights,37.78373,-122.44935,Entire home/apt,8,16,4.75,f,0,299,51,0.25,0.25,0.5,24,5.963579343618446
Downtown/Civic Center,37.78479,-122.4145,Entire home/apt,2,3,5.0,f,2,241,16,0.0,0.5,0.5,4,4.276666119016055
Inner Richmond,37.77859,-122.44793,Entire home/apt,10,154,4.95,t,15,72,50,0.4,0.4,0.4,24,6.717804695023691
Western Addition,37.76941,-122.43063,Entire home/apt,8,43,4.98,t,2,51,37,0.5,0.25,0.75,6,6.625392368007956
Noe Valley,37.74642,-122.43032,Entire home/apt,8,7,4.86,f,0,223,67,0.5,0.375,0.625,13,6.763884908562435
Mission,37.75477,-122.42369,Private room,1,1,5.0,f,0,243,38,1.0,1.0,2.0,13,5.187385805840755
Bernal Heights,37.74613,-122.41079,Entire home/apt,2,17,5.0,f,7,63,41,0.5,0.5,0.5,20,5.529429087511423
Visitacion Valley,37.71115,-122.40006,Entire home/apt,2,11,4.91,f,0,61,33,0.5,0.5,0.5,14,4.31748811353631
South of Market,37.78117,-122.39533,Entire home/apt,2,64,4.8,t,10,229,17,0.5,0.5,0.5,1,4.787491742782046
Downtown/Civic Center,37.78878,-122.41064,Private room,4,48,4.85,t,4,4,34,0.0,0.25,0.5,4,5.407171771460119
Chinatown,37.79227,-122.40803,Entire home/apt,4,10,5.0,t,3,241,18,0.0,0.25,0.5,4,4.700480365792417
Haight Ashbury,37.76855,-122.44275,Entire home/apt,4,0,0.0,f,0,213,17,0.5,0.25,0.5,21,5.0106352940962555
Bayview,37.72887,-122.38391,Private room,1,3,5.0,f,30,270,74,1.0,1.0,2.0,14,4.2626798770413155
Excelsior,37.72258,-122.43453,Entire home/apt,3,153,4.92,f,20,355,40,0.3333333333333333,0.3333333333333333,0.3333333333333333,12,4.990432586778736
Marina,37.79989,-122.43616,Private room,2,0,0.0,f,28,362,20,0.5,0.5,0.0,3,4.983606621708336
Marina,37.79956,-122.43627,Private room,4,3,3.67,f,29,363,20,0.25,0.25,0.5,3,4.941642422609304
Mission,37.75405,-122.42309,Entire home/apt,3,6,4.33,f,18,353,13,0.3333333333333333,0.3333333333333333,0.3333333333333333,13,4.605170185988092
Haight Ashbury,37.76191,-122.44917,Private room,2,153,4.89,t,22,243,33,0.5,0.5,1.0,21,4.9344739331306915
Noe Valley,37.74311,-122.42817,Entire home/apt,3,4,4.75,f,16,351,35,0.6666666666666666,0.3333333333333333,0.6666666666666666,13,5.365976015021851
West of Twin Peaks,37.72891,-122.4652,Entire home/apt,6,94,4.98,t,8,66,46,0.3333333333333333,0.16666666666666666,0.5,19,5.075173815233827
North Beach,37.80065,-122.4084,Private room,2,52,4.6,f,6,280,16,0.5,0.5,0.5,18,5.147494476813453
North Beach,37.80095,-122.40801,Private room,2,15,4.4,f,11,331,17,0.5,0.5,0.5,18,5.220355825078324
North Beach,37.80023,-122.40965,Private room,2,42,4.38,f,19,341,16,0.5,0.5,0.5,18,5.247024072160486
North Beach,37.80217,-122.40987,Private room,2,29,4.55,f,11,323,18,0.5,0.5,0.5,18,5.332718793265369
North Beach,37.80018,-122.40841,Private room,3,8,4.63,f,7,307,18,0.3333333333333333,0.3333333333333333,0.6666666666666666,18,5.438079308923196
Mission,37.76751,-122.41991,Private room,2,48,4.25,f,23,358,25,0.5,0.5,0.5,9,4.30406509320417
Mission,37.76735,-122.42075,Private room,2,29,4.17,f,19,354,26,0.5,0.5,0.5,9,4.343805421853684
Mission,37.76682,-122.42117,Private room,2,135,4.39,f,22,351,25,0.5,0.5,0.5,9,4.59511985013459
Downtown/Civic Center,37.78889,-122.41131,Entire home/apt,4,34,4.94,t,0,4,14,0.0,0.25,0.5,4,5.0689042022202315
Downtown/Civic Center,37.78808,-122.41145,Entire home/apt,3,13,4.85,t,0,7,20,0.0,0.3333333333333333,1.0,4,4.605170185988092
Chinatown,37.795,-122.4089,Entire home/apt,6,119,4.92,t,20,347,72,0.3333333333333333,0.25,0.3333333333333333,4,6.415096959171596
Mission,37.74977,-122.40941,Entire home/apt,3,2,5.0,f,0,260,35,0.3333333333333333,0.3333333333333333,0.6666666666666666,20,4.700480365792417
Bayview,37.71991,-122.39374,Private room,1,9,4.89,t,3,316,38,1.0,1.0,1.0,14,3.9318256327243257
Visitacion Valley,37.71991,-122.40456,Entire home/apt,2,42,4.88,t,14,86,44,0.5,0.5,0.5,14,4.418840607796598
Castro/Upper Market,37.76173,-122.43604,Private room,2,130,4.91,t,10,335,30,0.5,0.5,0.5,21,4.605170185988092
Mission,37.75559,-122.4084,Entire home/apt,4,20,4.9,f,22,295,50,0.5,0.25,0.5,20,5.187385805840755
Bayview,37.72836,-122.39365,Entire home/apt,5,0,0.0,f,0,213,16,0.0,0.2,0.4,14,4.110873864173311
Western Addition,37.78903,-122.42944,Entire home/apt,2,0,0.0,f,0,92,28,1.0,0.5,1.0,10,4.948759890378168
Bayview,37.73649,-122.38951,Private room,2,8,5.0,t,0,209,33,0.5,0.75,0.5,14,4.0943445622221
West of Twin Peaks,37.73594,-122.44841,Entire home/apt,4,162,4.98,t,8,202,63,0.25,0.25,0.5,5,5.181783550292085
Financial District,37.78931,-122.4058,Private room,4,29,3.79,f,14,342,16,0.25,0.25,0.5,4,4.890349128221754
Russian Hill,37.80453,-122.42133,Entire home/apt,4,3,4.67,t,10,12,39,0.25,0.25,0.5,18,5.627621113690637
Castro/Upper Market,37.76138,-122.44322,Entire home/apt,6,152,4.91,t,14,320,71,0.5,0.25,0.5,21,6.29156913955832
Financial District,37.78989,-122.40587,Private room,2,133,4.22,f,29,363,18,0.5,0.5,0.5,4,4.727387818712341
Financial District,37.79723,-122.40524,Entire home/apt,2,2,4.5,t,30,364,18,1.0,0.5,1.0,4,4.718498871295094
Haight Ashbury,37.76993,-122.44894,Entire home/apt,2,17,4.71,f,5,301,50,0.0,0.5,0.5,24,4.31748811353631
Castro/Upper Market,37.76633,-122.4292,Entire home/apt,2,13,5.0,t,9,264,46,0.5,0.5,1.0,6,5.075173815233827
Mission,37.7579,-122.41959,Entire home/apt,8,49,4.92,t,0,257,54,0.375,0.25,0.5,9,5.6240175061873385
Financial District,37.79,-122.40584,Private room,2,1,5.0,f,30,365,20,0.0,0.5,0.5,4,5.971261839790462
Financial District,37.78948,-122.40576,Private room,2,1,5.0,f,30,365,19,0.0,0.5,0.5,4,5.971261839790462
Financial District,37.79031,-122.40601,Private room,2,1,5.0,f,30,365,22,0.0,0.5,0.5,4,5.971261839790462
Downtown/Civic Center,37.78939,-122.40806,Private room,2,1,5.0,f,30,362,20,0.0,0.5,0.5,4,5.971261839790462
Bernal Heights,37.73325,-122.41484,Entire home/apt,3,214,4.96,t,12,347,54,0.3333333333333333,0.3333333333333333,0.6666666666666666,2,4.6443908991413725
Russian Hill,37.80485,-122.42161,Entire home/apt,6,12,5.0,f,29,174,25,0.3333333333333333,0.4166666666666667,0.5,18,6.74993119378857
Mission,37.75023,-122.41854,Entire home/apt,4,7,5.0,t,3,153,37,0.5,0.25,0.5,20,4.90527477843843
Outer Mission,37.71522,-122.44366,Entire home/apt,7,132,4.91,t,14,322,52,0.42857142857142855,0.2857142857142857,0.5714285714285714,12,5.187385805840755
Russian Hill,37.79862,-122.41195,Entire home/apt,2,17,4.41,f,0,296,28,0.5,0.5,0.5,18,4.465908118654584
Lakeshore,37.7319118812849,-122.47983577112772,Entire home/apt,5,161,4.76,f,19,161,40,0.4,0.4,0.4,22,5.3471075307174685
Russian Hill,37.80652,-122.41933,Entire home/apt,4,8,5.0,t,4,247,21,0.25,0.25,0.75,18,4.867534450455582
Haight Ashbury,37.76979,-122.43725,Entire home/apt,2,0,0.0,f,0,333,25,0.5,0.5,0.5,6,4.553876891600541
Mission,37.75745,-122.4213,Entire home/apt,4,18,5.0,t,0,186,71,0.5,0.25,0.5,9,5.176149732573829
Nob Hill,37.79523,-122.41202,Private room,2,4,4.75,t,0,255,33,0.5,0.5,0.5,4,4.430816798843313
Nob Hill,37.79575,-122.41056,Private room,2,10,4.9,t,0,255,31,0.5,0.5,0.5,4,4.382026634673881
Nob Hill,37.797,-122.41051,Private room,1,6,4.83,t,0,255,31,1.0,1.0,1.0,18,4.330733340286331
Chinatown,37.79102,-122.40678,Private room,4,6,4.67,f,9,208,32,0.25,0.25,0.5,4,5.204006687076795
Financial District,37.78935,-122.40495,Private room,4,203,4.54,f,25,240,32,0.25,0.25,0.5,4,5.204006687076795
Chinatown,37.7907,-122.40632,Private room,2,5,4.8,f,21,235,29,0.5,0.5,0.5,4,5.056245805348308
Chinatown,37.79065,-122.40489,Private room,2,19,4.37,f,26,239,32,0.5,0.5,0.5,4,5.056245805348308
Russian Hill,37.80471,-122.42132,Private room,4,24,4.88,f,1,331,27,0.25,0.25,0.25,18,6.315358001522335
Bayview,37.73138,-122.39497,Entire home/apt,8,161,4.98,t,10,43,48,0.5,0.25,0.625,14,5.932245187448011
Russian Hill,37.80594,-122.41956,Entire home/apt,6,2,5.0,t,5,5,10,0.3333333333333333,0.16666666666666666,0.5,18,5.293304824724492
Western Addition,37.77367,-122.42929,Entire home/apt,2,3,5.0,f,0,290,46,0.5,0.5,0.5,6,4.59511985013459
Downtown/Civic Center,37.7871,-122.41137,Private room,4,57,4.91,t,16,16,34,0.0,0.25,0.5,4,5.407171771460119
Inner Richmond,37.77559,-122.46187,Entire home/apt,4,185,4.97,t,7,274,29,0.25,0.25,0.5,15,5.056245805348308
Noe Valley,37.751629,-122.432159,Entire home/apt,3,8,4.88,f,12,176,62,0.6666666666666666,0.3333333333333333,0.6666666666666666,13,5.135798437050262
Parkside,37.73865,-122.48404,Private room,6,147,4.61,f,11,251,30,0.5,0.3333333333333333,0.5,22,5.298317366548036
Castro/Upper Market,37.76235,-122.43636,Entire home/apt,6,4,5.0,f,8,251,50,0.16666666666666666,0.16666666666666666,0.16666666666666666,21,5.420534999272286
Downtown/Civic Center,37.78697,-122.41104,Entire home/apt,4,34,5.0,t,0,3,14,0.0,0.25,0.5,4,4.983606621708336
Inner Richmond,37.77663,-122.456,Entire home/apt,1,5,5.0,f,0,58,28,0.0,1.0,1.0,24,4.110873864173311
Bayview,37.72004,-122.39395,Private room,1,14,4.79,t,29,364,33,1.0,1.0,1.0,14,3.970291913552122
Castro/Upper Market,37.75749,-122.43647,Entire home/apt,4,19,5.0,t,22,165,64,0.75,0.5,0.75,21,5.752572638825633
Mission,37.76044,-122.41954,Private room,1,0,0.0,f,0,275,15,1.0,0.0,1.0,9,4.189654742026425
Ocean View,37.71867,-122.45046,Entire home/apt,4,3,5.0,t,0,243,43,0.5,0.25,0.5,12,4.653960350157523
Inner Richmond,37.77882,-122.45555,Entire home/apt,2,17,4.47,f,22,114,16,0.5,0.5,0.5,24,5.241747015059643
South of Market,37.78624,-122.39035,Entire home/apt,4,0,0.0,f,28,363,17,0.5,0.5,0.0,1,5.703782474656201
Western Addition,37.77548,-122.43234,Entire home/apt,4,0,0.0,f,0,123,19,0.5,0.25,0.75,6,4.890349128221754
Mission,37.7657,-122.42598,Entire home/apt,3,14,4.36,f,0,335,34,0.3333333333333333,0.3333333333333333,0.3333333333333333,9,5.003946305945459
Russian Hill,37.7991,-122.42241,Entire home/apt,2,0,0.0,f,23,358,9,0.5,0.5,0.5,10,5.41610040220442
Nob Hill,37.79531,-122.41265,Entire home/apt,6,14,4.79,t,0,255,34,0.5,0.3333333333333333,0.5,4,5.631211781821365
Western Addition,37.78641,-122.42302,Entire home/apt,2,0,0.0,t,30,365,13,0.5,0.5,0.5,10,5.0106352940962555
Downtown/Civic Center,37.78777,-122.42075,Entire home/apt,2,6,5.0,t,13,329,21,0.5,0.5,0.5,10,5.043425116919247
Marina,37.79759,-122.42398,Private room,2,115,4.45,f,29,259,21,0.5,0.5,0.5,10,4.762173934797756
Mission,37.75983,-122.42166,Entire home/apt,2,5,4.8,f,0,179,33,1.0,0.5,1.0,9,5.225746673713202
Mission,37.76077,-122.42561,Entire home/apt,4,424,4.96,f,10,102,78,0.25,0.25,0.5,9,4.882801922586371
Noe Valley,37.74916,-122.43629,Entire home/apt,5,28,5.0,f,0,269,45,0.6,0.4,0.4,13,6.638567789166521
Excelsior,37.71959,-122.42941,Private room,1,8,5.0,t,15,165,42,1.0,1.0,1.0,12,3.9889840465642745
Nob Hill,37.79525,-122.41931,Private room,1,7,5.0,t,0,335,18,0.0,1.0,1.0,10,4.430816798843313
Outer Sunset,37.75632,-122.49987,Entire home/apt,3,180,4.94,t,21,252,45,0.6666666666666666,0.3333333333333333,0.6666666666666666,17,5.564520407322694
Outer Mission,37.72145,-122.44561,Entire home/apt,4,111,4.64,t,26,347,41,0.5,0.25,0.5,12,5.0689042022202315
Bayview,37.73542,-122.38626,Private room,1,4,4.75,t,25,334,38,1.0,1.0,1.0,14,4.007333185232471
Bayview,37.73656,-122.38597,Private room,1,9,5.0,t,25,334,32,1.0,1.0,1.0,14,4.007333185232471
Inner Sunset,37.76497,-122.4545,Entire home/apt,2,11,5.0,f,0,119,39,0.5,0.5,1.0,21,5.220355825078324
Noe Valley,37.75034,-122.43334,Entire home/apt,2,49,4.94,t,19,259,30,0.0,0.5,0.5,13,4.418840607796598
Excelsior,37.72023,-122.42806,Private room,1,15,4.73,t,5,146,47,1.0,1.0,1.0,12,4.110873864173311
Excelsior,37.71899,-122.4285,Private room,1,13,5.0,t,0,145,41,1.0,1.0,1.0,12,3.9889840465642745
Outer Sunset,37.7513,-122.49381,Private room,4,229,4.76,t,5,235,53,0.5,0.25,0.5,17,4.8283137373023015
South of Market,37.78876,-122.39029,Entire home/apt,6,25,5.0,t,1,236,27,0.3333333333333333,0.3333333333333333,0.5,1,5.4510384535657
Western Addition,37.7693,-122.43297,Entire home/apt,7,27,5.0,f,0,126,60,0.42857142857142855,0.21428571428571427,0.7142857142857143,6,6.20455776256869
North Beach,37.79921,-122.40573,Entire home/apt,1,15,5.0,t,7,184,40,1.0,1.0,1.0,18,5.1298987149230735
Inner Richmond,37.77588,-122.46895,Entire home/apt,4,4,4.0,f,0,297,16,0.5,0.25,0.5,15,4.875197323201151
Mission,37.75454,-122.42242,Entire home/apt,6,6,4.33,t,6,259,43,0.5,0.5,0.5,13,5.003946305945459
Western Addition,37.77496,-122.42862,Entire home/apt,3,6,5.0,f,0,179,29,1.0,0.3333333333333333,0.6666666666666666,6,5.0238805208462765
Noe Valley,37.75279,-122.43861,Entire home/apt,2,1,4.0,f,23,358,17,0.5,0.5,0.5,21,5.631211781821365
Parkside,37.73938,-122.47868,Private room,2,104,4.88,f,10,144,56,0.5,0.5,0.5,22,4.499809670330265
Glen Park,37.74012,-122.42614,Entire home/apt,7,16,5.0,f,0,10,81,0.42857142857142855,0.35714285714285715,0.5714285714285714,2,6.0867747269123065
Downtown/Civic Center,37.78904,-122.41335,Entire home/apt,2,434,4.6,f,13,280,24,0.0,0.5,0.5,4,6.779921907472252
Downtown/Civic Center,37.7895,-122.41102,Entire home/apt,2,929,4.52,f,25,296,24,0.0,0.5,0.5,4,4.787491742782046
Downtown/Civic Center,37.78756,-122.41298,Entire home/apt,2,166,4.61,f,12,245,24,0.0,0.5,0.5,4,6.779921907472252
Downtown/Civic Center,37.7874,-122.41308,Private room,2,257,4.54,f,27,298,24,0.0,0.5,0.5,4,4.700480365792417
Inner Sunset,37.76556,-122.45332,Entire home/apt,2,16,5.0,f,0,113,45,0.5,0.5,0.5,21,5.204006687076795
Nob Hill,37.79356,-122.41208,Entire home/apt,2,6,4.17,f,4,335,24,0.0,0.5,1.0,4,4.8283137373023015
Noe Valley,37.74966,-122.43824,Private room,2,199,4.92,t,7,292,43,0.5,0.5,0.5,13,4.836281906951478
Marina,37.80249,-122.44539,Entire home/apt,2,13,5.0,t,0,115,55,0.5,0.5,0.5,3,5.19295685089021
Crocker Amazon,37.71227,-122.43735,Private room,4,81,4.95,t,12,136,39,0.5,0.5,0.5,12,4.867534450455582
Potrero Hill,37.75836,-122.39587,Entire home/apt,2,9,4.89,f,0,227,43,0.5,0.5,0.5,7,4.8283137373023015
Outer Richmond,37.78004,-122.48584,Entire home/apt,6,7,4.86,f,11,315,17,0.3333333333333333,0.3333333333333333,0.6666666666666666,15,5.262690188904886
Haight Ashbury,37.77311,-122.44181,Entire home/apt,1,0,0.0,f,23,83,26,0.0,1.0,1.0,24,5.0238805208462765
Excelsior,37.71545,-122.43288,Private room,2,68,4.78,t,25,265,22,0.5,0.5,0.5,12,4.189654742026425
Haight Ashbury,37.7691,-122.45307,Entire home/apt,4,17,4.82,t,10,250,49,0.25,0.25,0.25,24,4.867534450455582
Downtown/Civic Center,37.78612,-122.41434,Entire home/apt,2,7,4.86,t,0,213,17,0.5,0.5,0.5,4,4.499809670330265
Mission,37.76803,-122.41786,Entire home/apt,8,72,4.88,f,6,69,39,0.5,0.25,0.5,9,5.783825182329737
Russian Hill,37.80464374254691,-122.42443698494638,Entire home/apt,6,30,5.0,t,23,43,56,0.3333333333333333,0.3333333333333333,0.5,18,6.824373670043086
Marina,37.80387,-122.43378,Entire home/apt,5,7,5.0,f,0,274,54,0.4,0.4,0.6,3,5.697093486505405
Western Addition,37.77558092399951,-122.42799739248564,Entire home/apt,3,3,5.0,f,0,90,29,1.0,0.3333333333333333,1.0,6,5.10594547390058
Bernal Heights,37.74676,-122.40702,Entire home/apt,2,190,4.96,t,1,187,57,0.5,0.5,2.0,20,4.584967478670572
Glen Park,37.74036,-122.42591,Entire home/apt,4,0,0.0,f,23,132,47,0.75,0.25,0.25,2,5.170483995038151
Castro/Upper Market,37.766075,-122.437706,Entire home/apt,4,10,4.9,t,0,60,26,0.5,0.25,0.5,6,5.541263545158426
Excelsior,37.71604,-122.43452,Private room,2,64,4.83,t,22,260,16,0.5,0.5,0.0,12,4.189654742026425
Twin Peaks,37.75782,-122.44575,Entire home/apt,5,135,4.93,t,15,240,53,0.2,0.2,1.2,21,5.272999558563747
Castro/Upper Market,37.76049,-122.4414,Entire home/apt,3,235,4.97,t,7,223,50,0.3333333333333333,0.3333333333333333,0.6666666666666666,21,5.389071729816501
Castro/Upper Market,37.75923,-122.43135,Entire home/apt,3,37,4.86,f,0,29,52,0.3333333333333333,0.3333333333333333,0.3333333333333333,9,5.247024072160486
West of Twin Peaks,37.73823,-122.44511,Entire home/apt,9,13,5.0,f,19,168,55,0.4444444444444444,0.3333333333333333,0.4444444444444444,5,5.762051382780177
Western Addition,37.78014,-122.43344,Private room,2,0,0.0,f,16,322,14,0.5,0.5,0.5,6,5.771441123130016
Western Addition,37.77877,-122.43251,Private room,2,0,0.0,f,11,309,11,0.5,0.5,0.5,6,5.762051382780177
Western Addition,37.77999,-122.43285,Private room,2,1,5.0,f,9,283,8,0.5,0.5,0.5,6,5.484796933490655
Western Addition,37.77972,-122.43466,Private room,2,3,5.0,f,11,310,8,0.5,0.5,0.5,6,5.616771097666572
Western Addition,37.77993,-122.43442,Private room,4,3,5.0,f,10,309,26,0.25,0.25,0.5,6,5.961005339623274
Western Addition,37.78019,-122.43253,Private room,4,1,5.0,f,8,302,12,0.25,0.25,0.5,6,5.926926025970411
Western Addition,37.78006,-122.43286,Private room,2,0,0.0,f,17,309,6,0.5,0.5,0.5,6,6.093569770045136
Mission,37.75479,-122.41112,Entire home/apt,2,9,4.44,f,0,283,18,0.5,0.5,0.5,20,4.442651256490317
North Beach,37.80326,-122.40497,Entire home/apt,2,0,0.0,f,0,332,52,0.5,0.5,0.5,18,5.652489180268651
Excelsior,37.72891,-122.42938,Entire home/apt,3,95,4.95,t,8,8,45,0.3333333333333333,0.3333333333333333,0.3333333333333333,2,4.700480365792417
Mission,37.75389,-122.42333,Entire home/apt,2,3,4.67,f,0,203,18,0.0,0.5,0.5,13,4.787491742782046
Potrero Hill,37.76277,-122.40367,Entire home/apt,2,4,4.75,t,0,119,21,0.5,0.5,0.5,7,4.770684624465665
North Beach,37.80435,-122.41142,Entire home/apt,6,71,4.96,t,16,339,67,0.5,0.3333333333333333,0.5,18,7.170119543449628
Russian Hill,37.80125,-122.41439,Entire home/apt,2,34,4.88,t,0,329,49,0.5,0.5,1.0,18,4.795790545596741
Mission,37.75414,-122.42435,Entire home/apt,2,4,4.75,f,0,132,18,0.0,0.5,0.5,13,4.51085950651685
Potrero Hill,37.75743,-122.39639,Entire home/apt,2,5,4.8,t,20,162,43,0.5,0.5,0.0,7,4.499809670330265
Ocean View,37.71975,-122.45119,Entire home/apt,2,7,5.0,t,0,93,43,0.5,0.5,0.5,12,4.31748811353631
Potrero Hill,37.75714,-122.39361,Entire home/apt,2,9,4.78,f,0,200,40,0.5,0.5,0.5,7,4.8283137373023015
Bernal Heights,37.74726118421266,-122.40657197575445,Entire home/apt,2,184,4.98,t,10,227,48,0.5,0.5,0.5,20,5.170483995038151
Noe Valley,37.74338,-122.43423,Private room,2,105,4.9,t,9,9,64,0.5,0.75,0.5,13,4.90527477843843
Russian Hill,37.80307,-122.41454,Private room,1,18,4.83,f,0,329,38,1.0,1.5,1.0,18,4.04305126783455
Diamond Heights,37.73591,-122.44311,Entire home/apt,6,25,4.96,f,0,8,70,0.5,0.3333333333333333,1.0,5,5.948034989180646
Western Addition,37.78537,-122.43662,Entire home/apt,2,17,4.88,t,5,39,15,0.5,0.5,0.5,3,4.605170185988092
Bernal Heights,37.74245,-122.42383,Entire home/apt,3,9,4.33,t,0,254,52,1.0,0.3333333333333333,1.0,2,5.10594547390058
Mission,37.76057,-122.42567,Entire home/apt,6,10,4.8,f,0,181,95,0.5,0.25,0.5,9,5.768320995793772
Nob Hill,37.79611,-122.41364,Entire home/apt,2,19,4.95,t,0,245,36,0.0,0.5,1.0,18,4.51085950651685
Haight Ashbury,37.77358,-122.43787,Entire home/apt,5,6,5.0,t,11,346,31,0.4,0.4,0.4,6,5.1647859739235145
Inner Sunset,37.74985044715925,-122.4747076034546,Entire home/apt,3,40,4.95,t,6,161,40,0.3333333333333333,0.3333333333333333,0.6666666666666666,22,4.927253685157205
Downtown/Civic Center,37.78781,-122.42079,Entire home/apt,4,14,4.93,t,20,293,36,0.5,0.25,0.5,10,5.087596335232384
Mission,37.75757,-122.41825,Entire home/apt,4,6,5.0,t,0,213,64,0.5,0.25,0.5,9,5.480638923341991
Bayview,37.71895755561668,-122.39744365910312,Entire home/apt,2,17,4.82,f,0,189,55,0.5,0.5,0.5,14,4.51085950651685
Noe Valley,37.747669,-122.425255,Private room,2,316,4.98,t,5,217,51,0.5,0.5,0.5,13,4.330733340286331
Haight Ashbury,37.76716,-122.44684,Entire home/apt,4,10,4.5,f,0,331,47,0.5,0.5,0.5,21,5.10594547390058
Western Addition,37.77178,-122.43491,Entire home/apt,2,2,5.0,f,28,271,36,0.5,0.75,0.5,6,5.3471075307174685
Excelsior,37.72856,-122.41077,Private room,1,8,5.0,t,1,159,45,1.0,1.0,1.0,2,4.499809670330265
Outer Sunset,37.7512,-122.50424,Private room,2,165,4.81,t,27,359,36,0.5,0.5,0.5,17,4.48863636973214
Outer Sunset,37.74917,-122.50508,Private room,2,146,4.79,t,27,362,38,0.5,0.5,0.5,17,4.454347296253507
South of Market,37.78818,-122.38947,Entire home/apt,2,17,4.94,t,17,299,22,0.0,0.5,0.5,1,4.852030263919617
Mission,37.75232,-122.4083,Private room,3,131,4.4,f,0,0,18,0.3333333333333333,0.5,0.6666666666666666,20,3.58351893845611
Mission,37.75301,-122.40803,Private room,1,96,4.29,f,6,249,53,1.0,1.5,1.0,20,3.4965075614664802
Mission,37.75148,-122.40832,Private room,2,161,4.46,f,0,290,17,0.5,0.75,0.5,20,3.5553480614894135
Mission,37.75253,-122.40858,Private room,3,94,4.64,f,0,55,46,0.3333333333333333,0.5,0.6666666666666666,20,3.4339872044851463
Crocker Amazon,37.71137,-122.43826,Private room,2,320,4.96,t,11,62,32,0.5,0.5,0.5,12,4.454347296253507
Noe Valley,37.7476,-122.43197,Entire home/apt,4,183,4.97,t,5,52,56,0.5,0.25,0.5,13,5.877735781779639
Mission,37.75432,-122.4085,Entire home/apt,4,19,4.68,t,0,144,49,0.5,0.25,0.5,20,5.123963979403259
Bayview,37.73579,-122.38472,Entire home/apt,6,41,4.93,t,27,288,68,0.5,0.5,0.5,14,6.169610732491456
Mission,37.76005,-122.41159,Entire home/apt,2,4,5.0,f,11,47,19,0.0,0.5,0.5,20,4.605170185988092
Mission,37.7585,-122.40815,Entire home/apt,4,107,4.94,t,10,81,53,0.5,0.25,0.5,20,5.934894195619588
Noe Valley,37.75311,-122.43294,Private room,2,0,0.0,f,1,61,10,0.5,0.5,1.0,13,4.248495242049359
Bernal Heights,37.744488,-122.418688,Entire home/apt,2,78,4.86,t,17,352,49,0.5,0.5,0.5,20,5.293304824724492
Noe Valley,37.75565,-122.427,Entire home/apt,3,14,5.0,t,0,209,48,0.6666666666666666,0.3333333333333333,0.6666666666666666,13,5.3471075307174685
Bernal Heights,37.74109,-122.42345,Entire home/apt,4,19,4.32,f,0,145,47,0.5,0.25,0.5,2,4.68213122712422
Pacific Heights,37.7897,-122.43639,Entire home/apt,2,3,4.33,f,6,335,18,0.0,0.5,0.5,3,4.553876891600541
Western Addition,37.778603283864186,-122.44555910230504,Entire home/apt,5,20,5.0,t,2,71,63,0.6,0.4,0.8,24,6.3818160174060985
Haight Ashbury,37.76803,-122.44264,Entire home/apt,4,0,0.0,f,0,212,17,0.25,0.25,0.25,21,4.700480365792417
Haight Ashbury,37.76875,-122.44732,Entire home/apt,2,20,4.9,f,1,147,33,0.5,0.5,0.5,21,5.476463551931511
Mission,37.75158,-122.40776,Entire home/apt,6,1,5.0,f,0,60,30,0.5,0.16666666666666666,0.5,20,5.14166355650266
Haight Ashbury,37.76923,-122.44675,Entire home/apt,3,24,4.96,t,0,200,26,0.6666666666666666,0.3333333333333333,0.6666666666666666,24,5.303304908059076
Outer Richmond,37.77825,-122.48464,Entire home/apt,6,2,5.0,f,3,338,18,0.3333333333333333,0.16666666666666666,0.6666666666666666,15,4.867534450455582
Russian Hill,37.80005,-122.41692,Entire home/apt,2,7,5.0,t,12,82,16,0.5,0.5,0.5,18,4.90527477843843
Noe Valley,37.74343,-122.43146,Entire home/apt,6,8,4.63,t,0,148,37,0.3333333333333333,0.16666666666666666,0.3333333333333333,13,5.303304908059076
Excelsior,37.72905,-122.4098,Private room,1,5,4.2,t,0,240,40,1.0,1.0,1.0,2,4.406719247264253
Excelsior,37.72957,-122.41016,Private room,1,9,5.0,t,14,254,46,1.0,1.0,1.0,2,4.51085950651685
Inner Sunset,37.75539,-122.45501,Entire home/apt,8,13,4.92,t,17,157,68,0.5,0.375,0.625,21,7.203405521083095
South of Market,37.78655,-122.39156,Entire home/apt,2,4,5.0,t,0,302,29,0.5,0.5,0.5,1,4.90527477843843
Mission,37.75575,-122.40595,Private room,2,1,5.0,t,5,265,12,0.5,1.75,0.0,20,4.174387269895637
Mission,37.7558,-122.40671,Private room,1,0,0.0,t,0,335,21,1.0,1.0,1.0,20,4.0943445622221
Mission,37.76909,-122.42368,Private room,1,16,5.0,t,16,166,22,1.0,1.0,1.0,9,4.189654742026425
Mission,37.76737,-122.42287,Private room,1,14,4.93,t,0,146,24,1.0,1.0,0.0,9,4.143134726391533
Inner Richmond,37.77863,-122.45308,Entire home/apt,4,126,4.96,t,9,297,48,0.25,0.25,0.5,24,5.529429087511423
Marina,37.79757,-122.42562,Entire home/apt,4,9,4.89,t,1,135,26,0.5,0.25,0.5,10,5.6131281063880705
Outer Sunset,37.75134,-122.50476,Private room,2,148,4.78,t,22,354,37,0.5,0.5,0.5,17,4.454347296253507
Bayview,37.7336,-122.39101,Entire home/apt,4,3,4.33,f,1,336,28,0.5,0.375,0.5,14,4.6913478822291435
Financial District,37.78789,-122.4024,Entire home/apt,3,4,4.75,t,0,328,41,0.3333333333333333,0.3333333333333333,0.3333333333333333,4,5.598421958998375
West of Twin Peaks,37.73877,-122.44778,Entire home/apt,4,57,4.91,t,3,278,52,0.5,0.25,0.5,5,5.71042701737487
Marina,37.80466743067501,-122.43490988118477,Entire home/apt,2,149,4.97,t,5,134,47,0.5,0.5,0.5,3,5.730099782973574
South of Market,37.78809,-122.39134,Entire home/apt,4,2,5.0,f,29,364,42,0.5,0.5,0.5,1,5.720311776607412
Financial District,37.78765,-122.40068,Entire home/apt,3,5,4.8,t,14,344,41,0.3333333333333333,0.3333333333333333,0.3333333333333333,1,5.749392985908253
Twin Peaks,37.75496,-122.44326,Entire home/apt,2,165,4.81,t,17,349,59,0.5,0.5,0.5,21,5.598421958998375
Ocean View,37.72197,-122.45,Private room,1,5,4.4,f,0,55,26,1.0,1.0,1.0,5,3.367295829986474
Noe Valley,37.75339,-122.42791,Entire home/apt,2,0,0.0,f,10,345,9,0.5,0.5,0.5,13,5.030437921392435
Russian Hill,37.79789,-122.41321,Entire home/apt,4,9,4.89,f,18,353,24,0.5,0.375,0.75,18,5.262690188904886
Western Addition,37.78267,-122.42476,Entire home/apt,4,9,4.89,t,11,315,36,0.5,0.25,0.25,10,5.1647859739235145
Nob Hill,37.79416,-122.41124,Entire home/apt,4,13,5.0,t,22,172,67,0.25,0.25,0.5,4,5.049856007249537
West of Twin Peaks,37.73489,-122.44433,Entire home/apt,8,9,5.0,t,0,62,49,0.5,0.3125,0.75,5,6.037870919922137
South of Market,37.78546,-122.39315,Entire home/apt,4,10,4.7,t,0,120,44,0.5,0.5,0.5,1,5.1298987149230735
Castro/Upper Market,37.76039,-122.43757,Entire home/apt,6,93,4.88,f,7,256,67,0.5,0.5,0.5,21,6.173786103901937
Nob Hill,37.79389,-122.41949,Entire home/apt,2,17,4.71,t,5,58,26,0.0,0.0,0.5,10,3.9889840465642745
Outer Sunset,37.74921290545479,-122.5029635574766,Entire home/apt,2,56,5.0,t,5,56,47,0.5,0.5,0.5,17,5.272999558563747
Western Addition,37.7734,-122.42888,Private room,2,5,5.0,f,0,216,38,0.5,1.0,0.5,6,4.248495242049359
Castro/Upper Market,37.75975,-122.44625,Entire home/apt,4,98,4.97,t,1,14,46,0.0,0.25,0.5,21,5.41610040220442
Castro/Upper Market,37.7621,-122.43123,Entire home/apt,4,354,4.96,t,5,251,50,0.25,0.25,0.5,9,5.4116460518550396
Mission,37.76359,-122.42051,Entire home/apt,4,4,5.0,f,0,89,38,0.75,0.25,0.75,9,5.111987788356544
Nob Hill,37.79384,-122.41409,Entire home/apt,2,12,4.42,f,20,355,21,0.5,0.5,0.5,4,4.68213122712422
Financial District,37.79614,-122.39688,Entire home/apt,4,1,5.0,f,30,365,16,0.0,0.25,0.5,1,5.0106352940962555
Haight Ashbury,37.77513,-122.44428,Entire home/apt,6,6,5.0,t,3,94,50,0.5,0.25,0.5,24,5.075173815233827
Noe Valley,37.75037,-122.43164,Entire home/apt,6,41,4.88,t,12,62,41,0.5,0.4166666666666667,0.5,13,6.267200548541362
Castro/Upper Market,37.75662,-122.43157,Entire home/apt,2,238,4.92,t,11,231,41,0.5,0.5,0.5,13,5.030437921392435
Western Addition,37.7757,-122.42887,Entire home/apt,3,18,4.83,t,30,365,46,0.3333333333333333,0.3333333333333333,0.3333333333333333,6,4.867534450455582
Outer Richmond,37.7833251953125,-122.4820785522461,Entire home/apt,2,46,5.0,t,13,108,39,0.5,0.5,0.5,15,5.480638923341991
Chinatown,37.79141,-122.40724,Entire home/apt,2,7,4.71,t,11,11,35,0.0,0.5,1.0,4,4.927253685157205
Western Addition,37.772,-122.42945,Private room,1,8,4.88,f,19,302,32,1.0,2.0,1.0,6,4.204692619390966
Russian Hill,37.80305,-122.4168,Entire home/apt,2,8,4.13,f,20,355,33,1.0,1.0,1.0,18,5.736572297479192
Bernal Heights,37.73458,-122.41779,Entire home/apt,4,12,4.83,f,24,226,67,0.5,0.5,0.5,2,5.247024072160486
Marina,37.80101,-122.4325,Private room,1,10,4.5,t,5,280,19,1.0,1.0,1.0,3,4.276666119016055
Outer Sunset,37.76141,-122.4897,Private room,1,4,4.25,f,10,160,30,1.0,1.0,1.0,17,4.356708826689592
Russian Hill,37.80634,-122.42153,Entire home/apt,6,51,4.84,t,6,6,30,0.3333333333333333,0.16666666666666666,0.5,18,5.730099782973574
Downtown/Civic Center,37.78899860727744,-122.40930718160652,Private room,4,60,4.93,t,5,5,17,0.0,0.25,0.5,4,5.857933154483459
South of Market,37.78536,-122.39508,Entire home/apt,5,8,4.88,f,0,314,62,0.4,0.4,0.4,1,5.480638923341991
Bayview,37.7372,-122.38801,Entire home/apt,6,19,4.74,f,19,39,55,0.3333333333333333,0.3333333333333333,0.3333333333333333,14,5.017279836814924
West of Twin Peaks,37.73508,-122.46109,Entire home/apt,6,8,5.0,f,0,243,51,0.5,0.6666666666666666,0.8333333333333334,19,6.263398262591624
Nob Hill,37.7957,-122.41361,Entire home/apt,4,8,4.75,f,6,335,39,0.5,0.25,0.5,18,4.844187086458591
Mission,37.75173,-122.40834,Entire home/apt,2,7,5.0,f,13,163,45,0.5,0.5,0.5,20,5.41610040220442
Noe Valley,37.74827,-122.42557,Entire home/apt,4,35,4.97,t,6,230,34,0.5,0.5,0.5,13,6.364750756851911
Outer Sunset,37.75966,-122.50913,Entire home/apt,5,8,5.0,t,30,122,44,0.4,0.2,0.8,17,5.393627546352362
North Beach,37.7987,-122.40397,Entire home/apt,4,2,4.5,t,0,184,30,1.0,0.5,1.0,18,5.241747015059643
South of Market,37.78698,-122.39365,Entire home/apt,5,0,0.0,t,0,310,29,0.4,0.4,0.4,1,5.241747015059643
Marina,37.7993,-122.43226,Private room,1,16,4.88,t,0,213,21,1.0,1.0,1.0,3,4.276666119016055
Russian Hill,37.80223,-122.4172,Entire home/apt,3,0,0.0,f,29,179,20,0.6666666666666666,0.6666666666666666,0.6666666666666666,18,6.4457198193855785
Marina,37.80055,-122.43221,Private room,1,10,4.9,t,29,364,20,1.0,1.0,1.0,3,4.127134385045092
Marina,37.79886,-122.43266,Private room,1,8,4.5,t,0,326,20,1.0,1.0,1.0,3,4.127134385045092
Marina,37.79887,-122.43382,Private room,1,14,4.86,t,0,234,18,1.0,1.0,1.0,3,4.060443010546419
Parkside,37.74024,-122.47209,Entire home/apt,5,467,4.86,t,17,132,44,0.4,0.4,0.4,22,4.948759890378168
Potrero Hill,37.75974,-122.39655,Entire home/apt,4,13,5.0,t,15,211,57,0.5,0.25,0.5,7,5.135798437050262
Downtown/Civic Center,37.78832,-122.41371,Private room,4,9,5.0,f,0,2,31,0.25,0.25,0.5,4,5.793013608384144
Western Addition,37.77721,-122.42648,Entire home/apt,2,20,5.0,t,18,226,38,0.5,0.5,0.5,6,5.241747015059643
Twin Peaks,37.74932,-122.44706,Entire home/apt,6,127,4.98,f,2,118,45,0.3333333333333333,0.3333333333333333,0.5,21,5.717027701406222
Bernal Heights,37.74134,-122.42109,Entire home/apt,4,7,5.0,f,16,144,78,0.5,0.5,0.5,2,6.558197802812269
Western Addition,37.7727,-122.43095,Private room,2,6,4.67,f,0,148,51,0.5,1.0,0.5,6,4.605170185988092
Inner Richmond,37.78553,-122.47062,Entire home/apt,3,16,4.88,t,0,101,57,0.6666666666666666,0.3333333333333333,0.6666666666666666,15,4.564348191467836
Potrero Hill,37.76035,-122.40338,Entire home/apt,4,6,4.67,t,0,240,12,0.5,0.25,0.5,7,5.1647859739235145
Inner Richmond,37.77547,-122.46536,Entire home/apt,2,21,5.0,t,7,116,20,1.0,0.5,0.5,15,4.6913478822291435
Diamond Heights,37.73666,-122.44309,Entire home/apt,7,31,4.84,f,0,24,66,0.5714285714285714,0.2857142857142857,0.7142857142857143,5,6.368187186350492
South of Market,37.78647,-122.39386,Entire home/apt,5,2,5.0,t,0,310,27,0.4,0.4,0.4,1,5.10594547390058
Downtown/Civic Center,37.78893,-122.40919,Entire home/apt,4,55,4.85,t,5,5,36,0.0,0.25,0.5,4,5.857933154483459
Downtown/Civic Center,37.78753,-122.40927,Entire home/apt,4,35,4.97,t,0,4,21,0.0,0.25,0.5,4,4.553876891600541
Russian Hill,37.80635,-122.41989,Entire home/apt,6,6,5.0,t,7,7,40,0.3333333333333333,0.3333333333333333,0.5,18,5.71042701737487
Pacific Heights,37.79401,-122.42664,Entire home/apt,2,14,4.79,t,0,201,42,0.5,0.5,0.5,10,4.875197323201151
Downtown/Civic Center,37.78851065425708,-122.40971840980754,Private room,4,13,4.92,t,1,1,14,0.0,0.25,0.5,4,5.857933154483459
Mission,37.75978,-122.40721,Entire home/apt,2,5,4.8,f,8,303,40,1.0,0.5,1.0,7,5.768320995793772
Marina,37.80097,-122.43311,Private room,1,18,4.89,t,29,364,19,1.0,1.0,1.0,3,4.060443010546419
Bernal Heights,37.74442,-122.42287,Entire home/apt,3,7,4.86,t,16,351,41,1.0,0.3333333333333333,1.0,13,5.1647859739235145
Russian Hill,37.80167,-122.42338,Entire home/apt,4,18,5.0,t,0,63,61,0.5,0.25,0.75,18,5.099866427824199
West of Twin Peaks,37.73817,-122.45966,Entire home/apt,3,58,4.98,t,30,184,35,0.3333333333333333,0.3333333333333333,0.6666666666666666,19,5.5053315359323625
Presidio,37.80594,-122.44864,Entire home/apt,8,133,4.92,t,4,308,52,0.375,0.3125,0.5,3,6.345636360828596
Downtown/Civic Center,37.78787,-122.41042,Entire home/apt,4,5,5.0,f,0,180,24,0.25,0.25,0.5,4,5.521460917862246
Pacific Heights,37.79543,-122.42691,Entire home/apt,3,12,5.0,f,0,283,23,0.3333333333333333,0.3333333333333333,0.6666666666666666,10,4.820281565605037
Nob Hill,37.79114,-122.41073,Private room,2,128,4.76,f,0,224,20,0.5,0.5,0.5,4,4.68213122712422
Downtown/Civic Center,37.78967,-122.41261,Private room,2,155,4.83,f,7,224,22,0.5,0.5,0.5,4,4.68213122712422
Downtown/Civic Center,37.78953,-122.41274,Private room,2,110,4.81,f,9,228,20,0.5,0.5,0.5,4,4.48863636973214
Excelsior,37.72299,-122.42622,Entire home/apt,4,172,4.89,t,8,8,58,0.5,0.375,0.5,2,4.844187086458591
West of Twin Peaks,37.7407,-122.45124,Entire home/apt,2,76,4.99,f,14,49,44,0.0,0.5,1.0,19,4.90527477843843
Mission,37.75312,-122.42518,Entire home/apt,2,14,4.86,t,21,200,20,0.0,0.5,0.5,13,4.532599493153256
Lakeshore,37.73167,-122.47795,Entire home/apt,8,119,4.85,t,7,138,33,0.5,0.375,0.5,22,5.4116460518550396
Marina,37.805939,-122.435486,Private room,2,158,4.96,t,16,342,44,0.5,0.5,0.5,3,5.69035945432406
Twin Peaks,37.7544,-122.45452,Entire home/apt,2,236,4.93,t,0,0,24,0.0,0.5,0.5,21,4.919980925828125
Parkside,37.74385369509232,-122.47582977217031,Private room,1,4,5.0,t,1,241,40,1.0,1.0,1.0,22,3.9318256327243257
Inner Sunset,37.76525,-122.45355,Private room,1,5,5.0,f,0,119,42,1.0,1.0,1.0,21,4.442651256490317
Glen Park,37.74078,-122.42679,Entire home/apt,2,112,4.96,t,3,168,39,0.5,0.5,1.0,13,4.867534450455582
Potrero Hill,37.75803,-122.3999,Entire home/apt,8,0,0.0,f,0,92,65,0.625,0.4375,0.75,7,6.927557906278317
Downtown/Civic Center,37.78941,-122.41128,Private room,2,117,4.78,f,5,240,21,0.5,0.5,0.0,4,4.532599493153256
Parkside,37.74327,-122.47502,Private room,2,9,5.0,t,1,159,29,0.5,0.5,0.5,22,4.07753744390572
Twin Peaks,37.74758,-122.44549,Entire home/apt,4,5,4.4,t,5,167,47,0.5,0.375,1.0,21,5.198497031265826
Mission,37.75472,-122.40635,Entire home/apt,6,9,5.0,t,7,174,54,0.6666666666666666,0.3333333333333333,0.6666666666666666,20,5.241747015059643
Pacific Heights,37.79373,-122.42655,Entire home/apt,2,14,4.5,f,17,289,36,0.0,0.5,0.5,10,4.663439094112067
Potrero Hill,37.759869,-122.402878,Entire home/apt,4,232,4.97,t,13,287,61,0.5,0.25,0.5,7,5.846438775057725
Haight Ashbury,37.76858,-122.43909,Entire home/apt,4,20,5.0,t,0,270,44,0.75,0.375,0.75,6,6.052089168924417
Haight Ashbury,37.76065,-122.45107,Entire home/apt,6,17,5.0,f,30,365,51,0.5,0.16666666666666666,0.5,21,6.553933404025811
Pacific Heights,37.78971,-122.43572,Entire home/apt,2,1,5.0,f,5,308,15,0.0,0.5,0.5,3,5.0106352940962555
Haight Ashbury,37.77257,-122.44973,Private room,2,163,4.96,t,12,174,30,0.5,1.0,0.5,24,4.31748811353631
Marina,37.80084,-122.43287,Entire home/apt,1,21,4.95,t,0,120,32,1.0,1.0,2.0,3,4.653960350157523
Outer Sunset,37.76138,-122.48927,Private room,1,1,5.0,f,30,365,32,1.0,1.0,1.0,17,4.356708826689592
Marina,37.80546,-122.43444,Entire home/apt,6,1,5.0,t,13,244,54,0.3333333333333333,0.3333333333333333,0.5,3,7.676473646389156
Castro/Upper Market,37.76008224487305,-122.43833923339844,Entire home/apt,4,21,5.0,t,3,140,38,0.5,0.5,0.5,21,5.6937321388027
Bernal Heights,37.744488,-122.418688,Entire home/apt,6,143,5.0,t,18,247,48,0.5,0.16666666666666666,0.5,20,5.991464547107982
Excelsior,37.71789,-122.43813,Entire home/apt,4,142,4.82,t,15,158,41,0.5,0.25,0.5,12,4.672828834461906
Western Addition,37.77558,-122.42929,Entire home/apt,6,14,4.93,f,0,28,25,0.6666666666666666,0.3333333333333333,0.6666666666666666,6,5.7899601708972535
Inner Sunset,37.75495,-122.46014,Entire home/apt,1,5,5.0,f,0,58,47,0.0,1.0,1.0,21,4.276666119016055
Potrero Hill,37.76014,-122.40344,Entire home/apt,2,4,5.0,f,0,97,19,0.5,0.5,0.5,7,5.991464547107982
Bernal Heights,37.739,-122.41786,Entire home/apt,10,11,5.0,f,0,29,68,0.5,0.3,0.4,2,6.054439346269371
Castro/Upper Market,37.76136,-122.44253,Entire home/apt,2,14,4.93,f,30,365,21,0.0,0.5,0.5,21,5.0106352940962555
Marina,37.79809,-122.43464,Entire home/apt,2,13,4.69,t,0,229,25,0.5,0.5,1.0,3,5.075173815233827
Marina,37.80116,-122.43457,Private room,1,9,4.56,t,0,150,15,1.0,1.0,1.0,3,4.060443010546419
Excelsior,37.72225,-122.41058,Private room,2,285,4.76,t,0,296,19,0.5,0.5,0.5,14,4.127134385045092
Marina,37.799881,-122.435287,Private room,2,1105,4.72,f,22,355,36,0.5,0.5,0.5,3,5.318119993844216
Marina,37.799881,-122.435287,Private room,2,920,4.79,f,24,359,47,0.5,0.5,0.5,3,5.5093883366279774
Marina,37.799881,-122.435287,Entire home/apt,4,158,4.82,f,23,348,47,0.25,0.25,0.5,3,5.634789603169249
Marina,37.799881,-122.435287,Entire home/apt,4,727,4.78,f,25,357,35,0.25,0.25,0.5,3,5.43372200355424
Marina,37.799881,-122.435287,Private room,2,315,4.6,f,9,334,46,0.5,0.5,0.5,3,5.25227342804663
Marina,37.799881,-122.435287,Private room,4,432,4.72,f,19,346,35,0.25,0.25,0.75,3,5.327876168789581
Marina,37.799881,-122.435287,Private room,4,153,4.82,f,17,348,34,0.25,0.25,0.5,3,5.43372200355424
Marina,37.799881,-122.435287,Entire home/apt,4,120,4.73,f,0,0,36,0.5,0.25,0.5,3,5.817111159963204
Marina,37.799881,-122.435287,Private room,2,42,4.79,f,13,323,48,0.5,0.5,0.5,3,5.817111159963204
Marina,37.799881,-122.435287,Entire home/apt,2,230,4.64,f,9,336,46,0.5,0.5,0.5,3,5.342334251964811
South of Market,37.78772,-122.38936,Entire home/apt,2,14,4.57,f,4,335,46,0.5,0.5,0.5,1,5.225746673713202
Bayview,37.73407,-122.40326,Entire home/apt,8,74,4.77,f,20,260,37,0.5,0.25,0.5,14,5.8289456176102075
Western Addition,37.7737,-122.42865,Private room,2,378,4.87,t,2,141,52,0.5,1.5,0.5,6,4.454347296253507
Castro/Upper Market,37.76584,-122.43616,Private room,3,437,4.91,t,7,313,57,0.3333333333333333,0.3333333333333333,0.6666666666666666,6,4.820281565605037
Castro/Upper Market,37.76626,-122.43643,Entire home/apt,2,489,4.92,t,6,323,36,0.5,0.5,0.5,6,4.804021044733257
Marina,37.799458,-122.440491,Entire home/apt,6,15,4.67,f,12,347,30,0.5,0.16666666666666666,0.5,3,5.247024072160486
Glen Park,37.73881,-122.43529,Entire home/apt,3,59,4.86,t,0,207,49,0.0,0.3333333333333333,0.6666666666666666,5,5.0369526024136295
Western Addition,37.78725,-122.4429,Entire home/apt,3,13,5.0,f,0,279,44,0.3333333333333333,0.3333333333333333,0.3333333333333333,24,4.875197323201151
Mission,37.74992,-122.42292,Entire home/apt,6,5,5.0,t,12,304,47,0.5,0.3333333333333333,0.5,13,5.521460917862246
Russian Hill,37.80375,-122.41726,Private room,2,2,5.0,t,12,252,14,0.0,0.5,0.5,18,4.90527477843843
Bernal Heights,37.74810230565189,-122.40469140665024,Entire home/apt,6,3,4.67,t,0,181,31,0.6666666666666666,0.3333333333333333,1.1666666666666667,20,6.175867270105761
Bernal Heights,37.74784,-122.42161,Entire home/apt,4,2,5.0,t,29,364,47,0.5,0.25,0.75,13,5.1647859739235145
Russian Hill,37.80043,-122.41257,Private room,1,8,5.0,t,0,69,53,2.0,1.5,1.0,18,5.062595033026967
Inner Richmond,37.78436,-122.47446,Entire home/apt,2,158,4.94,t,3,13,47,0.5,0.5,1.0,15,5.049856007249537
Crocker Amazon,37.71076004257231,-122.43362309501968,Entire home/apt,2,114,4.98,t,1,237,48,0.0,0.5,0.5,12,4.74493212836325
Nob Hill,37.796,-122.41101,Entire home/apt,4,13,5.0,t,0,150,66,0.25,0.25,0.5,18,5.0689042022202315
Bayview,37.72212,-122.40008,Entire home/apt,6,130,4.78,t,10,125,43,0.5,0.3333333333333333,0.5,14,5.236441962829949
Twin Peaks,37.75227,-122.45073,Entire home/apt,6,21,5.0,t,2,299,50,0.5,0.3333333333333333,0.5,21,5.579729825986222
Bayview,37.71788600316808,-122.39148018662222,Private room,1,3,4.33,t,13,317,72,1.0,1.0,1.0,14,4.2626798770413155
Visitacion Valley,37.71018,-122.40372,Entire home/apt,1,6,5.0,t,0,149,36,1.0,1.0,1.0,14,4.276666119016055
Bayview,37.73417,-122.4015,Entire home/apt,3,13,4.92,f,22,291,13,0.3333333333333333,0.3333333333333333,0.6666666666666666,14,4.605170185988092
Mission,37.757568,-122.412605,Entire home/apt,4,190,4.99,t,5,153,61,0.5,0.25,0.5,20,5.700443573390687
Russian Hill,37.80283,-122.41631,Entire home/apt,2,0,0.0,f,29,179,37,1.0,1.0,2.0,18,6.61338421837956
Marina,37.80055,-122.43412,Private room,1,12,4.83,t,9,314,18,1.0,1.0,1.0,3,4.276666119016055
Inner Sunset,37.75495,-122.45631,Entire home/apt,5,126,4.96,t,15,36,52,0.4,0.2,0.4,21,5.627621113690637
Marina,37.804,-122.43947,Private room,2,22,5.0,t,4,314,45,0.5,0.5,0.5,3,5.7745515455444085
Mission,37.75873,-122.42394,Entire home/apt,3,1,5.0,f,0,274,61,0.0,0.3333333333333333,0.3333333333333333,9,4.394449154672439
South of Market,37.78543,-122.3956,Entire home/apt,2,17,4.88,t,2,156,52,0.5,0.5,0.5,1,4.787491742782046
Bayview,37.73247,-122.39414,Entire home/apt,4,4,5.0,f,0,335,68,0.5,0.25,0.5,14,5.204006687076795
Western Addition,37.78013151607407,-122.4345963497228,Entire home/apt,2,113,4.98,t,5,147,49,0.5,0.5,1.0,6,5.308267697401205
Visitacion Valley,37.71293,-122.41278,Entire home/apt,3,291,4.89,t,17,251,37,0.3333333333333333,0.3333333333333333,0.6666666666666666,14,4.574710978503383
Parkside,37.74249,-122.47512,Private room,2,10,5.0,f,30,365,37,0.5,0.5,0.5,22,4.219507705176107
North Beach,37.80013,-122.40548,Entire home/apt,1,9,4.89,t,18,228,39,3.0,1.0,1.0,18,5.1298987149230735
North Beach,37.80141,-122.40602,Entire home/apt,1,16,4.88,t,0,303,39,1.0,1.0,1.0,18,5.420534999272286
Outer Richmond,37.77536,-122.48057,Entire home/apt,6,67,4.69,t,8,69,40,0.5,0.4166666666666667,0.5,15,5.267858159063328
Mission,37.74985,-122.42127,Entire home/apt,3,8,4.63,f,5,245,44,0.3333333333333333,0.3333333333333333,0.6666666666666666,13,5.293304824724492
Mission,37.75452,-122.41415,Entire home/apt,2,15,5.0,t,0,280,55,0.5,0.5,0.5,20,5.147494476813453
Castro/Upper Market,37.76089,-122.43059,Entire home/apt,4,8,5.0,f,2,38,67,0.5,0.375,0.5,9,5.298317366548036
Bayview,37.71913217897948,-122.39569833521205,Entire home/apt,4,13,4.62,f,14,194,55,0.5,0.25,0.5,14,4.634728988229636
Excelsior,37.71738,-122.43535,Entire home/apt,2,63,4.94,t,8,235,46,0.5,0.5,0.5,12,4.919980925828125
Russian Hill,37.79823,-122.41246,Entire home/apt,3,9,4.89,t,0,268,49,0.0,0.3333333333333333,0.3333333333333333,18,4.836281906951478
Western Addition,37.774323,-122.43644,Private room,2,363,4.98,t,6,206,58,0.5,0.5,0.5,6,4.6913478822291435
Parkside,37.74365,-122.47613,Private room,2,7,4.71,t,10,160,25,0.5,0.5,0.5,22,4.04305126783455
South of Market,37.78537,-122.39565,Entire home/apt,3,7,5.0,t,2,307,52,0.6666666666666666,0.3333333333333333,0.6666666666666666,1,5.1647859739235145
Russian Hill,37.80639,-122.42157,Entire home/apt,4,1,5.0,f,1,156,51,0.25,0.25,0.75,18,6.444131256700441
Inner Richmond,37.77417,-122.4658,Private room,4,228,4.7,f,5,214,30,0.5,0.25,0.5,15,4.59511985013459
Visitacion Valley,37.71234,-122.39937,Entire home/apt,2,6,4.83,f,4,308,44,0.5,0.5,0.5,14,4.442651256490317
South of Market,37.78877,-122.39056,Entire home/apt,2,5,4.8,t,0,230,29,1.0,1.0,1.0,1,5.313205979041787
Inner Sunset,37.76393,-122.45396,Entire home/apt,8,19,4.95,f,28,348,79,0.5,0.4375,0.625,21,7.1929342212158
Downtown/Civic Center,37.78504,-122.41254,Private room,2,174,4.64,f,30,240,41,0.5,0.5,0.5,4,4.465908118654584
Mission,37.74991,-122.42286,Entire home/apt,6,8,4.63,t,0,335,49,0.5,0.3333333333333333,0.5,13,5.87493073085203
Financial District,37.79711,-122.39907,Entire home/apt,4,1,5.0,f,0,178,51,0.5,0.625,0.5,4,6.396929655216146
Nob Hill,37.78874,-122.42099,Entire home/apt,4,134,4.99,t,5,294,59,0.5,0.25,0.25,10,5.645446897643238
Bayview,37.73288,-122.38755,Private room,1,8,4.75,f,4,272,18,1.0,2.5,1.0,14,4.02535169073515
Outer Sunset,37.75577,-122.50599,Entire home/apt,3,259,4.97,t,5,205,33,0.0,0.3333333333333333,0.0,17,4.812184355372417
Noe Valley,37.74278,-122.43433,Private room,2,81,4.95,t,18,154,61,0.5,0.5,0.5,13,4.762173934797756
Downtown/Civic Center,37.78542,-122.41077,Private room,2,14,4.64,f,24,234,43,0.5,0.5,0.5,4,4.727387818712341
Haight Ashbury,37.76392,-122.44741,Entire home/apt,2,101,4.95,t,9,243,70,0.5,0.5,0.5,21,5.087596335232384
Castro/Upper Market,37.75708,-122.43756,Entire home/apt,4,5,4.8,f,24,264,73,0.5,0.5,1.5,21,5.680172609017068
Bernal Heights,37.73352113153501,-122.41910425556534,Entire home/apt,7,7,5.0,f,2,105,50,0.42857142857142855,0.42857142857142855,0.42857142857142855,2,6.20455776256869
Haight Ashbury,37.77040606973599,-122.4428304580001,Entire home/apt,9,9,4.78,f,24,359,47,0.4444444444444444,0.1111111111111111,0.5555555555555556,24,6.297109319933935
Potrero Hill,37.7575,-122.40179,Entire home/apt,4,12,4.5,t,0,289,38,0.25,0.25,0.25,7,5.768320995793772
Russian Hill,37.7993,-122.41903,Entire home/apt,6,21,5.0,f,9,330,43,0.3333333333333333,0.25,0.3333333333333333,18,5.739792912179234
Mission,37.74856,-122.42105,Entire home/apt,4,6,5.0,t,0,237,48,0.5,0.25,0.5,13,5.170483995038151
Western Addition,37.77064,-122.42554,Entire home/apt,4,14,4.5,t,0,275,41,0.25,0.25,0.5,6,4.852030263919617
Outer Mission,37.72613,-122.44654,Entire home/apt,2,227,4.94,t,21,247,54,0.5,0.5,0.5,5,4.663439094112067
Noe Valley,37.74798,-122.42827,Entire home/apt,4,129,4.88,t,2,199,48,0.25,0.25,0.5,13,4.882801922586371
Mission,37.76651,-122.42593,Entire home/apt,5,8,5.0,t,2,300,46,0.6,0.4,0.6,9,5.429345628954441
Western Addition,37.78408,-122.44227,Entire home/apt,4,50,4.74,f,0,243,56,0.25,0.25,0.5,24,5.099866427824199
Bernal Heights,37.74541,-122.4085,Entire home/apt,9,204,4.98,t,8,48,72,0.3333333333333333,0.2222222222222222,0.6666666666666666,20,5.991464547107982
Haight Ashbury,37.76467,-122.44816,Entire home/apt,4,14,4.79,f,0,254,42,0.25,0.25,0.5,21,4.836281906951478
Parkside,37.74372,-122.47458,Entire home/apt,5,177,4.93,t,10,143,59,0.2,0.2,0.4,22,5.187385805840755
Bayview,37.71651,-122.38939,Entire home/apt,7,3,5.0,f,12,23,61,0.42857142857142855,0.42857142857142855,0.42857142857142855,14,6.222576268071369
Bernal Heights,37.73856,-122.41591,Entire home/apt,4,11,4.73,t,26,297,46,0.5,0.5,0.5,2,5.0369526024136295
Outer Richmond,37.777756,-122.478989,Entire home/apt,2,185,4.9,t,3,186,57,0.5,0.5,0.5,15,5.0106352940962555
Castro/Upper Market,37.76696,-122.42806,Entire home/apt,4,4,4.5,t,21,356,45,0.5,0.25,0.5,9,5.0689042022202315
South of Market,37.78128,-122.39844,Private room,1,9,5.0,t,18,169,47,1.0,1.0,1.0,1,4.382026634673881
Western Addition,37.774323,-122.43644,Private room,4,46,4.96,t,5,292,55,0.5,0.25,0.5,6,5.497168225293202
Inner Sunset,37.76176,-122.45366,Entire home/apt,4,174,4.92,t,12,87,43,0.25,0.25,0.5,21,5.0689042022202315
Outer Richmond,37.7842,-122.48576,Entire home/apt,5,27,4.85,f,0,89,32,0.4,0.2,0.4,15,5.707110264748875
Outer Mission,37.72696,-122.44825,Private room,4,29,4.83,f,16,351,59,0.25,0.25,0.25,5,4.59511985013459
Nob Hill,37.79241,-122.40972,Entire home/apt,4,0,0.0,f,0,10,20,0.25,0.25,0.5,4,5.717027701406222
Chinatown,37.79205,-122.408,Entire home/apt,4,2,5.0,f,2,81,19,0.25,0.25,0.5,4,5.662960480135946
Nob Hill,37.79036,-122.40989,Entire home/apt,4,0,0.0,f,0,7,20,0.25,0.25,0.5,4,5.717027701406222
Chinatown,37.79215,-122.40765,Entire home/apt,2,1,5.0,f,0,88,20,0.0,0.5,0.5,4,5.564520407322694
Nob Hill,37.79233,-122.40992,Entire home/apt,2,0,0.0,f,0,7,20,0.0,0.5,0.5,4,5.717027701406222
Mission,37.75821,-122.41447,Entire home/apt,2,153,4.99,t,3,42,38,0.0,0.5,0.5,20,5.313205979041787
Haight Ashbury,37.77362,-122.43836,Private room,2,0,0.0,t,0,0,4,0.0,0.5,0.5,6,5.963579343618446
Haight Ashbury,37.77333,-122.43793,Private room,2,57,4.79,t,21,351,8,0.0,0.5,0.5,6,5.62040086571715
Western Addition,37.77327,-122.43686,Private room,2,78,4.68,t,20,346,8,0.0,0.5,0.5,6,5.5254529391317835
Marina,37.80549,-122.43932,Entire home/apt,5,54,4.85,t,14,69,69,0.4,0.3,0.4,3,6.434546518787453
Western Addition,37.77166,-122.43671,Private room,4,4,5.0,t,12,315,8,0.0,0.25,0.5,6,5.8971538676367405
Western Addition,37.77345,-122.43716,Private room,2,1,5.0,t,14,318,6,0.0,0.5,1.0,6,5.666426688112432
Western Addition,37.77141,-122.43709,Private room,4,8,4.88,t,17,321,5,0.0,0.25,0.5,6,5.860786223465865
South of Market,37.78555,-122.39549,Entire home/apt,3,13,4.92,t,13,348,55,0.6666666666666666,0.3333333333333333,0.6666666666666666,1,5.272999558563747
Noe Valley,37.74717850903648,-122.42536801310456,Entire home/apt,2,153,4.93,t,4,294,53,0.5,0.5,0.5,13,4.875197323201151
Inner Richmond,37.7747,-122.46873,Private room,1,4,5.0,t,0,303,56,1.0,1.0,1.0,15,4.276666119016055
Excelsior,37.72523,-122.40763,Entire home/apt,6,9,5.0,t,0,279,58,0.5,0.3333333333333333,0.5,14,5.043425116919247
Western Addition,37.78203,-122.4419,Private room,2,167,4.89,t,9,62,16,0.5,0.5,0.5,24,4.51085950651685
Haight Ashbury,37.77196,-122.44098,Entire home/apt,4,85,4.79,f,27,88,25,0.5,0.25,0.5,6,5.303304908059076
Noe Valley,37.74329,-122.42444,Entire home/apt,3,14,4.93,f,0,164,45,0.3333333333333333,0.3333333333333333,0.6666666666666666,13,4.605170185988092
Bernal Heights,37.74243,-122.42192,Private room,4,154,4.77,f,12,250,54,0.25,0.25,0.5,2,4.48863636973214
North Beach,37.80211,-122.40443,Entire home/apt,4,35,4.77,t,11,325,25,0.5,0.5,0.5,18,6.297109319933935
Pacific Heights,37.79462,-122.42822,Entire home/apt,2,9,5.0,f,0,99,39,0.0,0.5,0.5,10,4.709530201312334
West of Twin Peaks,37.73399,-122.45361,Private room,1,70,4.36,f,17,347,27,0.0,1.0,2.0,19,4.1588830833596715
Western Addition,37.7755,-122.42937,Entire home/apt,3,14,4.93,f,13,253,22,0.6666666666666666,0.3333333333333333,0.6666666666666666,6,4.890349128221754
West of Twin Peaks,37.73398,-122.45504,Private room,1,69,4.62,f,30,365,27,1.0,0.0,0.0,19,4.330733340286331
Downtown/Civic Center,37.7834,-122.40939,Private room,2,3,4.33,f,0,241,16,0.5,0.5,0.5,4,5.099866427824199
Nob Hill,37.79108,-122.42006,Private room,1,193,4.74,f,29,359,23,0.0,1.0,1.0,10,4.882801922586371
Nob Hill,37.7918,-122.4198,Private room,2,114,4.71,f,29,356,40,0.0,0.5,0.5,10,5.2574953720277815
Haight Ashbury,37.77159,-122.43774,Entire home/apt,8,89,4.69,t,10,310,46,0.5,0.125,0.75,6,5.60947179518496
Bernal Heights,37.73924,-122.41146,Entire home/apt,2,277,4.95,t,10,14,52,0.0,0.5,0.5,2,5.262690188904886
Noe Valley,37.74247,-122.43413,Private room,2,68,4.96,t,18,162,47,0.5,0.5,0.5,13,4.672828834461906
North Beach,37.80459,-122.412,Entire home/apt,6,47,4.94,t,27,352,37,0.3333333333333333,0.25,0.6666666666666666,18,6.697034247666484
Excelsior,37.72758,-122.41463,Entire home/apt,13,50,4.96,t,0,148,63,0.3076923076923077,0.23076923076923078,0.46153846153846156,2,6.556778356158042
South of Market,37.78653666810215,-122.3894406716054,Entire home/apt,2,12,5.0,t,0,109,23,0.5,0.5,0.5,1,4.859812404361672
Pacific Heights,37.792068,-122.440948,Entire home/apt,3,106,4.98,t,17,164,44,0.3333333333333333,0.3333333333333333,0.3333333333333333,3,5.7430031878094825
Bernal Heights,37.74581,-122.40833,Entire home/apt,4,172,4.97,f,6,27,64,0.25,0.25,0.5,20,5.298317366548036
Nob Hill,37.78986,-122.42032,Private room,2,136,4.76,f,29,361,25,0.0,0.5,0.5,10,4.948759890378168
Castro/Upper Market,37.76521,-122.43727,Private room,2,0,0.0,t,0,147,21,0.5,0.5,0.5,6,5.19295685089021
Inner Sunset,37.76545,-122.45354,Private room,1,5,5.0,f,0,119,26,1.0,1.0,1.0,21,4.394449154672439
Crocker Amazon,37.70959,-122.43903,Entire home/apt,4,167,4.99,t,11,66,47,0.25,0.25,0.5,12,5.087596335232384
Inner Sunset,37.76518,-122.45359,Private room,1,3,5.0,f,0,66,50,1.0,1.0,1.0,21,4.442651256490317
Nob Hill,37.79014,-122.42028,Private room,1,152,4.78,f,29,359,39,0.0,1.0,1.0,10,4.820281565605037
Western Addition,37.77294,-122.43211,Private room,7,0,0.0,f,1,241,12,0.5714285714285714,0.21428571428571427,0.5714285714285714,6,5.2574953720277815
Haight Ashbury,37.77335,-122.44489,Entire home/apt,4,125,4.95,f,6,294,43,0.25,0.25,0.5,24,5.5134287461649825
Marina,37.79755,-122.42441,Entire home/apt,2,13,5.0,t,6,58,44,0.5,0.5,0.5,10,4.787491742782046
Parkside,37.74108,-122.47617,Private room,2,5,5.0,t,28,264,28,0.5,0.5,0.5,22,4.418840607796598
North Beach,37.79836,-122.40424,Entire home/apt,2,7,5.0,f,0,275,39,0.5,0.5,0.5,18,4.700480365792417
Haight Ashbury,37.76544,-122.44535,Entire home/apt,2,16,4.19,f,0,106,22,0.0,0.5,0.5,21,4.418840607796598
Downtown/Civic Center,37.78502,-122.41339,Entire home/apt,2,4,5.0,f,29,364,6,0.5,0.5,0.5,4,4.74493212836325
Downtown/Civic Center,37.78326,-122.42122,Entire home/apt,2,3,4.67,f,0,285,13,0.5,0.5,0.5,10,4.867534450455582
Outer Richmond,37.78245,-122.48126,Private room,1,12,5.0,t,24,248,21,1.0,1.0,0.0,15,4.219507705176107
Outer Richmond,37.78275,-122.48148,Private room,1,4,5.0,t,0,175,21,1.0,1.0,0.0,15,4.060443010546419
South of Market,37.77441,-122.40162,Entire home/apt,5,24,5.0,t,12,249,65,0.4,0.4,0.6,1,6.0330862217988015
Inner Richmond,37.77855,-122.46362,Entire home/apt,12,59,4.85,f,0,18,68,0.25,0.20833333333333334,0.4166666666666667,15,6.246106765481563
Bernal Heights,37.74424,-122.41059,Entire home/apt,4,8,4.88,t,0,215,19,0.75,0.25,0.75,20,5.37989735354046
Excelsior,37.72863,-122.4207,Private room,1,4,4.75,t,0,305,50,1.0,1.0,1.0,2,4.02535169073515
Excelsior,37.71631,-122.43707,Entire home/apt,4,152,4.88,t,18,150,42,0.5,0.25,0.5,12,4.653960350157523
Nob Hill,37.79175,-122.41838,Private room,2,454,4.6,f,29,359,25,0.0,0.5,0.5,10,4.882801922586371
Mission,37.76141,-122.42079,Entire home/apt,2,11,4.55,f,19,354,39,0.5,0.5,0.5,9,5.488937726156687
Bayview,37.729,-122.38656,Entire home/apt,2,7,4.57,f,19,73,45,0.5,0.5,0.5,14,4.48863636973214
Western Addition,37.774845,-122.436333,Entire home/apt,3,25,4.76,t,17,244,40,0.6666666666666666,0.3333333333333333,0.6666666666666666,6,5.7430031878094825
South of Market,37.78215,-122.39479,Entire home/apt,8,47,5.0,t,0,243,48,0.375,0.4375,0.5,1,6.440946540632921
West of Twin Peaks,37.7284095,-122.4575383,Private room,1,10,4.8,t,0,164,44,1.0,1.0,1.0,19,4.007333185232471
Potrero Hill,37.76235,-122.38873,Entire home/apt,3,10,4.8,t,0,0,39,0.3333333333333333,0.5,0.6666666666666666,7,5.278114659230517
Nob Hill,37.79585,-122.4173,Entire home/apt,4,0,0.0,f,0,276,9,0.25,0.25,0.5,18,5.991464547107982
South of Market,37.78268,-122.39338,Private room,2,192,4.96,t,9,284,47,0.5,0.5,0.5,1,4.875197323201151
Haight Ashbury,37.77047,-122.44403,Entire home/apt,4,10,4.8,t,30,365,21,0.5,0.25,0.25,24,5.111987788356544
Parkside,37.73726,-122.48046,Entire home/apt,4,203,4.89,t,3,222,52,0.0,0.25,0.5,22,4.532599493153256
Excelsior,37.73008,-122.42094,Entire home/apt,3,106,4.89,t,0,18,32,0.3333333333333333,0.3333333333333333,0.6666666666666666,2,4.653960350157523
Outer Sunset,37.75138,-122.4935,Private room,2,312,4.89,t,5,176,54,0.5,0.5,0.5,17,4.189654742026425
Outer Sunset,37.75307,-122.4953,Private room,2,251,4.94,t,7,179,64,0.5,0.5,0.5,17,4.406719247264253
Western Addition,37.77967,-122.43957,Private room,1,12,4.58,f,0,263,35,1.0,1.0,1.0,24,4.219507705176107
Western Addition,37.77999,-122.43987,Private room,1,12,5.0,f,4,305,39,1.0,1.0,1.0,24,3.828641396489095
Outer Sunset,37.74954,-122.50145,Entire home/apt,2,8,5.0,f,27,362,51,1.0,0.5,1.0,17,5.521460917862246
Chinatown,37.79212,-122.40703,Entire home/apt,2,8,5.0,f,9,98,39,0.0,0.5,1.0,4,4.499809670330265
Russian Hill,37.79727,-122.42344,Entire home/apt,2,17,4.94,t,0,243,64,0.5,0.5,1.0,10,4.859812404361672
Pacific Heights,37.79569,-122.43727,Entire home/apt,8,6,5.0,t,11,312,60,0.5,0.625,0.625,3,7.989560449333865
Downtown/Civic Center,37.78541,-122.41053,Private room,2,4,4.75,f,0,141,18,0.5,0.5,0.5,4,5.099866427824199
Outer Richmond,37.78284,-122.48018,Private room,1,5,5.0,t,12,266,23,1.0,1.0,0.0,15,4.1588830833596715
Inner Sunset,37.76447,-122.45265,Entire home/apt,2,0,0.0,f,0,335,3,0.0,0.5,0.0,21,4.553876891600541
Nob Hill,37.78932,-122.41853,Private room,2,16,4.44,f,21,355,22,0.5,0.0,0.5,10,4.454347296253507
Pacific Heights,37.78954,-122.43122,Entire home/apt,2,89,4.71,f,28,298,33,0.0,0.5,0.5,10,5.262690188904886
Pacific Heights,37.79117,-122.43094,Entire home/apt,2,76,4.58,f,17,283,33,0.0,0.5,0.5,10,6.779921907472252
Inner Sunset,37.763917582087785,-122.45555762955162,Entire home/apt,4,23,4.91,t,11,118,46,0.25,0.25,0.5,21,5.680172609017068
Pacific Heights,37.79117,-122.43095,Entire home/apt,2,55,4.75,f,10,260,33,0.0,0.5,0.5,10,6.779921907472252
Financial District,37.78939,-122.40611,Private room,2,74,4.43,f,30,212,12,0.5,0.0,0.5,4,4.574710978503383
Outer Sunset,37.75819,-122.49494,Entire home/apt,3,340,4.81,t,9,276,40,0.3333333333333333,0.3333333333333333,0.6666666666666666,17,4.897839799950911
Western Addition,37.77364,-122.43202,Entire home/apt,6,17,4.82,f,30,180,11,0.5,0.16666666666666666,0.5,6,5.652489180268651
South of Market,37.77526,-122.40383,Entire home/apt,6,41,4.93,t,14,324,59,0.5,0.16666666666666666,0.5,1,6.361302477572996
Financial District,37.78915,-122.40671,Private room,2,90,4.34,f,30,212,11,0.5,0.0,0.5,4,4.624972813284271
Western Addition,37.78375,-122.4245,Entire home/apt,4,0,0.0,f,23,263,10,0.5,0.25,0.75,10,5.71042701737487
Excelsior,37.72932,-122.42592,Entire home/apt,2,9,5.0,t,0,257,8,0.5,0.5,0.0,2,4.0943445622221
Mission,37.7694,-122.42212,Entire home/apt,2,4,5.0,f,0,121,57,0.5,0.5,0.5,9,5.41610040220442
Outer Mission,37.73018,-122.4325,Entire home/apt,2,176,4.91,t,12,334,50,0.5,0.5,0.5,5,4.672828834461906
Haight Ashbury,37.7697,-122.44431,Private room,1,90,4.93,t,5,50,56,1.0,1.5,1.0,24,4.382026634673881
Financial District,37.79689,-122.40521,Private room,2,4,4.75,t,0,314,11,0.5,0.5,0.5,4,3.7612001156935624
Noe Valley,37.75225,-122.4313,Entire home/apt,8,4,5.0,f,6,260,48,0.375,0.375,0.375,13,5.991464547107982
Chinatown,37.79172,-122.40661,Entire home/apt,3,55,4.93,t,12,27,49,0.0,0.3333333333333333,0.6666666666666666,4,5.480638923341991
Parkside,37.73892,-122.47837,Entire home/apt,4,187,4.97,t,4,232,48,0.0,0.25,0.5,22,4.543294782270004
Presidio Heights,37.78307,-122.45318,Entire home/apt,4,5,5.0,f,0,156,56,0.5,0.5,0.5,24,6.059123195581797
West of Twin Peaks,37.73506,-122.46441,Private room,1,21,4.9,t,29,269,25,1.0,3.0,1.0,19,3.871201010907891
Bayview,37.73798184050131,-122.3977216052402,Entire home/apt,16,217,4.85,t,11,308,66,0.1875,0.125,0.375,14,5.521460917862246
Western Addition,37.788307,-122.425598,Entire home/apt,2,2,5.0,f,0,184,48,0.5,0.5,0.5,10,5.0106352940962555
Castro/Upper Market,37.75884,-122.4358,Entire home/apt,2,2,3.5,f,28,363,26,0.5,0.5,0.5,21,7.067319848653476
Noe Valley,37.7476692199707,-122.42525482177734,Private room,2,248,4.97,t,4,190,49,0.5,0.5,0.5,13,4.394449154672439
South of Market,37.78426,-122.39557,Private room,2,173,4.96,t,9,294,49,0.5,0.5,0.5,1,4.852030263919617
South of Market,37.78261,-122.39561,Private room,2,152,4.95,t,12,304,49,0.5,0.5,0.5,1,4.983606621708336
Marina,37.79788589477539,-122.42423248291016,Entire home/apt,2,5,5.0,f,4,247,40,0.0,0.5,0.5,10,4.962844630259907
Nob Hill,37.79608253492727,-122.41013219359446,Private room,1,1,5.0,f,30,365,33,1.0,1.0,1.0,4,4.343805421853684
Marina,37.79929,-122.42484,Entire home/apt,4,32,4.66,f,0,333,39,0.5,0.25,0.0,10,5.545177444479562
Mission,37.75379,-122.42299,Entire home/apt,3,3,4.33,f,0,160,14,0.3333333333333333,0.3333333333333333,0.3333333333333333,13,4.605170185988092
Downtown/Civic Center,37.78743,-122.42074,Entire home/apt,2,5,5.0,t,0,110,54,0.0,0.5,0.5,10,4.941642422609304
Chinatown,37.79073,-122.40817,Entire home/apt,2,10,5.0,t,0,255,34,0.0,0.5,0.5,4,4.74493212836325
Western Addition,37.773437937718,-122.4305052061981,Private room,2,359,4.86,t,5,134,35,0.5,1.5,0.5,6,4.406719247264253
Inner Richmond,37.7860778,-122.4643935,Entire home/apt,2,4,3.25,f,0,305,30,0.5,0.5,0.5,15,4.700480365792417
Haight Ashbury,37.77109,-122.44758,Entire home/apt,2,16,4.56,t,30,365,17,0.5,0.5,0.5,24,4.543294782270004
Western Addition,37.77175,-122.4296,Private room,2,162,4.9,t,13,340,49,0.5,1.25,0.5,6,4.219507705176107
Financial District,37.78676,-122.39704,Entire home/apt,2,13,4.92,t,0,312,53,0.5,0.5,0.5,1,5.117993812416755
Inner Richmond,37.77823,-122.47188,Entire home/apt,4,84,4.75,t,9,57,37,0.5,0.25,0.5,15,5.3706380281276624
Western Addition,37.77179,-122.43541,Entire home/apt,4,5,5.0,t,0,317,48,0.5,0.25,0.5,6,5.594711379601839
Visitacion Valley,37.71395,-122.40745,Entire home/apt,2,11,5.0,t,0,335,60,0.5,0.5,0.5,14,4.5217885770490405
Crocker Amazon,37.70926,-122.44576,Entire home/apt,6,183,4.83,t,13,49,48,0.5,0.3333333333333333,0.5,12,5.318119993844216
Outer Mission,37.7251,-122.44262,Entire home/apt,6,128,4.69,t,22,352,49,0.3333333333333333,0.3333333333333333,0.5,5,5.170483995038151
Castro/Upper Market,37.75966,-122.43568,Private room,2,36,4.83,f,0,0,46,0.5,1.0,1.0,21,5.293304824724492
Castro/Upper Market,37.76011276245117,-122.43460083007812,Private room,2,39,4.62,f,25,353,47,0.5,1.0,1.0,21,4.859812404361672
Castro/Upper Market,37.75911,-122.43375,Private room,2,26,4.73,f,21,353,47,0.5,1.0,1.0,13,4.564348191467836
Mission,37.76196,-122.41779,Entire home/apt,8,66,4.71,f,0,35,40,0.375,0.1875,0.375,9,5.0689042022202315
Potrero Hill,37.76151,-122.3965,Entire home/apt,4,54,4.98,t,1,34,55,0.25,0.25,0.5,7,5.768320995793772
South of Market,37.78836,-122.39124,Entire home/apt,2,13,4.85,f,1,226,37,0.0,0.5,0.5,1,4.68213122712422
North Beach,37.79872,-122.40654,Entire home/apt,2,12,4.83,f,3,313,44,0.5,0.5,1.0,18,5.0106352940962555
North Beach,37.80076,-122.40599,Entire home/apt,3,6,5.0,f,0,300,39,0.3333333333333333,0.3333333333333333,0.6666666666666666,18,4.90527477843843
North Beach,37.79873,-122.40572,Entire home/apt,2,8,4.5,f,0,304,44,0.5,0.5,1.0,18,5.0106352940962555
South of Market,37.78425,-122.39254,Entire home/apt,2,7,4.86,t,0,142,55,0.5,0.5,0.5,1,5.247024072160486
Outer Mission,37.71421,-122.44785,Entire home/apt,4,8,5.0,t,0,236,52,0.5,0.25,0.5,12,4.859812404361672
Haight Ashbury,37.77381,-122.45109,Entire home/apt,2,49,5.0,f,11,148,46,0.0,0.5,0.5,24,5.075173815233827
Noe Valley,37.74889,-122.44026,Entire home/apt,2,248,4.98,t,6,131,54,0.5,0.5,0.5,21,5.71042701737487
North Beach,37.7992,-122.40647,Entire home/apt,4,2,5.0,f,0,271,37,0.25,0.25,0.5,18,4.499809670330265
Western Addition,37.7774,-122.43823,Entire home/apt,2,21,5.0,t,12,186,55,0.5,0.5,0.5,6,5.278114659230517
Marina,37.80541,-122.44262,Entire home/apt,2,1,5.0,f,0,31,18,0.5,0.5,0.5,3,5.181783550292085
Castro/Upper Market,37.7619,-122.43621,Private room,2,6,5.0,f,9,257,25,0.0,0.5,1.0,21,6.620073206530356
Castro/Upper Market,37.76,-122.4374,Private room,2,47,4.62,f,13,275,25,0.0,0.5,0.5,21,6.745236349484363
Castro/Upper Market,37.76051,-122.43604,Private room,2,18,4.67,f,27,295,25,0.0,0.5,0.5,21,6.620073206530356
South of Market,37.782,-122.39533,Private room,2,157,4.95,t,8,285,46,0.5,0.5,0.5,1,4.867534450455582
Mission,37.7502,-122.42299,Entire home/apt,2,81,4.88,t,7,311,50,0.0,0.5,0.5,13,5.043425116919247
South of Market,37.78425,-122.3939,Entire home/apt,6,49,4.92,t,0,252,49,0.5,0.5,0.5,1,6.437751649736401
South of Market,37.78394,-122.39467,Private room,2,154,4.94,t,3,288,46,0.5,0.5,0.5,1,4.859812404361672
Inner Richmond,37.78726,-122.46516,Entire home/apt,2,0,0.0,f,0,243,10,0.5,0.5,0.5,15,4.90527477843843
Inner Richmond,37.78225,-122.47431,Entire home/apt,2,13,5.0,f,9,252,13,0.5,0.5,0.5,15,4.553876891600541
Lakeshore,37.73195,-122.47497,Entire home/apt,3,12,5.0,f,0,185,37,1.0,0.3333333333333333,1.3333333333333333,22,4.59511985013459
Parkside,37.7419,-122.47562,Private room,2,13,4.85,t,0,184,28,0.5,0.5,0.5,22,4.07753744390572
Nob Hill,37.79177768599035,-122.41927936088769,Private room,4,185,4.97,t,5,204,75,0.5,0.375,0.5,10,5.877735781779639
Excelsior,37.72109,-122.43217,Entire home/apt,6,0,0.0,f,0,77,71,0.6666666666666666,0.16666666666666666,0.3333333333333333,12,5.634789603169249
South of Market,37.78396,-122.39382,Private room,4,19,5.0,t,1,270,45,0.5,0.5,0.5,1,5.703782474656201
Pacific Heights,37.79018,-122.43591,Entire home/apt,2,1,5.0,f,5,334,14,0.5,0.5,0.5,3,5.0106352940962555
Haight Ashbury,37.7696,-122.44924,Entire home/apt,4,39,4.92,f,0,59,41,0.25,0.375,0.25,24,5.605802066295998
Bayview,37.73108,-122.38854,Entire home/apt,5,87,4.83,t,3,46,55,0.2,0.2,0.2,14,4.795790545596741
Mission,37.75231,-122.424,Entire home/apt,2,4,5.0,f,11,273,9,0.5,0.5,0.5,13,4.6913478822291435
North Beach,37.8036,-122.40483,Entire home/apt,3,68,4.96,t,6,223,54,0.3333333333333333,0.3333333333333333,0.6666666666666666,18,5.707110264748875
Excelsior,37.72317,-122.43415,Entire home/apt,2,12,5.0,t,0,232,33,0.5,0.5,0.5,12,4.406719247264253
Noe Valley,37.75334,-122.4311,Entire home/apt,4,22,4.95,f,6,19,51,0.5,0.25,0.5,13,6.408528791059498
South of Market,37.78238,-122.39818,Entire home/apt,2,13,4.92,t,0,318,51,0.5,0.5,0.5,1,5.135798437050262
Marina,37.79923,-122.43228,Private room,1,10,4.8,t,0,326,18,1.0,1.0,1.0,3,4.276666119016055
Pacific Heights,37.79548,-122.432,Entire home/apt,4,1,5.0,f,0,125,8,0.5,0.25,0.0,3,5.556828061699537
Inner Sunset,37.76508,-122.45356,Private room,1,2,5.0,f,17,136,52,1.0,1.0,1.0,21,4.442651256490317
Marina,37.79651139793415,-122.43264955309732,Entire home/apt,2,10,5.0,t,0,208,58,0.5,0.5,1.0,3,5.351858133476067
Crocker Amazon,37.71016,-122.44262,Entire home/apt,6,35,4.77,f,30,365,46,0.5,0.4166666666666667,0.5,12,5.541263545158426
South of Market,37.773018,-122.403236,Entire home/apt,2,15,4.93,t,6,66,64,0.5,0.5,0.5,1,5.820082930352362
South of Market,37.78206,-122.39518,Private room,2,193,4.98,t,5,279,49,0.5,0.5,0.5,1,4.844187086458591
Haight Ashbury,37.76645,-122.44793,Entire home/apt,4,62,4.97,t,0,76,49,0.25,0.25,0.5,21,4.8283137373023015
Potrero Hill,37.75664,-122.40196,Private room,2,226,4.98,t,0,214,56,0.5,0.5,0.5,7,4.90527477843843
Excelsior,37.72873,-122.40916,Entire home/apt,4,67,4.9,t,10,50,36,0.5,0.25,0.5,2,5.030437921392435
Mission,37.7627,-122.41665,Entire home/apt,8,74,4.91,f,0,335,46,0.5,0.25,0.5,9,5.940171252720432
Chinatown,37.79148,-122.40808,Entire home/apt,4,14,4.93,t,15,15,33,0.25,0.25,0.5,4,5.123963979403259
Nob Hill,37.7892,-122.41835,Private room,3,4,4.75,f,22,355,8,0.3333333333333333,0.0,0.3333333333333333,10,4.454347296253507
Western Addition,37.77145,-122.43303,Entire home/apt,8,9,4.78,t,18,266,60,0.375,0.25,0.5,6,6.464588303689961
Bernal Heights,37.74483,-122.41636,Entire home/apt,5,7,5.0,f,0,211,69,0.4,0.4,0.6,20,5.857933154483459
Outer Sunset,37.74853,-122.50151,Entire home/apt,2,14,5.0,t,29,303,50,0.5,0.5,0.5,17,5.2574953720277815
Potrero Hill,37.75825,-122.40078,Private room,2,59,4.92,t,12,163,56,0.5,0.5,0.5,7,4.897839799950911
North Beach,37.80072,-122.40418,Entire home/apt,1,7,4.71,t,0,34,27,1.0,1.0,1.0,18,4.663439094112067
Haight Ashbury,37.75939,-122.44963,Entire home/apt,4,118,4.99,t,3,192,49,0.25,0.25,0.5,21,5.081404364984463
Western Addition,37.78487,-122.44063,Private room,1,18,5.0,t,0,320,53,1.0,1.0,1.0,24,4.290459441148391
Castro/Upper Market,37.76392,-122.42662,Entire home/apt,6,13,4.85,t,5,245,41,0.5,0.16666666666666666,0.5,9,5.3230099791384085
Bayview,37.73804,-122.39217,Entire home/apt,4,121,4.85,t,9,35,61,0.25,0.5,0.75,14,4.77912349311153
Mission,37.76811,-122.41955,Private room,1,11,5.0,t,1,201,42,1.0,1.5,1.0,9,4.248495242049359
Mission,37.76639,-122.41958,Private room,1,12,5.0,t,0,236,42,1.0,1.5,1.0,9,4.174387269895637
Mission,37.76685,-122.41803,Private room,1,12,5.0,t,0,209,42,1.0,1.5,1.0,9,4.0943445622221
South of Market,37.78315,-122.39469,Entire home/apt,3,11,4.73,f,13,252,44,0.3333333333333333,0.3333333333333333,0.3333333333333333,1,5.081404364984463
Mission,37.76615,-122.42009,Private room,1,10,4.9,t,0,131,42,1.0,1.5,1.0,9,4.394449154672439
Lakeshore,37.7308,-122.47926,Entire home/apt,4,134,4.97,t,14,137,60,0.25,0.25,0.5,22,5.204006687076795
Downtown/Civic Center,37.78706,-122.40925,Entire home/apt,3,11,5.0,t,0,7,21,0.0,0.3333333333333333,0.6666666666666666,4,4.605170185988092
Downtown/Civic Center,37.78929,-122.4118,Entire home/apt,2,113,4.57,f,16,281,24,0.0,0.5,0.5,4,6.906754778648554
Chinatown,37.797432,-122.407883,Private room,2,1223,4.67,t,26,361,35,0.5,0.5,0.5,18,5.062595033026967
Western Addition,37.78697,-122.43396,Private room,2,190,4.83,t,5,290,60,0.5,0.75,0.5,3,4.553876891600541
Mission,37.76739,-122.41989,Private room,1,7,5.0,t,0,149,42,1.0,1.5,1.0,9,4.330733340286331
Twin Peaks,37.74928,-122.44407,Entire home/apt,4,1,5.0,t,0,204,64,0.25,0.25,0.0,21,4.787491742782046
Mission,37.76655,-122.42087,Entire home/apt,3,9,4.56,f,2,335,57,0.6666666666666666,0.3333333333333333,0.6666666666666666,9,5.60947179518496
Financial District,37.78951,-122.40376,Private room,2,59,4.24,f,29,363,17,0.5,0.5,0.5,4,4.564348191467836
Downtown/Civic Center,37.78557,-122.41064,Private room,3,66,4.86,f,20,232,43,0.3333333333333333,0.3333333333333333,1.0,4,4.770684624465665
North Beach,37.80094,-122.40807,Private room,2,16,4.63,f,12,325,20,0.5,0.5,0.5,18,5.488937726156687
North Beach,37.80009,-122.40966,Private room,2,4,3.5,f,17,337,17,0.5,0.5,0.5,18,5.3230099791384085
Haight Ashbury,37.7755,-122.44373,Entire home/apt,5,1,5.0,f,0,251,33,0.6,0.3,0.8,24,5.298317366548036
Nob Hill,37.7934,-122.41257,Entire home/apt,2,4,4.75,f,30,193,33,0.5,0.5,0.5,4,5.429345628954441
Downtown/Civic Center,37.78464,-122.41088,Shared room,4,295,4.66,f,30,242,35,0.25,0.25,1.0,4,3.713572066704308
Bayview,37.72939,-122.36871,Entire home/apt,2,0,0.0,f,27,362,54,1.0,0.5,0.5,14,5.1647859739235145
Glen Park,37.73619842529297,-122.4347915649414,Entire home/apt,6,3,5.0,f,0,31,32,0.5,0.4166666666666667,0.6666666666666666,5,5.424950017481403
Western Addition,37.78796,-122.43105,Entire home/apt,2,11,4.82,t,1,290,26,0.5,0.5,0.5,10,4.8283137373023015
Mission,37.76779,-122.41845,Private room,1,12,4.92,t,0,208,42,1.0,1.5,1.0,9,4.04305126783455
Excelsior,37.729818090147546,-122.42909252015052,Entire home/apt,3,12,5.0,f,10,315,42,0.3333333333333333,0.3333333333333333,0.6666666666666666,2,4.51085950651685
Potrero Hill,37.758636,-122.396339,Entire home/apt,6,3,5.0,t,28,363,63,0.5,0.4166666666666667,0.8333333333333334,7,6.220590170099739
Mission,37.75198,-122.42352,Entire home/apt,3,8,4.75,f,0,288,16,0.3333333333333333,0.3333333333333333,0.3333333333333333,13,4.836281906951478
South of Market,37.7744,-122.40033,Entire home/apt,4,18,4.94,f,25,185,65,0.5,0.5,0.5,1,5.648974238161206
Parkside,37.74536,-122.47367,Private room,3,85,4.74,f,26,173,33,0.0,0.3333333333333333,0.3333333333333333,22,4.0943445622221
Marina,37.805202,-122.445206,Entire home/apt,10,83,4.93,t,8,291,73,0.4,0.4,0.5,3,6.904750769961838
Noe Valley,37.74997,-122.43275,Entire home/apt,4,47,4.85,t,10,145,10,0.5,0.25,0.5,13,5.849324779946859
Mission,37.76797,-122.41788,Private room,1,17,5.0,t,0,209,42,1.0,1.5,1.0,9,4.23410650459726
Mission,37.7667,-122.4179,Private room,1,11,5.0,t,2,161,42,1.0,1.5,1.0,9,4.204692619390966
Mission,37.76658,-122.41996,Private room,1,9,4.89,t,3,243,42,1.0,1.5,1.0,9,4.330733340286331
Castro/Upper Market,37.76552,-122.43251,Entire home/apt,3,1,4.0,f,14,301,55,0.0,0.3333333333333333,0.3333333333333333,6,4.61512051684126
Financial District,37.78827,-122.39476,Private room,1,7,3.57,f,1,240,33,1.0,1.0,1.0,1,4.3694478524670215
Mission,37.75185,-122.40363,Entire home/apt,5,32,4.91,t,8,88,60,0.8,0.2,0.8,20,5.902633333401366
Noe Valley,37.75132,-122.43145,Entire home/apt,4,22,4.95,f,0,153,50,0.5,0.25,0.5,13,5.616771097666572
Castro/Upper Market,37.75917,-122.44163,Entire home/apt,4,53,4.92,f,0,209,52,0.25,0.25,0.5,21,5.351858133476067
Downtown/Civic Center,37.78853,-122.40964,Entire home/apt,4,35,5.0,t,3,3,13,0.0,0.25,0.5,4,4.74493212836325
Inner Richmond,37.77925,-122.46516,Entire home/apt,6,144,4.94,f,4,73,70,0.3333333333333333,0.25,0.6666666666666666,15,5.771441123130016
Bernal Heights,37.73388,-122.41822,Shared room,4,23,4.91,t,14,349,56,0.75,0.5,0.75,2,5.521460917862246
Downtown/Civic Center,37.78892,-122.40984,Entire home/apt,4,13,5.0,t,3,3,20,0.0,0.25,0.5,4,5.017279836814924
Downtown/Civic Center,37.7873,-122.41141,Entire home/apt,4,24,4.96,t,0,5,13,0.0,0.25,0.5,4,4.770684624465665
Downtown/Civic Center,37.78863,-122.40967,Entire home/apt,4,15,5.0,t,0,3,19,0.0,0.25,0.5,4,5.003946305945459
Bayview,37.73643,-122.38969,Private room,2,29,4.93,f,4,36,55,0.5,0.5,0.5,14,3.9889840465642745
Outer Mission,37.72277,-122.43882,Private room,3,141,4.65,f,15,165,25,0.3333333333333333,0.3333333333333333,0.6666666666666666,12,3.9318256327243257
Western Addition,37.78491,-122.44206,Private room,1,14,4.93,t,0,256,57,1.0,1.0,1.0,24,4.356708826689592
Nob Hill,37.79678726196289,-122.41397857666016,Entire home/apt,5,149,4.86,t,10,270,60,0.4,0.4,0.6,18,5.5093883366279774
South of Market,37.78207,-122.39515,Private room,4,5,5.0,t,2,258,46,0.5,0.5,0.5,1,5.799092654460526
Visitacion Valley,37.71069,-122.41253,Entire home/apt,7,186,4.8,t,6,250,44,0.42857142857142855,0.14285714285714285,0.5714285714285714,14,4.882801922586371
Mission,37.75517,-122.41838,Entire home/apt,4,93,4.78,f,15,322,45,0.5,0.25,0.5,20,5.356586274672012
Pacific Heights,37.79135,-122.43048,Entire home/apt,3,84,4.98,f,0,264,45,0.3333333333333333,0.3333333333333333,0.3333333333333333,10,5.771441123130016
Nob Hill,37.78894,-122.41891,Private room,3,54,4.98,t,13,317,52,0.3333333333333333,0.3333333333333333,0.3333333333333333,10,5.278114659230517
Haight Ashbury,37.77408,-122.43977,Entire home/apt,8,1,3.0,f,30,365,50,0.5,0.25,0.0,6,6.336825731146441
Western Addition,37.7894,-122.42919,Entire home/apt,2,41,4.71,f,9,232,34,0.0,0.5,0.5,10,5.389071729816501
Outer Sunset,37.74925,-122.50383,Private room,3,64,4.77,f,21,249,34,0.3333333333333333,0.3333333333333333,0.6666666666666666,17,4.382026634673881
Nob Hill,37.79421763364678,-122.4212872697107,Entire home/apt,10,0,0.0,f,30,365,51,0.4,0.25,0.5,10,5.978885764901122
Nob Hill,37.79518,-122.42098,Entire home/apt,10,0,0.0,f,30,365,45,0.4,0.2,0.4,10,5.978885764901122
Mission,37.75233,-122.42441,Entire home/apt,2,5,5.0,f,4,326,9,0.5,0.5,0.5,13,4.6443908991413725
Potrero Hill,37.759823,-122.402863,Entire home/apt,5,39,4.95,t,13,287,63,0.6,0.2,0.6,7,6.059123195581797
Bernal Heights,37.74079,-122.41447,Entire home/apt,3,6,4.83,f,16,73,27,0.6666666666666666,0.5,0.6666666666666666,2,5.75890177387728
Parkside,37.7451,-122.48148,Private room,2,90,4.93,t,5,113,49,0.5,0.5,0.5,22,4.624972813284271
Haight Ashbury,37.76719,-122.45037,Entire home/apt,4,8,5.0,f,10,99,41,0.25,0.25,0.75,21,4.672828834461906
Marina,37.80211,-122.44024,Entire home/apt,2,12,5.0,f,7,231,55,0.5,0.5,0.0,3,5.017279836814924
Bayview,37.72945,-122.3716,Entire home/apt,6,1,5.0,f,0,93,33,0.3333333333333333,0.25,0.5,14,5.3230099791384085
Bernal Heights,37.745853,-122.419228,Entire home/apt,4,7,5.0,t,0,196,46,0.5,0.25,0.5,20,5.187385805840755
South of Market,37.788177490234375,-122.39252471923828,Entire home/apt,4,9,5.0,t,11,191,41,0.5,0.25,0.75,1,5.552959584921617
South of Market,37.78201,-122.39834,Entire home/apt,2,9,4.78,f,2,297,55,0.5,0.5,0.5,1,4.882801922586371
Outer Sunset,37.74923,-122.50577,Private room,2,63,4.7,f,5,179,35,0.5,0.5,0.5,17,4.110873864173311
Downtown/Civic Center,37.78725,-122.40944,Entire home/apt,3,2,5.0,t,0,4,21,0.0,0.3333333333333333,0.3333333333333333,4,4.844187086458591
Downtown/Civic Center,37.78823,-122.40944,Entire home/apt,3,4,5.0,t,0,6,21,0.0,0.3333333333333333,0.6666666666666666,4,5.298317366548036
Downtown/Civic Center,37.78902,-122.41001,Entire home/apt,3,5,5.0,t,0,8,21,0.0,0.3333333333333333,0.6666666666666666,4,5.298317366548036
Western Addition,37.785175,-122.445808,Entire home/apt,8,16,4.88,f,0,227,32,0.375,0.3125,0.5,24,6.354370040797351
Outer Mission,37.72433,-122.43883,Private room,3,124,4.69,f,26,176,27,0.3333333333333333,0.3333333333333333,0.6666666666666666,12,4.174387269895637
Outer Sunset,37.75499,-122.50457,Entire home/apt,2,214,4.97,t,4,203,27,0.0,0.5,0.5,17,4.7535901911063645
Outer Mission,37.72401,-122.44045,Private room,1,138,4.57,f,15,165,26,1.0,1.0,1.0,12,3.9889840465642745
Outer Mission,37.72261,-122.44019,Private room,3,144,4.65,f,9,159,26,0.3333333333333333,0.3333333333333333,0.6666666666666666,12,3.9318256327243257
Mission,37.75401,-122.41586,Private room,4,111,4.99,t,1,189,66,0.5,0.25,0.75,20,5.424950017481403
Pacific Heights,37.79283,-122.44534,Entire home/apt,2,2,5.0,f,0,265,28,0.5,0.5,0.5,3,4.736198448394496
Mission,37.75814,-122.42161,Entire home/apt,4,43,4.91,t,7,15,16,0.5,0.25,0.5,9,6.042632833682381
Mission,37.7599,-122.41039,Entire home/apt,2,145,4.94,t,0,177,34,0.5,0.5,0.5,20,4.867534450455582
Russian Hill,37.80046,-122.42021,Entire home/apt,7,61,5.0,t,17,147,39,0.5714285714285714,0.2857142857142857,0.7142857142857143,18,6.641182169740591
South of Market,37.78814,-122.38972,Entire home/apt,4,2,5.0,f,0,57,32,0.5,0.5,0.5,1,5.579729825986222
Castro/Upper Market,37.76228,-122.43931,Entire home/apt,3,1,1.0,f,16,76,29,0.6666666666666666,0.6666666666666666,1.0,21,5.272999558563747
Outer Sunset,37.75522,-122.507,Entire home/apt,4,107,4.99,t,4,69,55,0.5,0.25,0.5,17,5.7899601708972535
Diamond Heights,37.74652,-122.44455,Entire home/apt,4,13,4.92,t,0,212,56,0.5,0.25,0.5,21,4.962844630259907
Western Addition,37.78262,-122.43098,Entire home/apt,4,13,5.0,t,0,332,74,0.5,0.5,0.5,6,5.796057750765372
Bernal Heights,37.734814,-122.418434,Entire home/apt,2,4,4.75,t,0,212,51,1.0,0.5,1.0,2,5.0106352940962555
South of Market,37.77677,-122.39142,Entire home/apt,6,20,5.0,f,0,0,47,0.3333333333333333,0.4166666666666667,0.5,1,6.376726947898627
Downtown/Civic Center,37.78937,-122.40726,Entire home/apt,2,13,4.69,t,14,14,35,0.0,0.5,1.0,4,4.897839799950911
Downtown/Civic Center,37.78964,-122.40762,Entire home/apt,4,11,4.91,t,12,12,36,0.25,0.25,0.5,4,5.337538079701318
Mission,37.76705,-122.42038,Entire home/apt,2,5,4.8,f,0,296,40,0.5,0.5,0.5,9,4.927253685157205
Visitacion Valley,37.72109,-122.4055,Entire home/apt,2,199,4.92,t,1,79,56,0.5,0.5,0.5,14,4.532599493153256
North Beach,37.8053,-122.40647,Entire home/apt,2,1,4.0,f,0,59,34,0.5,0.5,0.5,18,5.0106352940962555
Excelsior,37.72716,-122.40977,Entire home/apt,2,211,4.9,t,6,238,45,0.5,0.5,0.5,2,4.406719247264253
South of Market,37.77948080953465,-122.40405560716614,Entire home/apt,6,21,4.95,t,15,139,46,0.5,0.16666666666666666,0.5,1,6.300785794663244
Western Addition,37.77089,-122.43063,Entire home/apt,2,121,4.89,t,3,228,52,0.5,0.5,0.5,6,5.53338948872752
Western Addition,37.76983,-122.43241,Entire home/apt,2,260,4.82,t,8,79,30,0.5,0.5,0.5,6,4.948759890378168
Mission,37.76668,-122.42067,Entire home/apt,2,6,4.67,f,30,365,44,1.0,0.5,1.0,9,5.537334267018537
Excelsior,37.72674,-122.41468,Entire home/apt,4,76,4.93,t,12,249,44,0.5,0.5,0.5,2,5.5093883366279774
Outer Richmond,37.78299,-122.48173,Private room,1,7,5.0,t,0,331,19,1.0,1.0,1.0,15,4.007333185232471
Outer Richmond,37.78239,-122.48029,Private room,1,6,4.83,t,4,334,23,1.0,1.0,1.0,15,4.060443010546419
Western Addition,37.7813,-122.43354,Entire home/apt,1,8,4.63,f,0,335,29,1.0,1.0,1.0,6,4.787491742782046
Mission,37.76111,-122.4209,Entire home/apt,2,12,4.83,f,0,289,34,0.5,0.5,0.5,9,5.049856007249537
Potrero Hill,37.75539,-122.39977,Entire home/apt,2,99,4.84,t,8,59,34,0.5,0.5,1.0,7,5.111987788356544
Mission,37.76921,-122.42453,Entire home/apt,2,19,5.0,f,4,6,45,0.5,0.5,0.5,9,5.752572638825633
Castro/Upper Market,37.76702,-122.42845,Entire home/apt,2,11,4.64,t,0,319,39,0.0,0.5,1.0,6,4.634728988229636
Noe Valley,37.75469,-122.43738,Entire home/apt,4,147,4.96,t,8,11,41,0.5,0.25,0.5,21,5.5053315359323625
Crocker Amazon,37.70911,-122.44886,Private room,1,3,5.0,f,18,353,43,1.0,2.0,1.0,12,3.784189633918261
Haight Ashbury,37.77196,-122.44437,Entire home/apt,8,56,4.93,t,3,261,62,0.375,0.3125,0.375,24,6.19644412779452
Outer Sunset,37.75039,-122.50602,Entire home/apt,5,69,4.46,f,5,89,35,0.4,0.4,0.6,17,4.948759890378168
Excelsior,37.73111,-122.41482,Private room,2,182,4.92,t,10,322,41,0.5,0.75,0.5,2,4.0943445622221
Western Addition,37.774364,-122.431107,Entire home/apt,6,33,4.88,t,0,210,28,0.5,0.16666666666666666,0.5,6,5.556828061699537
Haight Ashbury,37.771351,-122.442619,Entire home/apt,4,1,5.0,f,21,274,4,0.75,0.375,0.75,24,6.161207321695077
Inner Richmond,37.77749,-122.45892,Private room,1,105,4.67,f,1,325,23,1.0,1.0,1.0,24,3.8066624897703196
Inner Richmond,37.77781,-122.45916,Private room,1,95,4.69,f,4,329,24,1.0,1.0,1.0,24,3.970291913552122
Excelsior,37.720047566714655,-122.43056138444187,Entire home/apt,5,3,5.0,t,1,144,48,0.4,0.4,0.4,12,4.700480365792417
Western Addition,37.77441,-122.4244,Entire home/apt,4,5,5.0,f,9,152,54,0.75,0.5,0.75,6,5.049856007249537
Bernal Heights,37.73961,-122.42045,Entire home/apt,4,39,5.0,t,0,145,56,0.5,0.25,0.5,2,5.955837369464831
South of Market,37.77318,-122.40049,Entire home/apt,4,6,5.0,f,6,258,42,0.75,0.625,0.75,1,5.598421958998375
Downtown/Civic Center,37.78876,-122.41095,Entire home/apt,4,48,4.9,t,15,15,32,0.0,0.25,0.5,4,5.407171771460119
North Beach,37.79817,-122.40611,Entire home/apt,2,71,4.93,f,10,10,39,0.5,0.5,0.5,18,5.8944028342648505
Noe Valley,37.74641,-122.43008,Entire home/apt,4,49,5.0,t,4,218,60,0.5,0.25,0.5,13,6.520621127558696
Castro/Upper Market,37.76208652672626,-122.4328298142696,Entire home/apt,4,21,4.95,t,0,193,46,0.25,0.25,0.5,9,5.808142489980444
Outer Mission,37.72146,-122.44063,Private room,4,37,4.89,t,29,364,36,0.25,0.25,0.5,12,4.762173934797756
Twin Peaks,37.74671173095703,-122.4504623413086,Entire home/apt,3,121,4.85,t,16,240,51,0.3333333333333333,0.3333333333333333,0.6666666666666666,21,4.897839799950911
Noe Valley,37.75155,-122.43637,Entire home/apt,4,42,5.0,t,2,57,57,0.5,0.5,0.5,13,6.206575926724928
Potrero Hill,37.75664520263672,-122.4020767211914,Entire home/apt,4,14,5.0,t,7,106,54,0.5,0.5,0.5,7,5.634789603169249
Excelsior,37.72007272101957,-122.42696110736908,Entire home/apt,4,92,4.96,t,3,159,51,0.5,0.25,0.75,12,4.867534450455582
Visitacion Valley,37.713653564453125,-122.3997573852539,Entire home/apt,8,101,4.86,t,14,248,47,0.5,0.25,0.5,14,5.648974238161206
South of Market,37.77517,-122.40405,Private room,2,32,4.97,t,8,222,58,0.5,0.5,0.5,1,5.438079308923196
Noe Valley,37.74745559692383,-122.4314193725586,Entire home/apt,5,151,4.92,t,2,276,63,0.4,0.4,0.8,13,5.855071922202427
Haight Ashbury,37.76819,-122.45043,Private room,2,3,5.0,f,0,52,27,0.5,0.5,0.5,21,4.248495242049359
Noe Valley,37.75219,-122.42709,Entire home/apt,6,29,5.0,t,0,311,47,0.5,0.3333333333333333,0.5,13,6.461468176353717
Marina,37.8041004567482,-122.42584562301636,Entire home/apt,2,0,0.0,f,0,243,15,0.5,0.5,0.5,18,5.187385805840755
Outer Mission,37.71446,-122.44789,Entire home/apt,2,6,5.0,t,0,321,53,0.5,0.5,0.5,12,4.700480365792417
Bernal Heights,37.734196,-122.416054,Entire home/apt,2,13,4.46,t,0,208,50,0.5,0.5,0.5,2,4.762173934797756
Mission,37.76692,-122.42058,Entire home/apt,2,4,4.5,f,8,343,45,0.5,0.5,0.5,9,4.867534450455582
Castro/Upper Market,37.766647,-122.426865,Entire home/apt,4,9,5.0,t,24,342,42,0.5,0.5,0.5,9,5.857933154483459
Potrero Hill,37.76265,-122.4037,Entire home/apt,3,24,4.96,f,21,81,40,0.3333333333333333,0.3333333333333333,0.6666666666666666,7,6.056784013228625
Mission,37.75765,-122.40834,Entire home/apt,4,36,4.89,f,13,306,52,0.5,0.5,0.5,20,6.07993319509559
Mission,37.75642,-122.41032,Entire home/apt,2,12,4.17,f,19,322,43,0.5,0.5,0.5,20,5.953243334287785
Mission,37.75731,-122.41017,Entire home/apt,6,41,4.9,f,12,306,49,0.5,0.5,0.5,20,6.410174881966167
Presidio Heights,37.78807,-122.4578,Entire home/apt,6,0,0.0,f,27,362,12,0.5,0.3333333333333333,0.5,24,6.222576268071369
Castro/Upper Market,37.758947,-122.431261,Entire home/apt,4,0,0.0,f,0,102,11,0.5,0.25,0.75,13,5.655991810819852
Potrero Hill,37.75883771650277,-122.40227331273454,Entire home/apt,2,69,4.99,t,2,38,69,0.5,0.5,0.5,7,5.616771097666572
Visitacion Valley,37.7136553,-122.3997598,Entire home/apt,4,31,4.97,t,14,248,52,0.5,0.5,0.5,14,5.181783550292085
North Beach,37.8046953,-122.4121586,Entire home/apt,5,9,5.0,t,0,242,69,0.4,0.4,0.4,18,5.342334251964811
Marina,37.80115,-122.43626,Private room,6,5,4.4,f,29,364,20,0.3333333333333333,0.16666666666666666,0.5,3,5.823045895483019
Pacific Heights,37.79691,-122.42685,Entire home/apt,7,12,5.0,f,0,77,50,0.5714285714285714,0.35714285714285715,0.5714285714285714,10,7.578656850594762
Downtown/Civic Center,37.78746,-122.41312,Entire home/apt,2,75,4.47,f,25,296,24,0.0,0.5,0.5,4,6.906754778648554
Downtown/Civic Center,37.78901,-122.40938,Entire home/apt,4,46,4.93,t,5,37,22,0.0,0.25,0.25,4,4.9344739331306915
Western Addition,37.7886,-122.43358,Entire home/apt,2,8,5.0,t,2,255,44,0.5,0.5,0.5,3,5.0369526024136295
Glen Park,37.73841015039902,-122.42491940043718,Entire home/apt,2,18,5.0,t,6,321,50,0.5,0.5,0.5,2,5.493061443340548
Nob Hill,37.78985,-122.41383,Entire home/apt,4,1,5.0,t,26,48,21,0.25,0.25,0.25,4,5.493061443340548
Mission,37.75877,-122.42177,Entire home/apt,5,47,4.81,f,12,235,61,0.4,0.2,0.4,9,5.814130531825066
Pacific Heights,37.79364,-122.42805,Entire home/apt,2,2,5.0,t,21,263,31,0.5,0.5,0.5,10,5.342334251964811
Pacific Heights,37.79388,-122.4296,Entire home/apt,2,1,5.0,t,0,244,32,0.5,0.5,0.5,10,5.786897381366708
Noe Valley,37.75385,-122.43646,Entire home/apt,2,30,4.97,t,0,77,50,0.5,0.5,0.5,13,5.717027701406222
Inner Richmond,37.77859,-122.4664,Entire home/apt,2,112,4.98,t,4,90,37,0.5,0.5,0.5,15,4.990432586778736
North Beach,37.79863,-122.40395,Entire home/apt,2,10,4.7,t,0,220,76,0.5,0.5,0.5,18,5.10594547390058
Financial District,37.7897117,-122.3989344,Entire home/apt,4,15,5.0,t,5,164,51,0.25,0.25,0.5,1,5.318119993844216
South of Market,37.781364094775455,-122.3990772116394,Entire home/apt,2,14,5.0,t,12,318,46,0.0,0.5,0.5,1,4.709530201312334
Outer Mission,37.72747,-122.43576,Entire home/apt,2,1,5.0,f,24,359,24,0.5,0.5,0.5,5,4.51085950651685
Potrero Hill,37.75949,-122.40308,Entire home/apt,2,0,0.0,f,19,344,55,0.5,0.5,0.5,7,5.0238805208462765
West of Twin Peaks,37.73612,-122.45461,Entire home/apt,2,239,4.79,t,20,355,59,0.5,0.5,0.5,19,5.365976015021851
Bernal Heights,37.74703,-122.41887,Entire home/apt,2,20,4.9,f,6,72,60,0.5,0.75,0.5,20,5.247024072160486
Excelsior,37.71932,-122.43664,Private room,1,125,4.8,f,11,245,30,1.0,1.0,1.0,12,4.127134385045092
Outer Mission,37.73249,-122.44292,Private room,4,129,4.92,t,5,259,62,0.5,0.25,0.5,5,5.111987788356544
Outer Mission,37.71831028018746,-122.44760119652688,Private room,2,2,5.0,t,20,158,37,0.5,0.5,0.5,12,4.532599493153256
Marina,37.79795,-122.43064,Entire home/apt,12,11,4.73,f,29,358,49,0.3333333333333333,0.16666666666666666,0.4166666666666667,3,5.627621113690637
Twin Peaks,37.7502628,-122.4443883,Entire home/apt,6,2,5.0,f,26,248,70,0.3333333333333333,0.16666666666666666,0.16666666666666666,21,6.1092475827643655
Mission,37.75534,-122.424,Private room,3,203,4.98,t,9,46,52,0.3333333333333333,0.3333333333333333,0.3333333333333333,13,5.14166355650266
Inner Richmond,37.7807638,-122.4764602,Entire home/apt,9,9,4.78,f,6,341,72,0.0,0.2222222222222222,0.1111111111111111,15,5.8805329864007
Western Addition,37.77352241463323,-122.43034689429857,Private room,2,17,4.65,t,5,5,43,0.5,1.5,0.5,6,4.442651256490317
Pacific Heights,37.79469,-122.43669,Entire home/apt,4,24,4.92,f,0,208,48,0.5,0.25,0.5,3,5.501258210544727
Castro/Upper Market,37.7588133,-122.4320595,Entire home/apt,2,4,4.25,f,0,334,51,0.5,0.5,0.5,13,5.811140992976701
Downtown/Civic Center,37.78726,-122.40924,Entire home/apt,4,9,5.0,t,3,3,19,0.0,0.25,0.5,4,5.043425116919247
Visitacion Valley,37.71539,-122.40293,Entire home/apt,2,130,4.91,t,20,78,34,0.0,0.5,0.5,14,4.584967478670572
South of Market,37.78563,-122.39634,Entire home/apt,3,12,4.67,f,1,336,45,0.3333333333333333,0.3333333333333333,0.3333333333333333,1,5.123963979403259
Castro/Upper Market,37.76285,-122.43337,Entire home/apt,2,140,4.97,t,12,163,42,0.5,0.5,0.5,6,5.971261839790462
Mission,37.75428,-122.4168,Entire home/apt,2,26,4.88,f,0,252,50,0.5,0.5,0.5,20,5.517452896464707
Outer Sunset,37.75962,-122.49753,Entire home/apt,6,25,4.96,t,7,88,62,0.5,0.5,0.6666666666666666,17,6.651571873589727
South of Market,37.78125,-122.40854,Entire home/apt,2,0,0.0,f,30,365,34,0.5,0.5,0.5,4,4.875197323201151
North Beach,37.8043609,-122.4040744,Entire home/apt,5,0,0.0,f,30,90,15,0.4,0.5,0.4,18,5.713732805509369
Haight Ashbury,37.77476,-122.44305,Entire home/apt,4,12,4.67,f,0,316,53,0.25,0.375,0.5,24,5.0106352940962555
Nob Hill,37.79512,-122.4182,Entire home/apt,5,12,4.92,f,12,146,55,0.6,0.2,0.6,10,6.322565239927284
Outer Mission,37.71653,-122.44396,Entire home/apt,3,218,4.9,t,9,116,67,0.3333333333333333,0.3333333333333333,0.3333333333333333,12,4.787491742782046
Downtown/Civic Center,37.7889904,-122.4127915,Entire home/apt,4,2,5.0,f,0,180,24,0.25,0.25,0.5,4,5.703782474656201
Downtown/Civic Center,37.78413,-122.41046,Entire home/apt,3,10,5.0,t,0,239,40,0.3333333333333333,0.3333333333333333,0.3333333333333333,4,4.836281906951478
Mission,37.7557622,-122.419807,Private room,1,8,5.0,f,13,324,27,1.0,1.0,1.0,9,4.795790545596741
North Beach,37.79839,-122.4066,Private room,2,6,5.0,t,10,102,64,0.5,0.5,0.5,18,4.248495242049359
Nob Hill,37.79343,-122.41323,Entire home/apt,4,42,5.0,t,5,304,63,0.25,0.25,0.5,4,5.805134968916488
Noe Valley,37.74533,-122.42489,Entire home/apt,6,5,5.0,t,14,158,13,0.5,0.3333333333333333,0.5,13,5.375278407684165
Marina,37.79856348424222,-122.44106841832466,Shared room,1,91,4.52,f,30,122,15,1.0,1.5,16.0,3,4.060443010546419
Bayview,37.73387,-122.38453,Entire home/apt,2,42,4.74,t,24,147,64,0.5,0.5,0.5,14,5.389071729816501
Bernal Heights,37.7410636,-122.4201252,Entire home/apt,2,146,4.97,t,9,235,29,0.5,0.5,0.5,2,4.890349128221754
Pacific Heights,37.79572,-122.43317,Entire home/apt,2,11,4.91,t,3,307,37,0.5,0.5,0.5,3,4.983606621708336
Crocker Amazon,37.71311,-122.43457,Private room,2,130,4.72,t,6,227,15,0.5,0.5,0.5,12,4.189654742026425
Inner Richmond,37.781926,-122.471538,Entire home/apt,8,8,4.75,f,30,269,73,0.0,0.375,0.125,15,5.749392985908253
Financial District,37.79006,-122.39991,Private room,2,0,0.0,f,30,365,1,0.5,0.5,0.5,1,5.521460917862246
Parkside,37.74479,-122.47421,Entire home/apt,5,114,4.93,t,12,301,45,0.4,0.2,0.6,22,5.293304824724492
Marina,37.80043,-122.43431,Private room,1,9,4.78,t,25,360,17,1.0,1.0,1.0,3,4.127134385045092
Mission,37.75564,-122.41391,Entire home/apt,5,51,5.0,t,10,154,52,0.6,0.5,0.6,20,6.447305862541213
Russian Hill,37.79934,-122.41432,Entire home/apt,3,9,5.0,f,0,92,64,0.3333333333333333,0.3333333333333333,0.6666666666666666,18,5.616771097666572
Downtown/Civic Center,37.78976,-122.4116,Entire home/apt,4,0,0.0,f,0,180,24,0.25,0.25,0.5,4,5.857933154483459
Downtown/Civic Center,37.78795,-122.41346,Entire home/apt,4,0,0.0,f,0,180,22,0.25,0.25,0.5,4,6.1092475827643655
South of Market,37.78754,-122.39039,Entire home/apt,1,10,5.0,t,0,252,33,0.0,1.0,1.0,1,5.170483995038151
Castro/Upper Market,37.76396,-122.43018,Private room,2,0,0.0,f,0,258,40,0.5,0.5,0.5,9,5.683579767338681
Castro/Upper Market,37.76426,-122.42982,Private room,2,0,0.0,f,2,334,36,0.5,0.5,0.5,9,5.5909869805108565
Downtown/Civic Center,37.78834,-122.41394,Entire home/apt,4,1,5.0,f,0,180,24,0.25,0.25,0.5,4,5.991464547107982
Western Addition,37.7798299,-122.436538,Entire home/apt,6,63,5.0,t,2,12,58,0.5,0.3333333333333333,0.5,6,6.532334292222349
Downtown/Civic Center,37.7889904,-122.4127915,Entire home/apt,4,4,5.0,f,0,180,22,0.25,0.25,0.5,4,5.857933154483459
Western Addition,37.77312,-122.43689,Entire home/apt,2,156,4.92,f,5,130,49,0.5,0.5,0.5,6,5.605802066295998
Outer Richmond,37.77686,-122.48202,Entire home/apt,2,0,0.0,f,0,326,12,1.0,0.5,0.5,15,5.049856007249537
Western Addition,37.78990594944408,-122.42436473309346,Entire home/apt,2,3,5.0,f,1,336,43,0.5,0.5,0.5,10,4.700480365792417
Glen Park,37.73864,-122.42966,Entire home/apt,2,12,4.67,f,0,309,46,0.5,0.5,0.5,2,5.4638318050256105
Mission,37.77063,-122.42307,Private room,2,54,4.93,t,15,345,48,0.5,0.5,0.5,9,4.812184355372417
Bayview,37.7374,-122.39508,Entire home/apt,5,96,4.66,f,17,165,28,0.2,0.2,0.4,14,4.394449154672439
Downtown/Civic Center,37.7866,-122.41561,Private room,2,89,4.57,f,18,346,18,0.5,0.5,0.5,4,4.290459441148391
Visitacion Valley,37.71459,-122.40282,Entire home/apt,5,125,4.92,t,0,58,54,0.4,0.2,0.6,14,5.187385805840755
Downtown/Civic Center,37.78506,-122.41398,Private room,2,63,4.65,f,22,256,18,0.5,0.25,0.5,4,4.330733340286331
Castro/Upper Market,37.7625,-122.44337,Entire home/apt,3,24,5.0,f,0,305,71,0.6666666666666666,0.3333333333333333,0.6666666666666666,21,5.111987788356544
Inner Richmond,37.779,-122.46882,Entire home/apt,16,53,4.96,f,23,332,78,0.3125,0.125,0.5,15,7.53689712956617
Nob Hill,37.7937084,-122.4191336,Private room,2,1,5.0,f,22,335,9,0.5,0.5,1.0,10,4.454347296253507
Castro/Upper Market,37.7676121,-122.4312108,Entire home/apt,4,1,3.0,f,0,244,28,0.75,0.25,0.75,6,5.293304824724492
Mission,37.7528,-122.41415,Private room,2,102,4.83,t,4,224,42,0.5,0.5,0.5,20,4.465908118654584
Downtown/Civic Center,37.78666,-122.4148,Private room,2,58,4.41,f,13,236,20,0.5,0.5,0.5,4,4.30406509320417
Downtown/Civic Center,37.7863,-122.41617,Private room,2,32,4.69,f,4,236,18,0.5,0.5,0.5,4,4.356708826689592
Downtown/Civic Center,37.78621,-122.41422,Private room,2,37,4.73,f,0,148,14,0.5,0.5,0.5,4,4.2626798770413155
Downtown/Civic Center,37.78525,-122.41598,Private room,2,99,4.68,f,20,250,14,0.5,0.5,0.5,4,4.356708826689592
Downtown/Civic Center,37.7859,-122.41612,Private room,2,90,4.52,f,17,252,16,0.5,0.5,0.5,4,4.394449154672439
Outer Richmond,37.77668,-122.47978,Private room,1,13,4.85,f,2,322,29,1.0,1.0,1.0,15,3.9889840465642745
Western Addition,37.77521,-122.42676,Entire home/apt,6,1,4.0,f,0,274,17,0.5,0.3333333333333333,0.0,6,5.8377304471659395
Mission,37.75774,-122.40944,Entire home/apt,4,9,5.0,t,3,261,22,0.5,0.25,0.75,20,4.927253685157205
Downtown/Civic Center,37.78713,-122.40972,Entire home/apt,2,4,5.0,t,0,3,21,0.0,0.5,0.5,4,4.844187086458591
Downtown/Civic Center,37.7885,-122.41112,Entire home/apt,2,1,5.0,t,0,3,21,0.0,0.5,0.5,4,4.605170185988092
Western Addition,37.77746489999999,-122.44257861534425,Entire home/apt,4,44,4.89,t,7,7,67,0.75,0.5,0.5,24,5.860786223465865
Pacific Heights,37.79301,-122.42532,Entire home/apt,2,14,4.93,t,0,63,36,0.5,0.5,0.5,10,5.135798437050262
Visitacion Valley,37.71582,-122.43144,Entire home/apt,4,253,4.83,t,1,84,55,0.5,0.25,1.0,12,4.820281565605037
Haight Ashbury,37.765819,-122.452055,Entire home/apt,8,9,5.0,t,0,315,54,0.625,0.4375,0.625,21,5.8916442118257715
Parkside,37.74213,-122.48464,Entire home/apt,2,29,5.0,t,17,257,62,0.5,0.5,1.0,22,4.955827057601261
Downtown/Civic Center,37.78784,-122.41249,Entire home/apt,4,1,5.0,f,0,180,21,0.25,0.25,0.5,4,5.857933154483459
Outer Richmond,37.78562,-122.48218,Entire home/apt,4,21,4.9,t,30,365,50,0.5,0.25,0.75,15,5.552959584921617
Haight Ashbury,37.77141,-122.43873,Entire home/apt,2,0,0.0,f,0,332,46,1.0,0.5,0.5,6,5.68697535633982
Mission,37.7503,-122.40885,Entire home/apt,3,7,5.0,f,4,13,7,0.0,0.3333333333333333,0.0,20,4.6443908991413725
Mission,37.75085,-122.41199,Entire home/apt,4,2,5.0,f,0,281,26,0.5,0.5,0.5,20,5.389071729816501
Pacific Heights,37.796021,-122.431109,Entire home/apt,2,29,4.9,f,0,290,42,0.5,0.5,0.0,3,5.703782474656201
Downtown/Civic Center,37.7895,-122.40912,Entire home/apt,2,2,5.0,t,0,324,61,0.5,0.5,0.5,4,5.545177444479562
Castro/Upper Market,37.7572064947949,-122.43173215538263,Entire home/apt,2,151,4.99,t,1,112,41,0.0,0.5,0.5,13,5.313205979041787
Haight Ashbury,37.7708767,-122.4412783,Entire home/apt,8,140,4.98,t,8,256,54,0.375,0.25,0.375,6,6.257667587882639
Parkside,37.74628,-122.47864,Entire home/apt,6,152,4.97,t,6,330,55,0.3333333333333333,0.3333333333333333,0.5,22,5.497168225293202
Bayview,37.7316,-122.38963,Entire home/apt,4,29,4.76,t,9,313,44,0.25,0.25,0.5,14,5.0238805208462765
Castro/Upper Market,37.76427,-122.43042,Private room,2,0,0.0,f,5,317,32,0.5,0.0,0.5,9,5.37989735354046
Castro/Upper Market,37.76217,-122.43011,Private room,2,0,0.0,f,1,284,7,0.5,0.0,0.5,9,5.2574953720277815
Downtown/Civic Center,37.7885,-122.41395,Entire home/apt,4,0,0.0,f,0,180,24,0.25,0.25,0.5,4,5.991464547107982
Outer Sunset,37.7548113,-122.4902623,Entire home/apt,6,151,4.87,t,19,291,61,0.5,0.25,0.5,17,5.805134968916488
South of Market,37.77559,-122.40242,Entire home/apt,2,130,4.86,f,6,268,55,0.5,0.5,0.5,1,5.198497031265826
Mission,37.76273,-122.42096,Entire home/apt,6,57,4.86,f,29,179,59,0.5,0.25,0.5,9,5.488937726156687
Western Addition,37.78167,-122.42799,Entire home/apt,4,1,3.0,f,27,362,54,0.75,0.625,1.0,10,5.521460917862246
Downtown/Civic Center,37.78693,-122.40923,Private room,4,21,4.95,t,16,16,33,0.0,0.25,0.5,4,5.407171771460119
Nob Hill,37.79132,-122.40963,Entire home/apt,2,4,5.0,t,1,336,59,0.5,0.5,0.5,4,5.739792912179234
Nob Hill,37.79149,-122.41101,Entire home/apt,2,4,5.0,t,4,287,57,0.0,0.5,0.5,4,5.442417710521793
South of Market,37.78736,-122.3931,Entire home/apt,2,5,4.8,t,1,326,65,0.5,0.5,0.5,1,5.5093883366279774
Downtown/Civic Center,37.78782111917117,-122.41249017366025,Private room,4,12,4.83,t,5,5,37,0.0,0.25,0.5,4,5.857933154483459
Mission,37.75133,-122.41772,Entire home/apt,8,3,5.0,f,0,304,55,0.5,0.375,0.5,20,5.3706380281276624
Mission,37.769574,-122.423358,Entire home/apt,2,0,0.0,f,0,243,25,0.5,0.5,0.5,9,4.74493212836325
Outer Richmond,37.78456,-122.48197,Private room,1,5,4.8,t,0,315,20,1.0,1.0,1.0,15,4.007333185232471
Mission,37.76887,-122.4204,Entire home/apt,4,3,4.67,f,30,365,47,0.5,0.5,0.5,9,5.214935757608986
Russian Hill,37.7996962,-122.4233745,Entire home/apt,4,6,5.0,t,0,259,29,0.5,0.5,0.5,10,5.991464547107982
West of Twin Peaks,37.73372,-122.45778,Entire home/apt,4,121,4.83,f,19,338,37,0.5,0.5,0.5,19,5.5093883366279774
Marina,37.798849,-122.435102,Entire home/apt,8,1,5.0,f,0,335,72,0.375,0.375,0.375,3,6.977281341630747
Excelsior,37.73263412511267,-122.4069374456388,Private room,2,16,4.69,f,8,343,38,0.5,0.5,0.5,14,3.970291913552122
Western Addition,37.77335,-122.43632,Entire home/apt,2,0,0.0,f,30,365,48,0.5,0.5,0.5,6,5.1647859739235145
Parkside,37.73916,-122.48015,Private room,4,97,4.9,t,11,238,31,0.25,0.25,0.5,22,4.59511985013459
South of Market,37.78676,-122.39298,Entire home/apt,2,2,5.0,t,20,355,67,0.5,0.5,0.5,1,5.484796933490655
Noe Valley,37.74980682161057,-122.43476559080732,Entire home/apt,2,10,4.7,f,0,0,37,0.5,0.5,0.5,13,5.332718793265369
Mission,37.76631,-122.42099,Entire home/apt,2,3,5.0,t,4,175,60,0.5,0.5,0.5,9,5.484796933490655
Mission,37.7676,-122.4212,Entire home/apt,2,2,5.0,t,1,188,60,0.5,0.5,0.5,9,5.1647859739235145
South of Market,37.77527,-122.39084,Entire home/apt,2,3,4.0,t,5,258,71,0.5,0.5,0.5,1,5.5909869805108565
South of Market,37.77527,-122.39025,Entire home/apt,2,5,4.8,t,0,294,72,0.5,0.5,0.5,1,5.493061443340548
Twin Peaks,37.75634,-122.44542,Entire home/apt,4,0,0.0,f,28,363,50,0.5,0.5,0.25,21,5.517452896464707
Pacific Heights,37.79231,-122.42923,Entire home/apt,4,91,4.9,t,8,170,37,0.0,0.25,0.5,10,5.605802066295998
Excelsior,37.72879,-122.40841,Entire home/apt,2,169,4.86,t,6,224,42,0.5,0.5,0.5,14,4.394449154672439
Mission,37.76619,-122.41875,Private room,1,0,0.0,t,0,335,42,1.0,1.5,1.0,9,5.0106352940962555
Haight Ashbury,37.7736174,-122.445814,Entire home/apt,9,0,0.0,f,28,363,49,0.4444444444444444,0.2222222222222222,0.4444444444444444,24,6.198478716492308
Inner Richmond,37.78002,-122.45598,Entire home/apt,2,75,4.99,t,6,131,46,0.5,0.5,1.0,24,5.568344503761097
Western Addition,37.78596,-122.43052,Entire home/apt,2,245,4.95,t,3,195,45,0.0,0.5,0.5,10,5.087596335232384
Mission,37.761,-122.42153,Entire home/apt,6,35,4.6,f,18,280,54,0.3333333333333333,0.3333333333333333,0.3333333333333333,9,6.180016653652572
Bayview,37.73577,-122.38841,Entire home/apt,2,15,4.93,t,16,238,53,0.5,0.5,0.5,14,4.74493212836325
Noe Valley,37.75218,-122.442,Private room,1,2,5.0,t,0,58,44,1.0,2.0,1.0,21,5.303304908059076
South of Market,37.78777,-122.39138,Entire home/apt,2,3,5.0,t,1,101,71,0.5,0.5,0.5,1,5.517452896464707
Russian Hill,37.79979,-122.4162,Entire home/apt,6,73,5.0,t,24,55,46,0.5,0.16666666666666666,0.5,18,5.703782474656201
Haight Ashbury,37.77128825058147,-122.44765017914386,Entire home/apt,4,17,4.76,t,7,286,33,0.5,0.25,0.5,24,5.170483995038151
Russian Hill,37.79791,-122.4161,Entire home/apt,4,4,5.0,f,0,274,31,0.5,0.5,0.5,18,5.521460917862246
Downtown/Civic Center,37.78691,-122.41117,Entire home/apt,4,4,5.0,t,16,16,19,0.0,0.25,0.5,4,5.407171771460119
Chinatown,37.79086,-122.4079,Entire home/apt,2,4,4.75,t,15,68,31,0.5,0.5,0.5,4,5.313205979041787
Bayview,37.7361644,-122.3971599,Private room,2,61,4.7,f,11,218,49,0.5,0.75,1.0,14,4.143134726391533
Parkside,37.74583,-122.47408,Entire home/apt,6,109,4.97,t,7,294,60,0.5,0.3333333333333333,0.6666666666666666,22,6.0844994130751715
Visitacion Valley,37.7169791,-122.4077305,Entire home/apt,4,155,4.9,t,13,145,59,0.5,0.5,0.75,14,5.181783550292085
Lakeshore,37.7342,-122.47605,Entire home/apt,5,149,4.75,t,10,143,35,0.4,0.4,0.6,22,5.0369526024136295
Mission,37.74917,-122.417,Entire home/apt,11,8,4.75,f,9,219,60,0.6363636363636364,0.45454545454545453,0.6363636363636364,20,5.886104031450156
Mission,37.7664,-122.41904,Entire home/apt,4,5,4.8,f,0,335,58,0.75,0.5,0.75,9,5.293304824724492
Downtown/Civic Center,37.7888,-122.4094,Entire home/apt,4,14,4.86,t,16,16,34,0.0,0.25,1.0,4,5.407171771460119
Castro/Upper Market,37.75812,-122.44062,Entire home/apt,4,42,5.0,t,6,6,55,0.5,0.25,0.5,21,6.1092475827643655
Marina,37.8009,-122.43272,Private room,1,8,4.75,t,0,319,17,1.0,1.0,1.0,3,4.127134385045092
Mission,37.75602,-122.42086,Entire home/apt,2,1,5.0,f,5,276,60,1.0,1.0,1.0,9,5.703782474656201
West of Twin Peaks,37.72863,-122.46534,Entire home/apt,4,84,4.54,f,13,161,25,0.5,0.25,0.75,19,4.962844630259907
Outer Sunset,37.753,-122.49546,Private room,2,205,4.94,t,7,127,67,0.5,0.5,0.5,17,4.394449154672439
Mission,37.75144,-122.40487,Entire home/apt,10,0,0.0,f,13,348,49,0.4,0.2,0.4,20,5.583496308781699
Nob Hill,37.79228,-122.41769,Entire home/apt,4,44,4.93,f,0,10,47,0.5,0.25,0.5,10,5.991464547107982
Parkside,37.74351,-122.47472,Private room,2,12,4.92,t,8,343,46,0.5,0.5,0.5,22,4.634728988229636
Downtown/Civic Center,37.7878653,-122.4104163,Entire home/apt,4,2,5.0,t,0,305,17,0.25,0.25,0.5,4,5.645446897643238
Mission,37.760314302701104,-122.42100975629918,Entire home/apt,2,0,0.0,f,0,304,10,0.5,0.5,1.0,9,4.584967478670572
Excelsior,37.72652,-122.42726,Private room,1,4,4.5,f,14,349,58,1.0,1.0,1.0,2,3.9889840465642745
South of Market,37.78598,-122.3953,Entire home/apt,3,6,5.0,t,0,253,53,0.6666666666666666,0.3333333333333333,0.6666666666666666,1,5.214935757608986
Pacific Heights,37.79486,-122.42672,Entire home/apt,2,0,0.0,f,0,298,40,0.5,0.5,0.5,10,5.459585514144159
Marina,37.796578,-122.4351633,Entire home/apt,2,0,0.0,f,0,274,46,0.5,0.5,0.5,3,5.54907608489522
Outer Sunset,37.7593902,-122.5060959,Entire home/apt,7,180,4.95,t,16,241,57,0.42857142857142855,0.21428571428571427,0.5714285714285714,17,6.049733455231958
Visitacion Valley,37.71783,-122.40852,Entire home/apt,4,134,4.86,t,5,127,55,0.25,0.5,0.5,14,5.117993812416755
Castro/Upper Market,37.76071,-122.44102,Entire home/apt,5,6,5.0,t,30,90,12,0.4,0.2,0.4,21,5.886104031450156
Castro/Upper Market,37.7632546,-122.4369838,Private room,2,65,4.97,t,1,34,43,0.5,0.5,0.5,21,4.897839799950911
Noe Valley,37.7548,-122.43777,Entire home/apt,10,13,5.0,f,0,19,14,0.3,0.2,0.5,21,6.395261598115449
Mission,37.7528,-122.40448,Entire home/apt,15,0,0.0,f,26,361,50,0.4666666666666667,0.26666666666666666,0.6,20,6.3784261836515865
Downtown/Civic Center,37.7878653,-122.4104163,Entire home/apt,4,1,5.0,t,0,275,16,0.25,0.25,0.5,4,5.662960480135946
Downtown/Civic Center,37.78696,-122.41012,Entire home/apt,4,12,5.0,t,0,301,17,0.25,0.25,0.5,4,5.529429087511423
Haight Ashbury,37.77066,-122.44485,Entire home/apt,5,2,5.0,f,24,264,12,0.8,0.2,1.2,24,6.040254711277414
Nob Hill,37.79117,-122.41512,Entire home/apt,6,0,0.0,f,30,365,48,0.5,0.3333333333333333,0.5,4,5.700443573390687
Potrero Hill,37.75944,-122.38813,Entire home/apt,4,9,5.0,f,0,303,40,0.5,0.25,0.5,7,5.517452896464707
Haight Ashbury,37.77291,-122.44241,Entire home/apt,10,0,0.0,f,28,363,56,0.4,0.2,0.4,24,5.978885764901122
Parkside,37.73756,-122.47821,Entire home/apt,4,109,4.87,t,13,297,48,0.25,0.25,0.5,22,5.017279836814924
Marina,37.80092,-122.43245,Private room,1,4,5.0,t,24,359,16,1.0,1.0,1.0,3,4.060443010546419
Downtown/Civic Center,37.78742,-122.41141,Entire home/apt,4,4,4.75,t,0,304,15,0.25,0.25,0.5,4,5.605802066295998
Outer Sunset,37.76138945277447,-122.4932349656723,Entire home/apt,4,82,4.99,t,11,306,54,0.25,0.25,0.5,17,5.627621113690637
West of Twin Peaks,37.7343473963354,-122.45213702583618,Entire home/apt,2,97,4.94,t,9,9,34,0.5,0.5,0.5,19,4.430816798843313
Downtown/Civic Center,37.78817,-122.40924,Entire home/apt,4,3,5.0,t,0,320,44,0.25,0.25,0.5,4,5.652489180268651
Downtown/Civic Center,37.78877,-122.4098,Entire home/apt,4,1,5.0,t,0,322,12,0.25,0.25,0.5,4,5.645446897643238
Financial District,37.7902,-122.40581,Entire home/apt,2,14,4.57,t,19,72,31,0.5,0.5,0.5,4,5.099866427824199
Chinatown,37.79144,-122.40575,Entire home/apt,2,24,4.88,t,19,72,31,0.5,0.5,0.5,4,5.099866427824199
Outer Mission,37.71635,-122.44563,Entire home/apt,8,8,4.88,t,9,22,71,0.25,0.25,0.5,12,4.812184355372417
Glen Park,37.73942,-122.42627,Entire home/apt,2,157,4.8,f,14,219,56,0.5,0.5,0.5,2,5.062595033026967
Western Addition,37.78485,-122.42712,Entire home/apt,4,0,0.0,t,0,322,26,0.25,0.25,0.5,10,5.6131281063880705
Financial District,37.79708,-122.4008,Entire home/apt,2,0,0.0,f,30,365,12,0.5,0.5,0.5,4,6.22455842927536
Financial District,37.79839,-122.3991,Entire home/apt,2,0,0.0,f,30,365,12,0.5,0.5,0.5,4,6.263398262591624
Western Addition,37.77213999457249,-122.43042077170412,Private room,2,205,4.8,t,5,113,35,0.5,1.5,0.5,6,4.543294782270004
Parkside,37.74008,-122.48094,Entire home/apt,4,156,4.94,t,16,138,41,0.5,0.25,0.5,22,4.718498871295094
Inner Richmond,37.78123,-122.46959,Private room,2,57,4.95,t,8,252,25,0.5,0.5,0.5,15,4.77912349311153
Downtown/Civic Center,37.78882,-122.41161,Entire home/apt,4,35,5.0,t,5,31,22,0.0,0.25,0.25,4,4.9344739331306915
Noe Valley,37.74372,-122.43571,Entire home/apt,6,200,4.9,t,7,218,49,0.3333333333333333,0.16666666666666666,0.5,13,5.351858133476067
Castro/Upper Market,37.76274,-122.44492,Entire home/apt,5,23,5.0,f,14,112,67,0.6,0.5,0.6,21,5.860786223465865
Inner Richmond,37.7774708,-122.4685569,Entire home/apt,5,62,4.97,t,15,95,54,0.2,0.2,0.4,15,5.288267030694535
Inner Richmond,37.7808,-122.46961,Private room,2,105,4.93,t,2,18,30,0.5,0.5,0.5,15,4.30406509320417
Haight Ashbury,37.7739,-122.44213,Entire home/apt,16,0,0.0,f,0,243,55,0.4375,0.1875,0.4375,24,6.20455776256869
Haight Ashbury,37.77238,-122.44223,Entire home/apt,16,0,0.0,f,16,351,56,0.6875,0.3125,0.6875,24,6.796823718274855
Twin Peaks,37.75506,-122.44212,Entire home/apt,2,4,5.0,t,17,347,55,0.5,0.5,0.5,21,5.948034989180646
Crocker Amazon,37.71239,-122.44124,Entire home/apt,4,2,5.0,t,30,365,45,0.5,0.25,0.5,12,5.123963979403259
Inner Richmond,37.7812,-122.47133,Private room,2,99,4.94,t,4,62,28,0.5,0.5,0.5,15,4.276666119016055
Excelsior,37.73158,-122.40616,Private room,2,15,5.0,f,8,343,40,0.5,0.5,0.5,14,4.04305126783455
Russian Hill,37.8037535,-122.4163976,Entire home/apt,10,16,4.88,t,1,93,42,0.4,0.3,0.4,18,7.716906135298388
Glen Park,37.73742,-122.43529,Entire home/apt,2,13,5.0,t,0,272,45,0.0,0.5,0.5,5,4.804021044733257
Potrero Hill,37.76311,-122.3977,Entire home/apt,6,32,4.97,t,0,0,39,0.5,0.5,0.5,7,5.726847747587197
Excelsior,37.73235098884251,-122.40699886312596,Entire home/apt,5,56,4.68,f,8,343,41,0.4,0.2,0.6,14,5.093750200806762
Castro/Upper Market,37.76858,-122.42896,Entire home/apt,16,29,4.79,t,2,266,46,0.625,0.25,0.8125,6,7.165493475060845
Mission,37.76373,-122.41752,Entire home/apt,6,0,0.0,f,0,212,36,0.5,0.3333333333333333,0.6666666666666666,9,5.560681631015528
Inner Richmond,37.77503,-122.47453,Entire home/apt,5,43,4.98,t,15,337,48,0.6,0.4,0.6,15,6.4692503167957724
Potrero Hill,37.76115,-122.4034,Entire home/apt,2,3,5.0,f,0,235,59,0.5,0.5,0.5,7,4.709530201312334
Mission,37.7512,-122.41586,Private room,2,104,4.83,t,8,233,42,0.5,0.5,0.5,20,4.553876891600541
Mission,37.75285,-122.41397,Private room,2,117,4.85,t,9,238,43,0.5,0.5,0.5,20,4.532599493153256
Crocker Amazon,37.71047,-122.4433,Private room,2,11,4.91,t,29,269,59,0.5,0.5,0.5,12,4.189654742026425
Noe Valley,37.74344559771088,-122.42615529330762,Entire home/apt,5,37,4.97,t,0,185,56,0.4,0.2,0.6,13,6.251903883165888
Crocker Amazon,37.71228,-122.44336,Private room,2,9,4.67,t,29,364,55,0.5,0.5,0.5,12,4.189654742026425
South of Market,37.77833,-122.39121,Private room,2,13,4.85,t,23,352,14,0.5,0.5,0.5,1,5.991464547107982
Marina,37.79939,-122.42544,Private room,1,0,0.0,t,16,351,23,1.0,1.0,1.0,10,4.276666119016055
Potrero Hill,37.75973,-122.39469,Entire home/apt,8,56,4.91,f,0,243,59,0.5,0.25,0.625,7,5.978885764901122
Bayview,37.71924,-122.3975,Private room,2,7,5.0,t,30,365,58,0.5,0.75,0.5,14,4.68213122712422
Inner Richmond,37.77703,-122.47067,Entire home/apt,9,6,4.5,f,0,255,46,0.2222222222222222,0.1111111111111111,0.8888888888888888,15,5.262690188904886
Noe Valley,37.74899527610425,-122.43517214808377,Entire home/apt,6,32,4.91,t,0,244,66,0.5,0.3333333333333333,0.5,13,6.639875833826536
Inner Sunset,37.7596664,-122.4517884,Entire home/apt,6,2,5.0,f,4,263,18,0.5,0.5,1.0,21,5.926926025970411
South of Market,37.77383273902937,-122.40275315548588,Entire home/apt,4,12,5.0,t,15,230,59,0.5,0.25,0.5,1,5.971261839790462
Mission,37.74946,-122.41802,Entire home/apt,8,2,5.0,f,0,119,42,0.5,0.375,0.5,20,5.44673737166631
Excelsior,37.7181363,-122.4373349,Private room,1,104,4.88,f,3,222,23,1.0,1.0,1.0,12,3.970291913552122
Potrero Hill,37.76083297128104,-122.40279603250517,Entire home/apt,2,14,4.86,t,15,310,55,0.5,0.5,1.0,7,5.556828061699537
South of Market,37.7884,-122.39082,Entire home/apt,6,6,5.0,t,7,320,81,0.3333333333333333,0.3333333333333333,0.5,1,5.730099782973574
Downtown/Civic Center,37.7861,-122.41576,Entire home/apt,2,11,4.82,t,0,192,59,0.5,0.5,0.5,4,4.174387269895637
Mission,37.759177,-122.41668,Entire home/apt,4,9,5.0,t,0,261,40,0.5,0.5,0.5,9,5.3981627015177525
Marina,37.7967473,-122.4329161,Entire home/apt,2,4,4.5,t,0,63,26,0.5,0.75,0.5,3,5.10594547390058
Western Addition,37.78742332093579,-122.43450226132396,Private room,2,87,4.93,t,10,155,60,0.5,0.5,0.5,3,4.948759890378168
South of Market,37.78205,-122.41018,Entire home/apt,4,7,5.0,f,0,274,43,0.25,0.25,0.25,4,5.117993812416755
Downtown/Civic Center,37.78697,-122.41224,Private room,2,0,0.0,t,29,360,9,0.5,0.5,0.5,4,5.521460917862246
Inner Richmond,37.78336612231625,-122.4723984117458,Entire home/apt,12,69,4.96,t,9,325,78,0.25,0.16666666666666666,0.5,15,6.173786103901937
Outer Sunset,37.74624,-122.50517,Entire home/apt,4,118,5.0,t,9,153,38,0.5,0.25,0.5,17,5.564520407322694
Mission,37.75813,-122.40626,Entire home/apt,3,0,0.0,t,1,58,61,0.3333333333333333,0.3333333333333333,0.6666666666666666,7,5.204006687076795
Downtown/Civic Center,37.7889904,-122.4127915,Entire home/apt,4,0,0.0,t,19,337,50,0.25,0.25,0.5,4,5.652489180268651
Downtown/Civic Center,37.7889904,-122.4127915,Entire home/apt,4,0,0.0,t,19,337,50,0.25,0.25,0.5,4,5.652489180268651
Downtown/Civic Center,37.7889904,-122.4127915,Entire home/apt,4,2,4.0,t,19,337,50,0.25,0.25,0.5,4,5.652489180268651
Downtown/Civic Center,37.7889904,-122.4127915,Entire home/apt,4,0,0.0,t,19,337,50,0.25,0.25,0.5,4,5.652489180268651
Downtown/Civic Center,37.7889904,-122.4127915,Entire home/apt,4,0,0.0,t,19,337,50,0.25,0.25,0.5,4,5.652489180268651
Downtown/Civic Center,37.7889904,-122.4127915,Entire home/apt,4,3,5.0,t,16,334,50,0.25,0.25,0.5,4,5.652489180268651
Downtown/Civic Center,37.7889904,-122.4127915,Entire home/apt,4,0,0.0,t,19,308,50,0.25,0.25,0.5,4,5.652489180268651
Downtown/Civic Center,37.7889904,-122.4127915,Entire home/apt,4,0,0.0,t,19,308,50,0.25,0.25,0.5,4,5.652489180268651
Downtown/Civic Center,37.7889904,-122.4127915,Entire home/apt,4,1,5.0,t,19,306,50,0.25,0.25,0.5,4,5.652489180268651
Downtown/Civic Center,37.7889904,-122.4127915,Entire home/apt,4,0,0.0,t,19,308,50,0.25,0.25,0.5,4,5.652489180268651
Downtown/Civic Center,37.7889904,-122.4127915,Entire home/apt,4,5,4.8,f,19,308,49,0.25,0.25,0.5,4,5.652489180268651
Downtown/Civic Center,37.7889904,-122.4127915,Entire home/apt,4,1,5.0,t,19,308,50,0.25,0.25,0.5,4,5.652489180268651
Downtown/Civic Center,37.78899,-122.41279,Entire home/apt,4,0,0.0,t,19,308,50,0.25,0.25,0.5,4,5.652489180268651
Downtown/Civic Center,37.7889904,-122.4127915,Entire home/apt,4,0,0.0,t,19,308,50,0.25,0.25,0.5,4,5.652489180268651
Downtown/Civic Center,37.7889904,-122.4127915,Entire home/apt,4,4,5.0,t,19,308,48,0.25,0.25,0.5,4,5.75890177387728
Downtown/Civic Center,37.78899,-122.41279,Entire home/apt,6,0,0.0,t,10,283,48,0.3333333333333333,0.16666666666666666,0.5,4,5.793013608384144
Downtown/Civic Center,37.78899,-122.41279,Entire home/apt,6,0,0.0,t,10,283,48,0.3333333333333333,0.16666666666666666,0.5,4,5.793013608384144
Downtown/Civic Center,37.7889904,-122.4127915,Entire home/apt,6,0,0.0,t,10,283,48,0.3333333333333333,0.16666666666666666,0.5,4,5.793013608384144
Downtown/Civic Center,37.78899,-122.41279,Entire home/apt,6,0,0.0,t,10,283,48,0.3333333333333333,0.16666666666666666,0.5,4,5.793013608384144
Downtown/Civic Center,37.7889904,-122.4127915,Entire home/apt,6,0,0.0,t,10,283,48,0.3333333333333333,0.16666666666666666,0.5,4,5.793013608384144
Downtown/Civic Center,37.78899,-122.41279,Entire home/apt,6,0,0.0,t,10,283,48,0.3333333333333333,0.16666666666666666,0.5,4,5.793013608384144
Downtown/Civic Center,37.78899,-122.41279,Entire home/apt,6,0,0.0,t,10,283,48,0.3333333333333333,0.16666666666666666,0.5,4,5.793013608384144
Downtown/Civic Center,37.78899,-122.41279,Entire home/apt,6,0,0.0,t,10,283,48,0.3333333333333333,0.16666666666666666,0.5,4,5.793013608384144
Downtown/Civic Center,37.78899,-122.41279,Entire home/apt,6,14,5.0,t,10,281,48,0.3333333333333333,0.16666666666666666,0.5,4,5.793013608384144
Downtown/Civic Center,37.78899,-122.41279,Entire home/apt,6,0,0.0,t,10,283,48,0.3333333333333333,0.16666666666666666,0.5,4,5.793013608384144
Downtown/Civic Center,37.7889904,-122.4127915,Entire home/apt,6,2,5.0,f,10,283,48,0.3333333333333333,0.16666666666666666,0.5,4,5.886104031450156
Downtown/Civic Center,37.7889904,-122.4127915,Entire home/apt,6,15,4.93,f,10,281,48,0.3333333333333333,0.16666666666666666,0.5,4,5.886104031450156
Downtown/Civic Center,37.7889904,-122.4127915,Entire home/apt,6,0,0.0,f,10,283,48,0.3333333333333333,0.16666666666666666,0.5,4,5.886104031450156
Downtown/Civic Center,37.7889904,-122.4127915,Entire home/apt,6,0,0.0,f,10,283,48,0.3333333333333333,0.16666666666666666,0.5,4,5.886104031450156
Downtown/Civic Center,37.7889904,-122.4127915,Entire home/apt,6,0,0.0,f,10,283,48,0.3333333333333333,0.16666666666666666,0.5,4,5.886104031450156
Downtown/Civic Center,37.7889904,-122.4127915,Entire home/apt,6,0,0.0,t,7,295,52,0.5,0.3333333333333333,0.5,4,5.976350909297934
Downtown/Civic Center,37.7889904,-122.4127915,Entire home/apt,6,0,0.0,t,7,295,52,0.5,0.3333333333333333,0.5,4,5.976350909297934
Downtown/Civic Center,37.78899,-122.41279,Entire home/apt,6,1,5.0,t,7,295,52,0.5,0.3333333333333333,0.5,4,5.976350909297934
Downtown/Civic Center,37.7889904,-122.4127915,Entire home/apt,6,0,0.0,t,7,295,52,0.5,0.3333333333333333,0.5,4,5.976350909297934
Downtown/Civic Center,37.78899,-122.41279,Entire home/apt,6,8,4.75,t,7,292,52,0.5,0.3333333333333333,0.5,4,6.082218910376446
Downtown/Civic Center,37.78899,-122.41279,Entire home/apt,6,2,5.0,t,5,292,52,0.5,0.3333333333333333,0.5,4,5.976350909297934
Downtown/Civic Center,37.78899,-122.41279,Entire home/apt,6,0,0.0,t,7,295,52,0.5,0.3333333333333333,0.5,4,5.976350909297934
Downtown/Civic Center,37.7889904,-122.4127915,Entire home/apt,6,0,0.0,t,7,295,52,0.5,0.3333333333333333,0.5,4,5.976350909297934
Downtown/Civic Center,37.78899,-122.41279,Entire home/apt,6,1,3.0,t,7,295,52,0.5,0.3333333333333333,0.5,4,5.976350909297934
Downtown/Civic Center,37.78899,-122.41279,Entire home/apt,6,0,0.0,t,7,295,52,0.5,0.3333333333333333,0.5,4,5.976350909297934
Downtown/Civic Center,37.7889904,-122.4127915,Entire home/apt,6,0,0.0,f,7,295,52,0.5,0.3333333333333333,0.5,4,6.056784013228625
Downtown/Civic Center,37.7889904,-122.4127915,Entire home/apt,6,30,4.8,f,7,295,52,0.5,0.3333333333333333,0.5,4,6.056784013228625
Downtown/Civic Center,37.7889904,-122.4127915,Entire home/apt,6,1,4.0,f,7,295,52,0.5,0.3333333333333333,0.5,4,6.056784013228625
Downtown/Civic Center,37.7889904,-122.4127915,Entire home/apt,6,0,0.0,f,7,295,52,0.5,0.3333333333333333,0.5,4,6.056784013228625
Downtown/Civic Center,37.7889904,-122.4127915,Entire home/apt,6,2,5.0,f,7,295,52,0.5,0.3333333333333333,0.5,4,6.056784013228625
Bernal Heights,37.7356264,-122.4131565,Private room,1,2,5.0,f,25,265,52,1.0,1.0,1.0,2,3.970291913552122
Noe Valley,37.74259,-122.42853,Entire home/apt,4,79,4.91,t,10,106,47,0.25,0.25,0.5,13,5.389071729816501
Financial District,37.7978687,-122.4031551,Entire home/apt,3,50,4.96,t,0,176,58,0.3333333333333333,0.3333333333333333,0.6666666666666666,4,5.247024072160486
Castro/Upper Market,37.75706,-122.43767,Entire home/apt,4,3,4.67,f,18,352,47,0.5,0.25,0.5,21,4.68213122712422
Noe Valley,37.742115965640096,-122.42743003409409,Entire home/apt,10,0,0.0,f,29,364,11,0.2,0.1,0.4,13,5.1647859739235145
Mission,37.75454,-122.41208,Entire home/apt,4,4,4.25,f,0,179,38,0.5,0.25,0.75,20,4.770684624465665
Potrero Hill,37.75748163105602,-122.38998113183985,Entire home/apt,2,7,5.0,f,3,261,11,0.5,0.5,0.5,7,5.0106352940962555
North Beach,37.8002289,-122.4076054,Entire home/apt,4,23,4.96,t,0,34,48,0.25,0.25,0.5,18,5.093750200806762
North Beach,37.80043,-122.40873,Entire home/apt,4,16,4.94,f,0,34,48,0.25,0.25,0.5,18,4.770684624465665
Mission,37.75962390445428,-122.42070032442534,Entire home/apt,4,8,5.0,t,1,105,35,0.5,0.5,0.5,9,5.41610040220442
Potrero Hill,37.75036142928936,-122.4001952550858,Entire home/apt,3,2,5.0,f,0,149,61,0.6666666666666666,0.3333333333333333,0.6666666666666666,7,5.017279836814924
Outer Richmond,37.77799,-122.4829,Entire home/apt,2,302,4.91,t,5,293,58,0.5,0.5,0.5,15,4.897839799950911
Western Addition,37.78979,-122.42469,Private room,2,81,4.81,t,29,172,55,0.5,1.5,0.5,10,4.897839799950911
Western Addition,37.78974,-122.42328,Private room,2,63,4.83,t,30,115,55,0.5,1.5,0.5,10,4.955827057601261
Western Addition,37.7888364,-122.4243282,Entire home/apt,12,54,4.87,t,30,356,54,0.5,0.25,0.5,10,6.872128101338986
Western Addition,37.78797,-122.42501,Private room,2,69,4.78,t,21,156,55,0.5,1.5,0.5,10,4.68213122712422
Inner Richmond,37.78547,-122.47854,Entire home/apt,4,122,4.94,t,9,68,47,0.0,0.25,0.5,15,4.77912349311153
Western Addition,37.77514,-122.437,Entire home/apt,4,1,5.0,f,8,267,34,0.5,0.25,0.75,6,4.882801922586371
Bernal Heights,37.7472,-122.41836,Entire home/apt,6,47,4.94,t,5,76,55,0.5,0.3333333333333333,0.6666666666666666,20,5.713732805509369
Castro/Upper Market,37.76825,-122.43824,Entire home/apt,6,81,4.84,t,10,147,47,0.3333333333333333,0.16666666666666666,0.5,6,5.278114659230517
Western Addition,37.7744305,-122.4286668,Entire home/apt,4,0,0.0,f,28,363,7,0.5,0.25,0.75,6,5.521460917862246
Inner Richmond,37.77542,-122.46955,Entire home/apt,3,159,4.85,t,7,205,44,0.6666666666666666,0.3333333333333333,0.6666666666666666,15,5.0369526024136295
Outer Richmond,37.78296,-122.47899,Entire home/apt,7,35,4.74,t,2,76,17,0.42857142857142855,0.42857142857142855,0.42857142857142855,15,5.991464547107982
Mission,37.758169,-122.407173,Entire home/apt,2,96,4.78,t,0,40,37,0.5,0.5,0.5,7,4.912654885736052
Mission,37.74866,-122.42346,Entire home/apt,2,6,4.67,f,8,336,18,0.5,0.5,0.5,13,5.062595033026967
South of Market,37.7874798,-122.3905769,Entire home/apt,2,2,5.0,f,0,107,19,0.5,0.5,0.5,1,4.867534450455582
Mission,37.76637,-122.41819,Private room,1,9,4.89,t,0,183,43,1.0,1.5,1.0,9,4.219507705176107
Castro/Upper Market,37.7678124,-122.4293507,Entire home/apt,12,44,4.8,t,3,274,40,0.4166666666666667,0.16666666666666666,0.5,6,6.2766434893416445
Bernal Heights,37.74489228109915,-122.41067783543298,Entire home/apt,6,34,4.85,f,3,210,51,0.5,0.5,0.5,20,5.537334267018537
Outer Mission,37.72733144715673,-122.4460082128644,Entire home/apt,5,67,4.97,t,5,31,70,0.6,0.6,0.6,5,5.700443573390687
Castro/Upper Market,37.7678124,-122.4293507,Entire home/apt,10,34,4.85,t,3,288,43,0.5,0.2,0.6,6,6.486160788944089
Noe Valley,37.7558,-122.43257,Entire home/apt,5,12,5.0,f,0,42,16,0.6,0.4,0.6,13,6.723832440821209
Mission,37.770357678900496,-122.4223977022981,Entire home/apt,4,0,0.0,f,0,87,7,0.5,0.25,0.5,9,5.198497031265826
South of Market,37.77985695956596,-122.401656338297,Entire home/apt,6,3,5.0,t,0,86,57,0.3333333333333333,0.16666666666666666,0.5,1,5.272999558563747
Downtown/Civic Center,37.78896630667581,-122.4128319695592,Entire home/apt,4,3,4.67,t,19,57,34,0.25,0.25,0.5,4,5.501258210544727
Downtown/Civic Center,37.7892184017746,-122.41393090405523,Entire home/apt,4,6,5.0,t,2,38,30,0.25,0.25,0.5,4,5.568344503761097
Nob Hill,37.79016864702549,-122.4116302143002,Entire home/apt,4,3,5.0,t,19,57,38,0.25,0.25,0.5,4,5.8522024797744745
Downtown/Civic Center,37.78787,-122.41042,Entire home/apt,4,0,0.0,t,16,222,50,0.0,0.25,0.5,4,5.41610040220442
Downtown/Civic Center,37.78787,-122.41042,Entire home/apt,4,22,4.82,t,9,208,50,0.0,0.25,0.5,4,5.41610040220442
Downtown/Civic Center,37.78787,-122.41042,Entire home/apt,4,15,4.8,t,11,215,50,0.0,0.25,0.5,4,5.41610040220442
Downtown/Civic Center,37.78787,-122.41042,Entire home/apt,4,0,0.0,t,16,222,50,0.0,0.25,0.5,4,5.41610040220442
Downtown/Civic Center,37.78787,-122.41042,Entire home/apt,4,4,4.25,t,16,222,50,0.0,0.25,0.5,4,5.41610040220442
Downtown/Civic Center,37.78787,-122.41042,Entire home/apt,4,2,4.0,t,18,224,50,0.0,0.25,0.5,4,5.41610040220442
Downtown/Civic Center,37.78787,-122.41042,Entire home/apt,4,0,0.0,t,16,222,50,0.0,0.25,0.5,4,5.41610040220442
Downtown/Civic Center,37.78787,-122.41042,Entire home/apt,4,27,4.93,t,7,201,50,0.0,0.25,0.5,4,5.517452896464707
Downtown/Civic Center,37.78787,-122.41042,Entire home/apt,4,3,5.0,t,14,219,50,0.0,0.25,0.5,4,5.517452896464707
Downtown/Civic Center,37.78787,-122.41042,Entire home/apt,4,2,5.0,t,14,218,50,0.0,0.25,0.5,4,5.517452896464707
Downtown/Civic Center,37.7878653,-122.4104163,Entire home/apt,4,2,5.0,f,18,224,51,0.0,0.25,0.5,4,5.41610040220442
Downtown/Civic Center,37.7878653,-122.4104163,Entire home/apt,4,6,5.0,f,18,224,51,0.0,0.25,0.5,4,5.41610040220442
Downtown/Civic Center,37.7878653,-122.4104163,Entire home/apt,4,26,4.92,f,15,216,50,0.0,0.25,0.5,4,5.41610040220442
Downtown/Civic Center,37.7878653,-122.4104163,Entire home/apt,4,5,5.0,f,18,224,51,0.0,0.25,0.5,4,5.41610040220442
Downtown/Civic Center,37.7878653,-122.4104163,Entire home/apt,4,7,4.86,f,18,223,51,0.0,0.25,0.5,4,5.517452896464707
Downtown/Civic Center,37.7878653,-122.4104163,Entire home/apt,4,23,4.78,t,14,220,50,0.0,0.25,0.5,4,5.517452896464707
Downtown/Civic Center,37.7878653,-122.4104163,Entire home/apt,4,3,4.33,t,18,224,49,0.0,0.25,0.5,4,5.517452896464707
Downtown/Civic Center,37.7878653,-122.4104163,Entire home/apt,4,3,5.0,t,14,220,50,0.0,0.25,0.5,4,5.517452896464707
Downtown/Civic Center,37.7878653,-122.4104163,Entire home/apt,4,1,3.0,f,18,225,49,0.0,0.25,0.5,4,5.365976015021851
Downtown/Civic Center,37.7878653,-122.4104163,Entire home/apt,4,1,5.0,f,18,225,49,0.0,0.25,0.5,4,5.365976015021851
Downtown/Civic Center,37.7878653,-122.4104163,Entire home/apt,4,0,0.0,f,18,225,49,0.0,0.25,0.5,4,5.365976015021851
Downtown/Civic Center,37.7878653,-122.4104163,Entire home/apt,4,6,4.5,f,18,225,49,0.0,0.25,0.5,4,5.365976015021851
Downtown/Civic Center,37.7878653,-122.4104163,Entire home/apt,4,4,4.25,f,18,225,49,0.0,0.25,0.5,4,5.365976015021851
Downtown/Civic Center,37.7878653,-122.4104163,Entire home/apt,4,8,5.0,f,8,215,49,0.0,0.25,0.5,4,5.365976015021851
Downtown/Civic Center,37.7878653,-122.4104163,Entire home/apt,4,13,4.92,f,18,225,50,0.0,0.25,0.5,4,5.365976015021851
Downtown/Civic Center,37.7878653,-122.4104163,Entire home/apt,4,2,5.0,f,18,225,49,0.0,0.25,0.5,4,5.365976015021851
Downtown/Civic Center,37.7878653,-122.4104163,Entire home/apt,4,3,5.0,f,18,225,49,0.0,0.25,0.5,4,5.365976015021851
Downtown/Civic Center,37.7878653,-122.4104163,Entire home/apt,4,2,5.0,f,18,225,50,0.0,0.25,0.5,4,5.365976015021851
Downtown/Civic Center,37.7890848,-122.4129685,Entire home/apt,6,0,0.0,f,7,296,50,0.5,0.3333333333333333,0.6666666666666666,4,5.988961416889864
Downtown/Civic Center,37.7890848,-122.4129685,Entire home/apt,6,0,0.0,f,7,296,49,0.5,0.16666666666666666,0.6666666666666666,4,5.988961416889864
Downtown/Civic Center,37.7890848,-122.4129685,Entire home/apt,6,0,0.0,f,7,296,49,0.5,0.3333333333333333,0.6666666666666666,4,5.988961416889864
Downtown/Civic Center,37.7890848,-122.4129685,Entire home/apt,6,4,5.0,f,7,296,49,0.5,0.3333333333333333,0.6666666666666666,4,5.988961416889864
Downtown/Civic Center,37.7890848,-122.4129685,Entire home/apt,6,5,4.8,f,7,296,50,0.5,0.3333333333333333,0.6666666666666666,4,6.12029741895095
Downtown/Civic Center,37.7890848,-122.4129685,Entire home/apt,6,3,5.0,f,10,284,50,0.3333333333333333,0.16666666666666666,0.5,4,5.808142489980444
Downtown/Civic Center,37.7890848,-122.4129685,Entire home/apt,6,1,5.0,f,10,284,49,0.3333333333333333,0.16666666666666666,0.5,4,5.808142489980444
Downtown/Civic Center,37.7890848,-122.4129685,Entire home/apt,6,1,5.0,f,10,284,50,0.3333333333333333,0.16666666666666666,0.5,4,5.808142489980444
Downtown/Civic Center,37.7890848,-122.4129685,Entire home/apt,6,1,5.0,f,10,284,50,0.3333333333333333,0.16666666666666666,0.5,4,5.808142489980444
Downtown/Civic Center,37.7890848,-122.4129685,Entire home/apt,6,6,5.0,f,10,284,50,0.3333333333333333,0.16666666666666666,0.5,4,5.808142489980444
Downtown/Civic Center,37.7890848,-122.4129685,Entire home/apt,4,0,0.0,f,19,309,49,0.25,0.25,0.5,4,5.662960480135946
Downtown/Civic Center,37.7890848,-122.4129685,Entire home/apt,4,2,5.0,f,19,309,50,0.25,0.25,0.5,4,5.796057750765372
Downtown/Civic Center,37.7890848,-122.4129685,Entire home/apt,4,2,5.0,f,19,309,49,0.25,0.25,0.5,4,5.662960480135946
Downtown/Civic Center,37.7890848,-122.4129685,Entire home/apt,4,7,5.0,f,19,299,50,0.25,0.25,0.5,4,5.662960480135946
Downtown/Civic Center,37.7890848,-122.4129685,Entire home/apt,4,4,5.0,f,19,309,49,0.25,0.25,0.5,4,5.662960480135946
South of Market,37.7775178,-122.4050445,Entire home/apt,3,6,5.0,t,2,251,57,0.6666666666666666,0.6666666666666666,0.6666666666666666,1,5.1647859739235145
Marina,37.80085,-122.43366,Private room,1,5,4.0,t,0,304,18,1.0,1.0,1.0,3,4.127134385045092
Haight Ashbury,37.7656988,-122.4520391,Entire home/apt,2,9,5.0,t,0,317,48,1.0,0.5,2.0,21,5.181783550292085
Downtown/Civic Center,37.7862505,-122.4154684,Entire home/apt,2,0,0.0,t,0,243,46,0.5,0.5,0.5,4,5.030437921392435
North Beach,37.801543654048274,-122.40561800530698,Entire home/apt,1,8,4.75,t,3,243,40,1.0,1.0,1.0,18,5.1298987149230735
Nob Hill,37.79125767616709,-122.40985524102229,Entire home/apt,4,0,0.0,f,2,100,20,0.25,0.25,0.5,4,5.583496308781699
Chinatown,37.79057124131528,-122.40839617193824,Entire home/apt,4,0,0.0,f,2,100,20,0.25,0.25,0.5,4,5.583496308781699
Chinatown,37.79261,-122.40809,Entire home/apt,4,0,0.0,f,2,100,20,0.25,0.25,0.5,4,5.583496308781699
Chinatown,37.79230650041446,-122.408029932422,Entire home/apt,4,0,0.0,f,2,100,20,0.25,0.25,0.5,4,5.583496308781699
Nob Hill,37.7918168276165,-122.4096660095245,Entire home/apt,4,0,0.0,f,2,100,20,0.25,0.25,0.5,4,5.583496308781699
Chinatown,37.79267142799335,-122.40792496285388,Entire home/apt,4,0,0.0,f,2,100,20,0.25,0.25,0.5,4,5.583496308781699
Chinatown,37.79090719901164,-122.40788664794046,Entire home/apt,4,0,0.0,f,2,100,20,0.25,0.25,0.5,4,5.583496308781699
Chinatown,37.79250831626279,-122.40820956532473,Entire home/apt,4,0,0.0,f,0,10,20,0.25,0.25,0.5,4,5.717027701406222
Chinatown,37.79222428637281,-122.40788824861016,Entire home/apt,4,0,0.0,f,0,10,20,0.25,0.25,0.5,4,5.717027701406222
Chinatown,37.79076,-122.40825,Entire home/apt,4,0,0.0,f,0,10,20,0.25,0.25,0.5,4,5.717027701406222
Chinatown,37.79222,-122.40783,Entire home/apt,4,0,0.0,f,2,81,19,0.25,0.25,0.5,4,5.662960480135946
Nob Hill,37.79233,-122.40968,Entire home/apt,4,0,0.0,f,2,81,19,0.25,0.25,0.5,4,5.662960480135946
Chinatown,37.79037448901144,-122.407971881098,Entire home/apt,4,0,0.0,f,2,81,19,0.25,0.25,0.5,4,5.662960480135946
Chinatown,37.79247682436059,-122.40857171529082,Entire home/apt,4,0,0.0,f,2,81,19,0.25,0.25,0.5,4,5.662960480135946
Nob Hill,37.79063,-122.40915,Entire home/apt,4,0,0.0,f,2,81,19,0.25,0.25,0.5,4,5.662960480135946
Nob Hill,37.79082,-122.40971,Entire home/apt,2,0,0.0,f,0,88,20,0.0,0.5,0.5,4,5.564520407322694
Chinatown,37.79036,-122.40849,Entire home/apt,2,0,0.0,f,0,88,20,0.0,0.5,0.5,4,5.564520407322694
Chinatown,37.79045510589914,-122.40834748358472,Entire home/apt,2,0,0.0,f,0,88,20,0.0,0.5,0.5,4,5.564520407322694
Nob Hill,37.79092567712394,-122.4098534114172,Entire home/apt,2,0,0.0,f,0,88,20,0.0,0.5,0.5,4,5.564520407322694
Chinatown,37.79241218691611,-122.40910199935767,Entire home/apt,2,0,0.0,f,0,88,20,0.0,0.5,0.5,4,5.564520407322694
Nob Hill,37.79185,-122.4099,Entire home/apt,2,0,0.0,f,0,88,20,0.0,0.5,0.5,4,5.564520407322694
Nob Hill,37.79072,-122.40991,Entire home/apt,2,0,0.0,f,0,88,20,0.0,0.5,0.5,4,5.564520407322694
Nob Hill,37.792278262762416,-122.40962961868068,Entire home/apt,2,0,0.0,f,0,88,20,0.0,0.5,0.5,4,5.564520407322694
Chinatown,37.79195,-122.40781,Entire home/apt,2,0,0.0,f,0,88,20,0.0,0.5,0.5,4,5.564520407322694
Chinatown,37.79206,-122.40769,Entire home/apt,2,0,0.0,f,0,7,20,0.0,0.5,0.5,4,5.717027701406222
Chinatown,37.7924079061813,-122.4078821955508,Entire home/apt,2,0,0.0,f,0,7,20,0.0,0.5,0.5,4,5.717027701406222
Nob Hill,37.79193789596008,-122.40989835385724,Entire home/apt,2,0,0.0,f,0,7,20,0.0,0.5,0.5,4,5.717027701406222
Nob Hill,37.79074254814154,-122.40952503258974,Entire home/apt,2,0,0.0,f,0,7,20,0.0,0.5,0.5,4,5.717027701406222
Nob Hill,37.79220268082062,-122.40946426509976,Entire home/apt,4,0,0.0,f,0,7,20,0.25,0.25,0.5,4,5.717027701406222
Chinatown,37.7907007284736,-122.40828760973228,Entire home/apt,2,0,0.0,f,0,7,20,0.0,0.5,0.5,4,5.717027701406222
Nob Hill,37.79046997319745,-122.40908511110848,Entire home/apt,2,0,0.0,f,0,7,20,0.0,0.5,0.5,4,5.717027701406222
Western Addition,37.77517419511488,-122.42755065762118,Entire home/apt,2,0,0.0,f,29,364,49,0.5,0.5,0.5,6,5.19295685089021
Presidio Heights,37.78256680951928,-122.45327214425164,Entire home/apt,2,118,4.91,t,6,335,37,0.5,0.5,0.5,24,4.897839799950911
Haight Ashbury,37.767784655195264,-122.44737339472046,Entire home/apt,4,0,0.0,f,29,89,11,0.5,0.25,0.75,21,6.075346031088684
Glen Park,37.74047324803343,-122.42988806253996,Entire home/apt,2,9,4.89,f,1,336,51,0.5,0.5,0.5,13,4.867534450455582
Noe Valley,37.74509100160759,-122.4288071374871,Entire home/apt,6,0,0.0,f,0,80,62,0.5,0.5,0.8333333333333334,13,6.1092475827643655
West of Twin Peaks,37.73025632381171,-122.46523138624292,Entire home/apt,5,4,5.0,f,0,174,56,0.6,0.4,0.6,19,6.194405391104672
Western Addition,37.78946,-122.42328,Entire home/apt,2,6,5.0,t,0,124,52,0.5,0.5,0.5,10,6.698268054115413
Noe Valley,37.74825,-122.43344,Entire home/apt,2,167,4.98,t,4,205,47,0.5,0.5,0.5,13,5.25227342804663
Mission,37.76792,-122.42426,Private room,1,11,5.0,t,4,133,32,1.0,1.0,1.0,9,3.9889840465642745
Marina,37.80393,-122.44318,Entire home/apt,3,8,5.0,t,1,246,51,0.6666666666666666,0.6666666666666666,0.6666666666666666,3,5.655991810819852
Bernal Heights,37.7329675988778,-122.42413907032044,Entire home/apt,4,1,5.0,f,29,364,53,0.5,0.25,0.5,2,5.521460917862246
Castro/Upper Market,37.7630602198936,-122.432023,Entire home/apt,2,65,4.78,f,17,341,44,0.5,0.5,0.5,9,5.4638318050256105
Pacific Heights,37.79122218965717,-122.43166837444411,Entire home/apt,4,5,5.0,f,0,161,69,0.75,0.625,0.75,10,7.1592919047975645
Nob Hill,37.78887548527423,-122.42012139346105,Entire home/apt,2,6,5.0,f,0,334,17,0.5,0.5,0.5,10,5.298317366548036
Mission,37.74949,-122.42447,Entire home/apt,3,49,4.71,f,7,18,46,0.3333333333333333,0.3333333333333333,0.6666666666666666,13,5.19295685089021
Russian Hill,37.80659816374075,-122.42136367678108,Entire home/apt,6,3,5.0,t,9,9,30,0.3333333333333333,0.3333333333333333,0.5,18,5.602118820879701
Bernal Heights,37.73988,-122.41995,Entire home/apt,3,0,0.0,t,0,335,10,0.6666666666666666,0.3333333333333333,0.6666666666666666,2,5.081404364984463
Western Addition,37.78,-122.43868,Private room,1,4,5.0,f,1,336,34,1.0,1.0,1.0,24,3.912023005428146
Noe Valley,37.7498726,-122.4392861,Entire home/apt,4,81,4.89,t,8,235,53,0.25,0.25,1.0,13,5.0106352940962555
Outer Mission,37.72499511815526,-122.44242811702136,Entire home/apt,4,38,4.95,f,9,57,63,0.5,0.25,0.75,5,5.583496308781699
Crocker Amazon,37.71144225342755,-122.43552673799373,Entire home/apt,4,60,5.0,t,10,224,25,0.5,0.375,0.5,12,5.181783550292085
Bernal Heights,37.74615,-122.41787,Entire home/apt,5,1,5.0,t,0,335,69,0.6,0.4,0.6,20,5.517452896464707
Outer Mission,37.73045656144466,-122.44611192181571,Entire home/apt,5,7,5.0,f,0,116,22,0.6,0.4,0.8,5,5.176149732573829
Noe Valley,37.749444,-122.440979,Entire home/apt,3,112,4.96,t,9,314,58,0.3333333333333333,0.3333333333333333,0.3333333333333333,21,5.342334251964811
Visitacion Valley,37.716221,-122.402887,Entire home/apt,8,135,4.96,t,10,135,50,0.375,0.375,0.5,14,5.402677381872279
Russian Hill,37.80576,-122.42377,Entire home/apt,6,4,5.0,f,29,364,53,0.3333333333333333,0.5,0.3333333333333333,18,6.984716320118266
Nob Hill,37.7916,-122.41023,Entire home/apt,3,0,0.0,f,28,268,22,0.3333333333333333,0.3333333333333333,0.3333333333333333,4,5.298317366548036
Chinatown,37.7936297577062,-122.40859349305951,Entire home/apt,5,0,0.0,t,11,78,39,0.4,0.2,0.6,4,5.488937726156687
Downtown/Civic Center,37.7882,-122.414,Entire home/apt,6,35,4.4,f,16,197,46,0.16666666666666666,0.16666666666666666,0.5,4,5.272999558563747
Parkside,37.73764080450728,-122.47840734244087,Private room,2,67,4.85,f,16,60,29,0.5,0.5,0.5,22,4.343805421853684
North Beach,37.80178,-122.40492,Private room,2,0,0.0,f,28,363,39,1.0,0.5,1.0,18,6.4967749901858625
South of Market,37.7880767,-122.3896032,Entire home/apt,3,5,5.0,f,0,318,40,0.3333333333333333,0.3333333333333333,0.6666666666666666,1,6.396929655216146
Twin Peaks,37.7552186,-122.4542653,Entire home/apt,5,144,4.98,f,3,183,60,0.4,0.2,0.6,21,5.075173815233827
Visitacion Valley,37.71877,-122.40267,Entire home/apt,4,79,4.87,t,12,158,59,0.5,0.25,0.5,14,5.017279836814924
Downtown/Civic Center,37.788475165564336,-122.41950624773784,Entire home/apt,4,41,4.9,f,0,228,84,0.5,0.5,0.5,10,5.726847747587197
Outer Mission,37.73013419999999,-122.4438265,Entire home/apt,6,70,4.97,t,20,246,44,0.5,0.16666666666666666,0.5,5,5.455321115357702
Western Addition,37.786834,-122.4246657,Private room,2,27,4.89,t,19,259,47,0.5,0.5,0.5,10,4.962844630259907
Mission,37.76660626484894,-122.42065656213347,Entire home/apt,4,1,5.0,f,30,365,54,0.5,0.5,0.5,9,5.187385805840755
Western Addition,37.78727,-122.42359,Private room,2,29,4.93,t,10,336,41,0.5,0.5,0.5,10,4.736198448394496
Outer Mission,37.7156,-122.44327,Entire home/apt,9,101,4.51,f,20,154,40,0.3333333333333333,0.2222222222222222,0.5555555555555556,12,4.983606621708336
Western Addition,37.78269348478221,-122.42864301707246,Entire home/apt,2,0,0.0,f,30,365,3,0.5,0.5,0.5,10,6.253828811575473
Twin Peaks,37.75776,-122.44626,Entire home/apt,2,4,5.0,f,0,96,43,0.5,0.5,0.5,21,5.459585514144159
Mission,37.75114,-122.41224,Entire home/apt,4,5,5.0,t,2,268,36,0.5,0.25,0.5,20,5.135798437050262
Downtown/Civic Center,37.78535,-122.4175,Entire home/apt,2,6,4.17,f,24,359,49,0.5,0.5,0.5,10,4.919980925828125
Chinatown,37.79081,-122.40825,Entire home/apt,2,23,4.78,t,0,33,44,0.5,0.5,0.5,4,5.3706380281276624
Nob Hill,37.79267767608896,-122.40931704487176,Entire home/apt,4,89,4.96,t,3,9,44,0.25,0.25,0.5,4,5.66988092298052
Bernal Heights,37.7469687,-122.41364752513122,Private room,2,20,4.95,t,20,170,70,0.5,0.75,0.5,20,4.672828834461906
Bayview,37.735871578692816,-122.40031010967492,Private room,3,172,4.88,t,4,226,44,0.3333333333333333,0.3333333333333333,0.6666666666666666,14,4.174387269895637
Bayview,37.7350133,-122.3998978,Private room,2,116,4.87,t,3,225,39,0.5,0.5,0.5,14,4.02535169073515
Mission,37.76034,-122.41707,Entire home/apt,5,5,4.8,t,0,241,55,0.4,0.2,0.4,9,5.293304824724492
Twin Peaks,37.7555489,-122.4435169,Entire home/apt,2,99,4.93,t,6,218,50,0.0,0.5,0.5,21,4.9344739331306915
Bernal Heights,37.74124,-122.41455,Entire home/apt,2,152,4.98,t,8,291,48,0.5,0.5,0.5,2,4.844187086458591
Downtown/Civic Center,37.78735429877994,-122.4143122494362,Entire home/apt,2,72,4.85,t,1,273,54,0.5,0.5,0.5,4,5.402677381872279
Bernal Heights,37.746955974709465,-122.4136797116394,Entire home/apt,8,18,4.78,t,16,345,72,0.5,0.1875,0.625,20,6.418364935936212
Chinatown,37.7905509,-122.4069285,Entire home/apt,2,12,5.0,f,13,64,11,0.5,0.5,0.5,4,5.135798437050262
Outer Sunset,37.76175422901465,-122.4999026878357,Entire home/apt,3,78,4.91,t,8,60,44,0.3333333333333333,0.3333333333333333,0.3333333333333333,17,5.0106352940962555
Bayview,37.73594565537704,-122.3995529813489,Private room,2,138,4.93,t,13,150,41,0.5,0.5,0.5,14,4.127134385045092
Western Addition,37.76949,-122.43076,Private room,2,196,4.94,t,8,322,48,0.5,1.25,0.5,6,4.406719247264253
Potrero Hill,37.75546591232167,-122.3995820000946,Entire home/apt,6,22,4.86,t,27,53,69,0.3333333333333333,0.3333333333333333,0.5,7,6.246106765481563
Mission,37.76646,-122.41827,Private room,1,1,5.0,t,29,364,42,1.0,1.5,1.0,9,5.0238805208462765
Russian Hill,37.80451,-122.42265,Entire home/apt,6,11,5.0,t,21,47,51,0.3333333333333333,0.3333333333333333,0.5,18,6.818924065275521
Western Addition,37.7715714868979,-122.43053999652108,Private room,2,148,4.97,t,16,328,50,0.5,0.5,0.5,6,4.499809670330265
Ocean View,37.7204,-122.44803,Private room,2,3,5.0,t,0,141,37,0.5,0.5,0.5,12,4.477336814478207
Western Addition,37.76998,-122.429,Private room,2,232,4.89,t,22,343,50,0.5,1.25,0.5,6,4.356708826689592
Presidio Heights,37.78972939206987,-122.44954937421711,Entire home/apt,2,98,5.0,t,1,106,49,0.5,0.5,0.5,24,5.793013608384144
Presidio,37.79659121783463,-122.44718270570492,Entire home/apt,3,63,4.83,t,11,336,42,0.0,0.3333333333333333,0.6666666666666666,3,5.318119993844216
Castro/Upper Market,37.75798125530645,-122.43999570709036,Entire home/apt,5,30,5.0,t,5,292,47,0.6,0.5,0.6,21,6.376726947898627
Outer Sunset,37.76197111280011,-122.5071242173839,Entire home/apt,6,1,5.0,f,8,343,13,0.5,0.3333333333333333,0.5,17,5.393627546352362
Russian Hill,37.80465,-122.42163,Entire home/apt,6,1,5.0,f,29,364,52,0.3333333333333333,0.3333333333333333,0.3333333333333333,18,7.064759027791802
Western Addition,37.78584,-122.42555,Private room,2,43,4.84,t,4,307,42,0.5,0.5,0.5,10,4.454347296253507
Downtown/Civic Center,37.78620692363418,-122.41178813033994,Private room,2,1,5.0,t,28,359,8,0.5,0.5,0.5,4,5.521460917862246
Pacific Heights,37.79555391726263,-122.4270116594278,Entire home/apt,2,6,4.83,f,0,316,22,0.0,0.5,0.5,10,4.787491742782046
South of Market,37.77551,-122.39911,Entire home/apt,2,3,5.0,t,0,243,10,1.0,1.0,0.5,1,5.135798437050262
Mission,37.75089,-122.4175,Private room,2,2,5.0,f,29,179,42,0.5,0.5,0.5,20,4.406719247264253
North Beach,37.7999111,-122.4093793,Private room,2,4,3.75,f,0,56,19,0.5,0.5,0.5,18,3.828641396489095
Castro/Upper Market,37.76006,-122.44389,Entire home/apt,6,7,4.86,f,0,243,47,0.5,0.5,0.5,21,5.703782474656201
North Beach,37.799453204767744,-122.40829635131774,Private room,1,5,5.0,f,19,136,23,1.0,1.0,1.0,18,3.713572066704308
Mission,37.7665977,-122.4181501,Entire home/apt,2,8,4.63,f,10,314,41,0.0,0.5,0.5,9,4.941642422609304
Inner Sunset,37.76471,-122.45456,Entire home/apt,5,31,4.97,f,30,122,47,0.6,0.4,0.6,21,5.5093883366279774
Nob Hill,37.79273,-122.41668,Entire home/apt,10,1,5.0,f,30,365,51,0.4,0.2,0.5,10,6.20455776256869
Haight Ashbury,37.7611010218754,-122.44856045491598,Private room,2,63,4.9,t,0,303,35,0.5,0.5,0.5,21,4.430816798843313
Castro/Upper Market,37.7623469507935,-122.4263734145448,Entire home/apt,4,4,4.5,t,3,106,46,0.5,0.25,0.5,9,5.493061443340548
Inner Richmond,37.7755955,-122.453266,Private room,2,0,0.0,f,30,365,57,0.5,0.5,0.5,24,4.969813299576001
Bernal Heights,37.74358,-122.42288,Entire home/apt,10,1,5.0,f,3,338,55,0.4,0.25,0.5,13,5.926926025970411
Castro/Upper Market,37.766568001161865,-122.43434208262978,Entire home/apt,4,7,5.0,t,0,92,47,0.5,0.5,0.5,6,5.752572638825633
Outer Mission,37.73208666876984,-122.44664919880584,Entire home/apt,4,76,4.83,t,10,298,44,0.5,0.5,0.5,5,4.882801922586371
South of Market,37.7831834,-122.3991177,Entire home/apt,6,0,0.0,f,29,364,44,0.3333333333333333,0.3333333333333333,0.3333333333333333,1,5.68697535633982
Russian Hill,37.79844767767726,-122.40860619050504,Entire home/apt,6,48,4.73,f,0,243,53,0.5,0.16666666666666666,0.5,18,6.0867747269123065
Pacific Heights,37.79543906853432,-122.4392265731786,Entire home/apt,4,1,5.0,f,0,0,46,0.75,0.5,0.75,3,6.1092475827643655
Pacific Heights,37.78795251187525,-122.4443387499134,Entire home/apt,2,11,5.0,t,0,153,53,0.0,0.5,0.5,24,4.6913478822291435
Excelsior,37.73133721837847,-122.41653752352596,Private room,2,101,4.97,t,7,322,37,0.5,0.5,0.5,2,4.07753744390572
Marina,37.80016,-122.42639,Private room,1,7,4.71,t,0,87,38,1.0,1.0,1.0,10,4.23410650459726
Marina,37.80028,-122.42763,Private room,1,6,5.0,t,0,59,38,1.0,1.0,1.0,3,3.970291913552122
Mission,37.76663419455173,-122.41797420354382,Private room,1,2,5.0,t,29,364,42,1.0,1.5,1.0,9,5.0106352940962555
Potrero Hill,37.76096593972297,-122.40540610494564,Entire home/apt,6,0,0.0,t,0,89,59,0.5,0.25,0.8333333333333334,7,5.8522024797744745
Outer Mission,37.71366,-122.44441,Entire home/apt,4,65,4.63,f,15,165,32,0.5,0.25,0.5,12,4.574710978503383
Twin Peaks,37.74711000000001,-122.4462594,Entire home/apt,6,25,4.96,t,0,178,56,0.5,0.3333333333333333,0.6666666666666666,21,5.438079308923196
Potrero Hill,37.75953459999999,-122.3955195,Entire home/apt,2,2,5.0,f,0,87,7,0.5,0.5,0.5,7,4.59511985013459
Bayview,37.72224,-122.39845,Entire home/apt,6,88,4.47,f,21,171,37,0.3333333333333333,0.16666666666666666,0.5,14,4.672828834461906
Twin Peaks,37.75861415218211,-122.44566055177616,Entire home/apt,4,0,0.0,f,29,364,48,0.5,0.5,0.5,21,5.68697535633982
Inner Richmond,37.7774708,-122.4685569,Entire home/apt,8,4,4.75,t,0,23,58,0.5,0.4375,0.625,15,6.849066282633458
South of Market,37.7782314,-122.3969608,Entire home/apt,6,11,4.91,f,0,335,20,0.5,0.4166666666666667,0.5,1,5.849324779946859
Pacific Heights,37.79068505668424,-122.44285532860344,Entire home/apt,3,22,5.0,f,6,64,46,0.6666666666666666,0.3333333333333333,0.6666666666666666,3,6.29156913955832
Mission,37.76052288855745,-122.41946581238628,Entire home/apt,8,50,4.92,t,3,246,47,0.375,0.125,0.625,9,6.727431724850855
Mission,37.76607569432069,-122.41871695364637,Private room,1,8,4.88,t,2,242,42,1.0,1.5,1.0,9,4.174387269895637
Pacific Heights,37.78956,-122.44543,Entire home/apt,2,0,0.0,t,0,213,47,0.5,0.5,0.5,24,5.442417710521793
Marina,37.802628268117566,-122.44318302380104,Entire home/apt,2,2,5.0,t,0,149,46,0.5,0.5,0.5,3,5.572154032177765
Pacific Heights,37.79039609536881,-122.44708687788524,Entire home/apt,2,0,0.0,t,0,205,47,0.5,0.5,0.5,24,5.424950017481403
South of Market,37.78173725830773,-122.40432050678577,Entire home/apt,2,31,5.0,t,15,59,45,0.5,0.5,0.5,1,5.736572297479192
Bernal Heights,37.74601,-122.41436,Private room,2,13,4.92,t,24,174,72,0.5,0.75,0.5,20,4.709530201312334
Inner Richmond,37.77582,-122.47378,Entire home/apt,3,6,5.0,t,3,157,49,0.6666666666666666,0.8333333333333334,1.6666666666666667,15,5.541263545158426
Outer Mission,37.72952,-122.44204,Entire home/apt,2,1,5.0,f,0,284,34,0.5,0.5,0.5,5,4.31748811353631
Marina,37.79888641218259,-122.4323686649118,Private room,1,8,4.88,t,13,297,20,1.0,1.0,1.0,3,4.060443010546419
Western Addition,37.78667,-122.44221,Private room,1,11,5.0,t,0,176,71,1.0,1.0,1.0,24,4.700480365792417
Nob Hill,37.79103,-122.41541,Entire home/apt,2,2,4.5,t,1,296,50,0.0,0.5,0.5,4,5.176149732573829
Outer Richmond,37.78216752416751,-122.48047628130074,Entire home/apt,4,45,4.89,t,13,345,48,0.5,0.25,0.5,15,5.135798437050262
Castro/Upper Market,37.76908,-122.43469,Entire home/apt,5,1,5.0,f,27,303,35,0.6,0.4,0.6,6,5.484796933490655
Marina,37.80225985640598,-122.44483367648368,Entire home/apt,2,1,5.0,t,9,282,47,0.5,0.5,0.5,3,5.8289456176102075
Parkside,37.74485,-122.50806,Entire home/apt,4,8,5.0,t,0,156,23,0.5,0.5,0.75,17,5.25227342804663
Outer Sunset,37.7618,-122.48899,Entire home/apt,2,45,4.96,t,10,60,47,0.5,0.5,0.5,17,5.402677381872279
Bernal Heights,37.74666,-122.4233,Private room,2,40,4.78,t,7,237,61,0.5,0.75,0.5,13,4.564348191467836
Bernal Heights,37.74641,-122.42237,Private room,2,55,4.89,t,21,261,59,0.5,0.75,0.5,13,4.564348191467836
Bernal Heights,37.74644,-122.42288,Private room,2,72,4.96,t,17,257,57,0.5,0.75,0.5,13,4.59511985013459
Bernal Heights,37.74784966971026,-122.42326884581055,Entire home/apt,5,32,4.97,t,0,244,73,0.4,0.2,0.4,13,6.29156913955832
Marina,37.80039924034084,-122.42583084676563,Private room,1,8,5.0,t,0,77,39,1.0,1.0,1.0,10,4.290459441148391
Outer Sunset,37.7521117,-122.5062036,Entire home/apt,4,99,4.94,t,3,204,66,0.5,0.25,0.75,17,5.53338948872752
Nob Hill,37.79204,-122.40987,Entire home/apt,2,14,4.79,t,0,149,43,0.5,0.5,0.5,4,5.501258210544727
Nob Hill,37.791184476802776,-122.40963517850362,Entire home/apt,4,2,5.0,t,4,4,45,0.25,0.25,0.5,4,5.802118375377063
Nob Hill,37.79518,-122.41055,Private room,2,105,4.97,t,3,181,29,0.5,0.5,0.5,4,4.812184355372417
Outer Sunset,37.76196,-122.50774,Entire home/apt,6,5,5.0,f,0,294,35,0.5,0.3333333333333333,0.6666666666666666,17,4.969813299576001
Noe Valley,37.7478278,-122.4358006,Entire home/apt,2,110,4.72,f,9,311,42,0.0,0.5,1.0,13,4.9344739331306915
Castro/Upper Market,37.76402248368584,-122.43386784138572,Entire home/apt,8,5,4.6,f,21,350,46,0.5,0.25,0.625,6,6.835184586147301
Inner Richmond,37.78059,-122.46423,Entire home/apt,2,14,4.57,t,0,243,55,0.5,0.5,0.5,15,4.23410650459726
Potrero Hill,37.75552051971504,-122.40163441904906,Entire home/apt,2,111,4.84,t,6,296,37,0.5,0.5,0.5,7,4.795790545596741
Bayview,37.71985883621094,-122.38804399318389,Entire home/apt,5,81,4.75,t,5,191,43,0.2,0.2,0.4,14,4.605170185988092
Inner Richmond,37.7806,-122.46445,Entire home/apt,3,13,4.54,t,0,261,49,0.3333333333333333,0.3333333333333333,0.3333333333333333,15,4.406719247264253
Castro/Upper Market,37.75860826964732,-122.44003275778896,Entire home/apt,2,180,4.92,t,9,316,58,0.5,0.5,0.5,21,5.25227342804663
Marina,37.80232876187122,-122.4455913952588,Entire home/apt,6,20,4.7,f,0,290,49,0.5,0.5,0.6666666666666666,3,5.652489180268651
Twin Peaks,37.76062046106063,-122.44659221174965,Private room,2,25,4.92,t,0,310,37,0.5,0.5,0.5,21,4.553876891600541
Downtown/Civic Center,37.7889904,-122.4127915,Entire home/apt,4,13,4.92,f,19,308,49,0.25,0.25,0.5,4,5.652489180268651
Downtown/Civic Center,37.7889904,-122.4127915,Entire home/apt,4,0,0.0,f,19,308,48,0.25,0.25,0.5,4,5.652489180268651
Downtown/Civic Center,37.7889904,-122.4127915,Entire home/apt,4,0,0.0,f,19,308,48,0.25,0.25,0.5,4,5.652489180268651
Downtown/Civic Center,37.7889904,-122.4127915,Entire home/apt,4,0,0.0,f,19,308,48,0.25,0.25,0.5,4,5.652489180268651
Outer Mission,37.71416,-122.44484,Entire home/apt,5,51,4.73,f,17,243,35,0.6,0.2,0.6,12,4.875197323201151
Noe Valley,37.75209391562882,-122.4285376444459,Entire home/apt,4,1,5.0,f,0,296,55,0.5,0.5,0.5,13,5.579729825986222
Castro/Upper Market,37.76373,-122.43594,Entire home/apt,4,35,4.91,t,1,110,42,0.5,0.5,0.5,6,6.0112671744041615
Mission,37.76082510952615,-122.41796214197512,Private room,2,2,5.0,t,0,210,28,0.5,0.5,0.5,9,4.727387818712341
Bernal Heights,37.73702,-122.41144,Entire home/apt,5,0,0.0,f,0,273,13,0.6,0.4,0.6,2,5.697093486505405
Haight Ashbury,37.76004137858307,-122.44737539974204,Entire home/apt,7,2,5.0,f,2,17,28,0.42857142857142855,0.35714285714285715,0.42857142857142855,21,5.793013608384144
Russian Hill,37.79801,-122.4223,Entire home/apt,8,20,5.0,t,12,67,71,0.5,0.4375,0.5,10,7.005789019253503
South of Market,37.78770300000001,-122.391971,Private room,1,1,5.0,f,26,176,39,1.0,1.0,1.0,1,4.820281565605037
Bayview,37.735801901015314,-122.40065587105246,Private room,2,154,4.94,t,15,343,45,0.0,0.5,0.5,14,4.143134726391533
Russian Hill,37.80651,-122.41944,Entire home/apt,6,3,5.0,t,6,6,37,0.3333333333333333,0.16666666666666666,0.5,18,5.808142489980444
Chinatown,37.79515,-122.4067,Private room,4,28,5.0,t,22,254,67,0.25,0.375,0.25,4,6.1224928095143865
Bayview,37.73470866348827,-122.39967674016953,Private room,2,11,4.91,t,0,273,32,0.5,0.5,0.5,14,4.07753744390572
Potrero Hill,37.7614,-122.39783,Entire home/apt,6,1,5.0,f,13,272,19,0.3333333333333333,0.16666666666666666,0.5,7,5.739792912179234
Mission,37.76665,-122.42058,Entire home/apt,2,1,3.0,f,1,336,37,0.5,0.5,0.5,9,5.337538079701318
Mission,37.75102,-122.41685,Private room,1,6,5.0,f,0,76,44,1.0,1.0,1.0,20,4.23410650459726
Mission,37.7637972,-122.4175728,Entire home/apt,4,20,4.65,f,0,0,32,0.5,0.5,0.5,9,5.8377304471659395
Presidio Heights,37.78866158312889,-122.45566175211432,Entire home/apt,5,53,4.98,t,0,58,43,0.6,0.2,0.6,24,6.4457198193855785
Western Addition,37.770767378805125,-122.42748343483974,Entire home/apt,2,3,5.0,f,20,355,51,0.0,0.5,0.5,6,5.236441962829949
South of Market,37.78107,-122.390418,Entire home/apt,2,23,5.0,f,17,346,54,0.5,0.5,0.5,1,6.0063531596017325
Downtown/Civic Center,37.78677,-122.41129,Entire home/apt,2,202,4.87,f,22,310,22,0.5,0.5,0.0,4,5.19295685089021
South of Market,37.78676795130513,-122.39293304333164,Entire home/apt,3,6,5.0,f,15,107,49,0.3333333333333333,0.3333333333333333,0.3333333333333333,1,6.354370040797351
Pacific Heights,37.796769,-122.428236,Entire home/apt,2,3,5.0,t,0,169,51,0.0,0.5,0.5,10,4.8283137373023015
Downtown/Civic Center,37.788568675267584,-122.4116336683048,Entire home/apt,4,5,5.0,t,11,261,49,0.25,0.25,0.5,4,5.616771097666572
Outer Mission,37.72163,-122.44884,Private room,1,2,4.5,t,0,243,45,3.0,2.0,3.0,12,3.912023005428146
Excelsior,37.7273438,-122.4106213,Entire home/apt,6,7,5.0,f,17,352,6,0.5,0.3333333333333333,0.5,2,5.703782474656201
Inner Richmond,37.77935630674146,-122.44936299420596,Entire home/apt,5,2,5.0,f,29,364,46,0.6,0.4,0.6,24,6.214608098422191
Twin Peaks,37.75647216901217,-122.44303595582892,Entire home/apt,4,17,4.88,t,10,160,46,0.5,0.25,0.5,21,6.366470447731438
Outer Sunset,37.76217012263773,-122.50605297685274,Private room,1,4,5.0,f,0,262,50,1.0,1.0,1.0,17,4.23410650459726
South of Market,37.7716774,-122.3933325,Entire home/apt,3,2,5.0,f,0,273,57,0.3333333333333333,0.5,0.3333333333333333,1,5.318119993844216
Downtown/Civic Center,37.7884549,-122.4133224,Entire home/apt,4,0,0.0,f,23,358,43,0.5,0.375,0.25,4,6.907755278982137
South of Market,37.77324,-122.39815,Entire home/apt,2,17,5.0,t,6,60,78,0.5,0.5,1.0,1,5.308267697401205
Bernal Heights,37.74324658879554,-122.41664018989712,Entire home/apt,6,138,4.99,t,3,196,67,0.5,0.16666666666666666,0.6666666666666666,2,5.877735781779639
Inner Richmond,37.78321,-122.47694,Private room,3,112,4.73,f,10,160,38,0.3333333333333333,0.3333333333333333,0.6666666666666666,15,4.127134385045092
Haight Ashbury,37.77134962335517,-122.44294858142614,Entire home/apt,11,1,5.0,f,27,267,9,0.36363636363636365,0.09090909090909091,0.36363636363636365,24,6.802394763324311
Bayview,37.73902213035056,-122.38678933809268,Entire home/apt,4,1,5.0,f,30,365,41,0.5,0.375,0.5,14,4.969813299576001
Outer Richmond,37.78433,-122.47917,Private room,3,104,4.71,f,19,156,38,0.3333333333333333,0.3333333333333333,0.6666666666666666,15,4.060443010546419
Outer Richmond,37.78284329147882,-122.47873395528951,Private room,2,64,4.66,f,12,162,39,0.5,0.5,0.5,15,4.174387269895637
Marina,37.80329493762501,-122.4286088,Entire home/apt,2,15,4.93,t,0,149,39,0.5,0.5,0.5,3,5.556828061699537
Downtown/Civic Center,37.786788767132045,-122.41015895298494,Entire home/apt,2,0,0.0,t,13,13,37,0.0,0.5,1.0,4,5.5254529391317835
Downtown/Civic Center,37.78758,-122.41125,Entire home/apt,4,15,4.93,t,11,47,20,0.0,0.25,0.5,4,4.9344739331306915
Haight Ashbury,37.77366,-122.45128,Private room,2,23,5.0,f,0,123,52,0.5,0.5,0.5,24,4.804021044733257
Mission,37.760919,-122.41671,Entire home/apt,6,7,4.86,f,0,208,28,0.5,0.5,0.8333333333333334,9,6.1092475827643655
Downtown/Civic Center,37.78785,-122.41373,Entire home/apt,4,5,5.0,t,11,261,48,0.25,0.25,0.5,4,5.616771097666572
Nob Hill,37.794284063412064,-122.41730067640913,Entire home/apt,2,1,5.0,f,20,324,50,1.5,0.5,1.0,10,5.10594547390058
Outer Sunset,37.75771832480117,-122.50186608625332,Private room,4,162,4.9,t,7,264,32,0.25,0.25,0.5,17,4.290459441148391
South of Market,37.77884842332912,-122.4047035589512,Private room,2,0,0.0,f,18,341,14,0.5,0.5,0.5,1,5.003946305945459
Western Addition,37.78024,-122.44424,Entire home/apt,9,127,4.87,t,6,108,44,0.3333333333333333,0.3333333333333333,0.4444444444444444,24,5.966146739123692
Pacific Heights,37.79626979079541,-122.42926941568072,Entire home/apt,6,5,5.0,t,0,61,56,0.5,0.75,0.5,10,6.892641641172089
Diamond Heights,37.74116892460307,-122.43659839511758,Entire home/apt,5,12,5.0,f,20,341,69,0.6,0.5,0.6,13,6.620073206530356
Western Addition,37.773511076725306,-122.42878928592566,Private room,1,6,4.33,f,10,240,35,1.0,1.0,1.0,6,4.663439094112067
Potrero Hill,37.75522400915634,-122.39849231182195,Entire home/apt,6,77,4.99,t,10,327,37,0.5,0.3333333333333333,0.5,7,5.924255797414532
Downtown/Civic Center,37.78924,-122.41372,Entire home/apt,4,8,4.88,t,11,265,48,0.25,0.25,0.5,4,5.616771097666572
West of Twin Peaks,37.74558202348935,-122.46480088141593,Entire home/apt,6,1,5.0,f,0,184,45,0.6666666666666666,0.5,0.6666666666666666,19,6.244166900663736
Castro/Upper Market,37.76061621887822,-122.43407302371676,Entire home/apt,3,6,4.83,t,2,64,44,0.6666666666666666,0.3333333333333333,0.6666666666666666,21,5.666426688112432
Western Addition,37.78013737290765,-122.44007196358244,Private room,1,5,4.2,f,0,278,34,1.0,1.0,1.0,24,3.912023005428146
South of Market,37.78318,-122.39133,Entire home/apt,2,1,5.0,f,0,106,54,0.5,0.5,0.5,1,4.5217885770490405
Parkside,37.74217925214533,-122.476181535844,Private room,2,5,4.8,t,4,239,40,0.5,1.0,0.5,22,4.04305126783455
Nob Hill,37.78976890749166,-122.41380912041842,Entire home/apt,4,8,5.0,t,11,261,48,0.25,0.25,0.5,4,5.749392985908253
Nob Hill,37.78984,-122.41342,Entire home/apt,4,3,5.0,t,11,265,48,0.25,0.25,0.5,4,5.616771097666572
North Beach,37.80503461568348,-122.41196753558197,Entire home/apt,6,24,4.92,f,28,268,37,0.16666666666666666,0.16666666666666666,0.5,18,5.476463551931511
North Beach,37.805077,-122.4119729,Entire home/apt,12,1,4.0,f,27,267,54,0.4166666666666667,0.25,0.75,18,6.408528791059498
Outer Mission,37.7158479,-122.4453194,Entire home/apt,5,173,4.8,t,14,345,41,0.4,0.2,0.6,12,4.7535901911063645
North Beach,37.80443,-122.41116,Private room,3,2,5.0,f,27,267,56,0.3333333333333333,0.3333333333333333,0.0,18,5.652489180268651
North Beach,37.80501359467127,-122.41197289997882,Private room,4,12,4.83,f,27,267,37,0.5,0.25,0.5,18,5.981414211254481
Noe Valley,37.74253,-122.4333,Private room,2,7,5.0,f,17,17,65,0.5,0.5,0.5,13,4.454347296253507
Castro/Upper Market,37.76332404809354,-122.42975234757228,Entire home/apt,2,20,4.95,t,6,102,53,0.5,0.75,1.0,9,5.420534999272286
North Beach,37.80396,-122.41301,Private room,1,2,5.0,f,27,267,12,1.0,0.5,1.0,18,5.187385805840755
Marina,37.80023418903462,-122.44622277916066,Entire home/apt,6,5,5.0,f,0,319,53,0.5,0.3333333333333333,0.6666666666666666,3,5.652489180268651
Financial District,37.78671,-122.39715,Private room,1,5,5.0,t,8,256,43,1.0,1.0,1.0,1,4.394449154672439
Mission,37.74990756394091,-122.41223234102208,Entire home/apt,2,26,4.96,t,0,31,68,0.5,0.5,0.5,20,5.2832037287379885
Bayview,37.7350022,-122.3969718,Entire home/apt,3,128,4.94,t,9,88,60,0.3333333333333333,0.3333333333333333,0.3333333333333333,14,4.787491742782046
Nob Hill,37.7901978,-122.4213309,Entire home/apt,5,5,5.0,t,2,113,31,0.4,0.4,0.6,10,5.298317366548036
Outer Mission,37.7296243,-122.436041,Entire home/apt,4,80,4.73,f,12,341,38,0.25,0.25,0.5,5,5.087596335232384
Outer Richmond,37.78534173456119,-122.4824631769714,Entire home/apt,6,0,0.0,f,20,345,8,0.5,0.5833333333333334,0.5,15,6.20455776256869
Visitacion Valley,37.71051,-122.41988,Private room,2,0,0.0,f,30,365,8,0.5,0.5,0.5,12,3.912023005428146
Presidio Heights,37.78986,-122.45094,Entire home/apt,4,17,4.88,f,29,89,60,0.5,0.5,0.5,24,5.793013608384144
Chinatown,37.79102436006858,-122.4057876240542,Entire home/apt,3,2,5.0,t,0,4,15,0.3333333333333333,0.3333333333333333,0.6666666666666666,4,4.605170185988092
Western Addition,37.77362952229157,-122.43602415025842,Entire home/apt,10,0,0.0,f,0,240,45,0.4,0.3,0.5,6,6.20455776256869
Mission,37.75085,-122.4175,Private room,1,5,5.0,f,0,180,43,1.0,1.0,1.0,20,4.127134385045092
Bernal Heights,37.74050270000001,-122.4211581,Private room,2,23,4.7,f,24,349,78,0.5,0.5,0.5,2,4.795790545596741
Western Addition,37.7713344,-122.4299744,Entire home/apt,5,6,5.0,f,0,146,13,0.6,0.3,0.6,6,5.313205979041787
Downtown/Civic Center,37.78702,-122.41465,Entire home/apt,6,38,4.61,f,18,184,46,0.16666666666666666,0.16666666666666666,0.5,4,5.313205979041787
Bernal Heights,37.7445517,-122.413136,Entire home/apt,2,49,5.0,t,2,138,46,0.5,0.5,0.5,20,5.480638923341991
Mission,37.75664201386307,-122.40740494783805,Entire home/apt,5,40,4.93,t,13,205,43,0.6,0.2,0.6,20,5.823045895483019
Inner Richmond,37.77678,-122.46961,Private room,1,0,0.0,t,0,303,9,1.0,1.5,1.0,15,4.2626798770413155
Mission,37.75006,-122.42386,Private room,2,2,5.0,t,14,331,63,0.5,0.5,0.5,13,5.703782474656201
Downtown/Civic Center,37.7878653,-122.4104163,Entire home/apt,4,0,0.0,f,0,180,25,0.25,0.25,0.5,4,6.214608098422191
Castro/Upper Market,37.76342009990894,-122.4304964590332,Entire home/apt,2,0,0.0,f,23,358,8,0.5,0.75,0.5,9,5.545177444479562
Chinatown,37.79104,-122.40702,Entire home/apt,2,2,5.0,t,0,4,11,0.0,0.5,0.5,4,4.844187086458591
Chinatown,37.790672904449785,-122.40566426613418,Entire home/apt,2,3,5.0,t,0,4,11,0.0,0.5,0.5,4,4.844187086458591
Bayview,37.73369,-122.39097,Private room,1,5,4.2,f,0,243,12,1.0,1.0,1.0,14,4.127134385045092
Mission,37.75821648609956,-122.4217086899294,Entire home/apt,2,0,0.0,f,0,89,36,1.0,0.5,1.0,9,5.272999558563747
Pacific Heights,37.7887575,-122.4459055,Entire home/apt,8,2,5.0,t,2,20,67,0.5,0.3125,0.5,24,7.1929342212158
Russian Hill,37.79778599999999,-122.4132891,Entire home/apt,2,5,5.0,t,3,251,49,0.0,0.5,0.5,18,4.8283137373023015
Financial District,37.79026,-122.4034,Entire home/apt,4,56,4.96,t,3,40,28,0.0,0.25,0.5,4,5.062595033026967
Financial District,37.78833,-122.40224,Entire home/apt,4,69,4.91,t,9,48,30,0.0,0.25,0.5,4,5.313205979041787
South of Market,37.78839974047088,-122.3908222451171,Entire home/apt,2,33,5.0,t,9,36,54,0.5,0.5,0.5,1,5.655991810819852
Outer Sunset,37.7596728,-122.5072597,Entire home/apt,5,24,5.0,f,0,11,48,0.4,0.4,0.4,17,5.857933154483459
Marina,37.7992316,-122.4252315,Entire home/apt,2,7,5.0,t,0,239,46,0.5,0.5,0.5,10,5.1647859739235145
Twin Peaks,37.755738323432496,-122.44199590580806,Entire home/apt,3,0,0.0,f,29,364,28,0.3333333333333333,0.3333333333333333,0.3333333333333333,21,5.521460917862246
Diamond Heights,37.74144,-122.44601,Entire home/apt,4,16,5.0,t,19,34,45,0.5,0.25,0.5,5,5.634789603169249
Western Addition,37.7879469971816,-122.4251837917047,Entire home/apt,6,29,5.0,f,12,221,52,0.5,0.4166666666666667,0.5,10,6.628041376179533
Inner Richmond,37.77872,-122.47531,Entire home/apt,8,23,5.0,f,0,296,57,0.375,0.25,0.625,15,6.161207321695077
Western Addition,37.77472728273754,-122.43108419099096,Entire home/apt,4,18,5.0,f,2,3,47,0.5,0.625,0.5,6,5.8289456176102075
Bayview,37.73547773812626,-122.4004869551399,Private room,2,13,4.92,t,0,319,34,0.5,0.5,1.0,14,3.970291913552122
Outer Richmond,37.78416,-122.48058,Private room,2,3,5.0,t,13,250,49,0.5,0.5,0.5,15,4.499809670330265
Outer Richmond,37.78343744825685,-122.48086990343948,Private room,2,4,5.0,t,13,250,49,0.5,0.5,0.5,15,4.499809670330265
Russian Hill,37.80549999999999,-122.4205787,Entire home/apt,4,0,0.0,f,0,180,14,0.25,0.25,0.25,18,6.214608098422191
Bernal Heights,37.7474311,-122.4112028,Entire home/apt,2,75,4.95,t,3,190,40,0.5,0.5,0.5,20,5.062595033026967
Presidio Heights,37.78895407796821,-122.4499288231264,Entire home/apt,8,26,4.96,t,21,127,54,0.5,0.3125,0.625,24,7.1592919047975645
North Beach,37.7993368,-122.4050027,Entire home/apt,4,29,4.76,t,1,8,68,0.5,0.5,0.5,18,6.519147287940395
Potrero Hill,37.7657240066106,-122.40486393639664,Entire home/apt,5,0,0.0,f,27,362,12,0.6,0.6,0.8,7,7.2078598714324755
West of Twin Peaks,37.73901,-122.45972,Private room,2,34,4.88,t,0,243,33,0.5,0.5,0.5,19,4.04305126783455
Parkside,37.74628956667121,-122.4784188568891,Entire home/apt,6,36,4.56,f,30,270,46,0.5,0.25,0.5,22,5.4116460518550396
Mission,37.74969,-122.41667,Entire home/apt,11,2,5.0,f,9,219,55,0.6363636363636364,0.45454545454545453,0.6363636363636364,20,5.673323267171493
South of Market,37.7713661,-122.4221715,Entire home/apt,3,7,4.86,t,1,220,43,0.6666666666666666,0.3333333333333333,0.6666666666666666,9,5.288267030694535
Western Addition,37.78718144572171,-122.44077327165542,Entire home/apt,2,1,1.0,f,27,362,29,0.5,0.5,0.5,24,5.303304908059076
Mission,37.75419,-122.42444,Entire home/apt,3,1,5.0,f,21,328,13,0.3333333333333333,0.3333333333333333,0.3333333333333333,13,4.61512051684126
Mission,37.74814387660517,-122.42305487394331,Entire home/apt,2,15,5.0,t,8,152,37,0.5,0.5,0.5,13,5.579729825986222
Noe Valley,37.74220003027472,-122.42981318308576,Entire home/apt,4,76,4.86,t,7,318,50,0.25,0.25,0.25,13,5.081404364984463
Downtown/Civic Center,37.78976823382133,-122.41179856570156,Entire home/apt,4,8,5.0,t,22,115,46,0.25,0.25,0.5,4,5.459585514144159
Downtown/Civic Center,37.78797,-122.41372,Entire home/apt,4,6,5.0,t,22,116,47,0.25,0.25,0.5,4,5.459585514144159
Twin Peaks,37.75250848185642,-122.44853690783704,Entire home/apt,6,7,5.0,t,0,171,62,0.6666666666666666,0.5,1.0,21,5.298317366548036
Mission,37.75363872090762,-122.42355056115822,Entire home/apt,6,2,5.0,f,2,13,47,0.5,0.16666666666666666,0.5,13,5.948034989180646
Bernal Heights,37.74767,-122.41441,Private room,4,5,5.0,t,17,352,72,0.5,0.375,0.75,20,5.4638318050256105
Inner Richmond,37.7756,-122.4776,Private room,2,55,4.75,t,7,328,30,0.5,0.5,0.5,15,4.736198448394496
Outer Mission,37.72003,-122.44238,Entire home/apt,4,137,4.91,t,6,138,54,0.5,0.25,0.5,12,4.890349128221754
South of Market,37.77314676984899,-122.39658422871844,Entire home/apt,2,21,4.9,t,5,55,67,0.5,0.5,1.0,1,5.351858133476067
Noe Valley,37.75317803724099,-122.42668904271292,Entire home/apt,2,53,4.74,f,10,240,31,0.5,0.5,0.5,13,4.852030263919617
Bayview,37.72867,-122.38608,Entire home/apt,2,22,4.73,f,27,267,21,0.0,0.5,0.5,14,4.23410650459726
Marina,37.79766,-122.44041,Entire home/apt,2,144,4.59,f,4,190,28,0.5,0.5,0.5,3,5.0106352940962555
Western Addition,37.77035810389658,-122.42925991848392,Entire home/apt,8,21,4.81,f,0,255,44,0.375,0.375,0.5,6,5.966146739123692
Potrero Hill,37.76352733709136,-122.38732330486674,Entire home/apt,4,0,0.0,f,1,159,13,0.5,0.5,0.5,7,5.66988092298052
Western Addition,37.7747403,-122.4358161,Entire home/apt,2,0,0.0,f,10,335,35,0.0,0.5,0.5,6,4.442651256490317
Downtown/Civic Center,37.78785,-122.41139,Entire home/apt,4,35,4.83,t,18,66,29,0.0,0.25,0.5,4,5.062595033026967
Visitacion Valley,37.71939,-122.40341,Entire home/apt,3,3,5.0,t,23,358,43,0.3333333333333333,0.3333333333333333,0.6666666666666666,14,4.762173934797756
Bernal Heights,37.74560097987319,-122.41799356591405,Private room,2,37,4.95,t,12,334,51,0.5,0.5,0.5,20,4.77912349311153
Mission,37.75743,-122.42062,Entire home/apt,6,23,5.0,t,0,262,36,0.5,0.16666666666666666,0.5,9,5.945420608606575
Mission,37.75855,-122.40961,Entire home/apt,6,29,5.0,f,17,299,67,0.5,0.3333333333333333,0.6666666666666666,20,6.651571873589727
Castro/Upper Market,37.76793208222566,-122.4378377048018,Private room,2,34,5.0,t,15,46,55,0.5,0.5,0.5,6,4.844187086458591
Mission,37.76712764693656,-122.41862683084314,Entire home/apt,2,6,4.67,f,0,334,37,0.5,0.5,0.5,9,5.402677381872279
Nob Hill,37.79641788387542,-122.41158925164042,Entire home/apt,2,1,5.0,f,0,35,20,0.5,0.5,0.5,18,4.605170185988092
Downtown/Civic Center,37.78790095451888,-122.42015392878504,Entire home/apt,2,22,4.91,t,0,216,46,0.5,0.5,0.5,10,5.560681631015528
Bayview,37.72309381701104,-122.39789890207302,Entire home/apt,2,20,4.95,t,15,243,36,0.0,0.5,0.5,14,5.062595033026967
Downtown/Civic Center,37.7873983946546,-122.41464548838816,Entire home/apt,4,18,4.83,t,13,61,30,0.0,0.25,0.5,4,5.062595033026967
Downtown/Civic Center,37.78673296645075,-122.41312843307772,Entire home/apt,4,9,5.0,t,15,63,30,0.0,0.25,0.5,4,5.062595033026967
Downtown/Civic Center,37.78675841724572,-122.41317189188362,Entire home/apt,4,5,5.0,t,20,68,28,0.0,0.25,0.5,4,5.062595033026967
Mission,37.75302119402748,-122.42174764232789,Private room,2,0,0.0,f,29,89,9,0.5,0.5,0.5,13,5.19295685089021
Castro/Upper Market,37.76452871392387,-122.43285126972144,Private room,2,1,5.0,f,0,224,10,0.5,0.5,0.5,6,5.2832037287379885
Bernal Heights,37.74331,-122.41865,Entire home/apt,2,3,5.0,t,0,153,52,1.0,0.5,1.0,2,5.111987788356544
Castro/Upper Market,37.768074493983015,-122.43898173502636,Entire home/apt,6,0,0.0,t,2,168,56,0.6666666666666666,0.25,0.6666666666666666,6,5.768320995793772
Noe Valley,37.75363,-122.43026,Entire home/apt,2,89,4.97,f,6,30,34,0.0,0.5,1.0,13,5.2832037287379885
Excelsior,37.73056,-122.42917,Entire home/apt,4,79,4.89,t,13,242,41,0.25,0.25,0.5,2,4.574710978503383
Bernal Heights,37.74583,-122.42163,Entire home/apt,4,2,5.0,f,2,68,70,0.75,0.5,0.75,13,5.886104031450156
Noe Valley,37.75492862125189,-122.44103400874724,Entire home/apt,2,1,4.0,f,0,253,10,0.5,0.5,0.5,21,5.0106352940962555
Downtown/Civic Center,37.787836476686095,-122.41147412660337,Entire home/apt,4,5,4.8,t,23,116,48,0.25,0.25,0.5,4,5.459585514144159
Nob Hill,37.79,-122.41339,Entire home/apt,4,3,5.0,t,23,109,46,0.25,0.25,0.5,4,5.459585514144159
Inner Richmond,37.77924381290161,-122.47525904327632,Entire home/apt,4,101,4.84,t,8,188,48,0.5,0.25,0.75,15,5.5093883366279774
Twin Peaks,37.75520401537327,-122.45052124133348,Entire home/apt,6,66,4.98,t,10,10,48,0.5,0.3333333333333333,0.6666666666666666,21,5.823045895483019
Outer Mission,37.73251,-122.44799,Entire home/apt,2,33,4.91,t,6,221,73,0.5,0.5,1.0,5,5.198497031265826
Inner Richmond,37.78632885645219,-122.46560423330786,Entire home/apt,8,7,5.0,f,0,219,63,0.625,0.4375,0.0,15,6.902742737158593
Mission,37.76734,-122.41911,Entire home/apt,4,1,5.0,f,23,263,41,0.5,0.25,0.5,9,5.272999558563747
Western Addition,37.78636996810817,-122.42359726346238,Private room,2,32,5.0,t,8,339,43,0.5,0.5,0.5,10,4.700480365792417
Chinatown,37.7932304,-122.4092295,Entire home/apt,3,6,5.0,t,5,281,40,0.0,0.3333333333333333,0.3333333333333333,4,4.700480365792417
Bernal Heights,37.74067,-122.40876,Entire home/apt,5,66,4.91,t,5,135,73,0.4,0.4,0.6,20,5.407171771460119
Bayview,37.7361644,-122.3971599,Private room,2,37,4.62,f,15,255,18,0.5,0.5,0.5,14,3.8918202981106265
Bayview,37.7361644,-122.3971599,Private room,2,82,4.8,f,20,340,49,0.5,0.25,1.0,14,4.127134385045092
Parkside,37.74426860437821,-122.476877747549,Private room,2,3,4.67,t,0,240,39,0.5,1.0,0.5,22,3.9318256327243257
Nob Hill,37.79437073999004,-122.4174499777494,Entire home/apt,5,20,5.0,t,16,248,32,0.4,0.3,0.6,10,6.025865973825314
Excelsior,37.7149453,-122.435884,Entire home/apt,4,41,4.85,f,10,199,41,0.5,0.5,0.75,12,4.976733742420574
Mission,37.75875,-122.41857,Entire home/apt,6,31,4.97,t,7,205,44,0.5,0.16666666666666666,0.5,9,6.104793232414985
Western Addition,37.77651849522423,-122.44214812941355,Private room,1,74,4.97,t,3,9,64,1.0,1.0,1.0,24,4.61512051684126
Western Addition,37.77267,-122.42803,Private room,2,0,0.0,f,18,63,11,0.5,0.25,0.5,6,4.442651256490317
Russian Hill,37.798268559056936,-122.42076996216232,Entire home/apt,2,0,0.0,f,29,269,6,0.0,0.5,0.5,10,5.0106352940962555
Mission,37.75135867036632,-122.42440996318574,Entire home/apt,2,78,4.94,t,5,127,40,0.5,0.5,0.5,13,4.59511985013459
Downtown/Civic Center,37.786667,-122.408366,Private room,2,22,4.59,f,27,111,25,0.5,0.5,0.5,4,5.375278407684165
Mission,37.76252,-122.42486,Entire home/apt,2,4,4.5,t,0,92,11,0.5,0.5,0.5,9,5.111987788356544
Potrero Hill,37.7629,-122.3888,Entire home/apt,2,4,4.5,f,1,76,34,0.5,0.75,0.5,7,5.703782474656201
Mission,37.76109,-122.41836,Private room,2,3,4.67,t,0,209,28,0.5,0.5,0.5,9,4.68213122712422
Western Addition,37.78697969606299,-122.43677701627335,Entire home/apt,4,1,5.0,f,0,205,32,0.5,0.25,0.5,3,5.298317366548036
Mission,37.76046571033162,-122.41625793965724,Private room,1,0,0.0,t,0,210,28,1.0,1.5,1.0,9,4.574710978503383
Western Addition,37.77152443682773,-122.43045751368037,Private room,1,0,0.0,f,0,150,16,1.0,1.5,1.0,6,4.499809670330265
Western Addition,37.77587,-122.43328,Entire home/apt,1,4,4.0,f,21,356,14,2.0,1.0,2.0,6,6.52649485957079
Mission,37.751073836074255,-122.40815163422576,Private room,2,0,0.0,f,29,269,52,0.5,0.5,0.5,20,5.58724865840025
Mission,37.75928384264739,-122.41634961417464,Private room,1,0,0.0,t,0,90,28,1.0,1.0,1.0,9,4.68213122712422
Mission,37.75903566018661,-122.41681114596484,Private room,1,1,5.0,t,1,149,28,1.0,4.5,1.0,9,4.941642422609304
Mission,37.761119627862016,-122.41661888012727,Private room,1,0,0.0,t,0,233,36,1.0,4.5,1.0,9,4.624972813284271
Marina,37.79862,-122.4421,Shared room,2,2,5.0,f,30,122,21,0.5,0.75,2.0,3,4.290459441148391
Mission,37.75693367358822,-122.4172353182092,Entire home/apt,2,7,4.71,f,1,147,43,0.5,0.5,0.5,20,4.976733742420574
Downtown/Civic Center,37.78857921671884,-122.4113518747205,Entire home/apt,4,1,4.0,t,15,63,31,0.0,0.25,0.5,4,5.062595033026967
Downtown/Civic Center,37.787679935112905,-122.40912805346792,Entire home/apt,4,10,4.6,t,18,66,31,0.0,0.25,0.5,4,5.062595033026967
Downtown/Civic Center,37.787399255209095,-122.40943159412063,Entire home/apt,4,21,4.95,t,8,56,30,0.0,0.25,0.5,4,5.062595033026967
Outer Mission,37.7314255,-122.4405973,Entire home/apt,6,55,4.71,f,15,39,50,0.5,0.25,0.6666666666666666,5,5.720311776607412
Nob Hill,37.7916084,-122.4159931,Entire home/apt,10,1,5.0,f,0,305,45,0.5,0.35,0.5,4,6.20455776256869
Bayview,37.73981,-122.40035,Entire home/apt,7,53,4.75,t,9,140,55,0.42857142857142855,0.2857142857142857,0.5714285714285714,14,5.153291594497779
Downtown/Civic Center,37.7884146,-122.4215935,Private room,2,0,0.0,f,30,365,34,0.5,0.5,0.5,10,5.572154032177765
Western Addition,37.78737,-122.42277,Private room,2,0,0.0,f,30,365,33,0.5,0.5,0.5,10,5.572154032177765
Downtown/Civic Center,37.7884146,-122.4215935,Private room,2,0,0.0,f,30,365,34,0.5,0.5,0.5,10,5.736572297479192
South of Market,37.78728521875384,-122.39310715208592,Entire home/apt,5,0,0.0,f,6,327,43,0.4,0.4,0.4,1,5.455321115357702
Downtown/Civic Center,37.7884146,-122.4215935,Private room,2,0,0.0,f,30,365,34,0.5,0.5,0.5,10,5.572154032177765
Downtown/Civic Center,37.7884146,-122.4215935,Private room,2,0,0.0,f,30,365,34,0.5,0.5,0.5,10,5.572154032177765
Downtown/Civic Center,37.7884146,-122.4215935,Private room,2,0,0.0,f,30,365,34,0.5,0.5,0.5,10,5.572154032177765
Downtown/Civic Center,37.7884146,-122.4215935,Private room,2,0,0.0,f,30,365,34,0.5,0.5,0.5,10,5.572154032177765
Downtown/Civic Center,37.7884146,-122.4215935,Private room,2,0,0.0,f,30,365,35,0.5,0.5,0.5,10,5.572154032177765
Downtown/Civic Center,37.7884146,-122.4215935,Private room,2,3,4.67,f,30,365,35,0.5,0.5,0.5,10,5.572154032177765
Downtown/Civic Center,37.7884146,-122.4215935,Private room,2,1,3.0,f,30,365,34,0.5,0.5,0.5,10,5.572154032177765
Downtown/Civic Center,37.7884146,-122.4215935,Private room,2,1,2.0,f,30,365,34,0.5,0.5,0.5,10,5.572154032177765
Downtown/Civic Center,37.7884146,-122.4215935,Private room,2,0,0.0,f,30,365,34,0.5,0.5,0.5,10,5.572154032177765
Western Addition,37.7891721,-122.4297053,Entire home/apt,2,6,5.0,t,0,188,55,0.5,0.5,1.0,10,5.0106352940962555
Western Addition,37.77984,-122.43991,Entire home/apt,6,8,4.75,f,0,0,61,0.5,0.3333333333333333,0.6666666666666666,24,5.8998973535824915
Western Addition,37.78023,-122.43971,Entire home/apt,5,6,5.0,f,0,85,62,0.6,0.4,0.8,24,5.8998973535824915
Haight Ashbury,37.77403260227771,-122.45155514091915,Private room,2,9,4.56,f,0,273,54,0.5,0.5,0.0,24,4.804021044733257
Inner Richmond,37.77361190829659,-122.4681591232788,Entire home/apt,4,103,4.94,f,4,197,37,0.5,0.25,0.75,15,5.278114659230517
Western Addition,37.78535566098496,-122.43485826998948,Entire home/apt,3,48,4.98,t,0,157,51,0.3333333333333333,0.3333333333333333,0.3333333333333333,3,5.517452896464707
Russian Hill,37.80015766052233,-122.41235017776488,Entire home/apt,4,0,0.0,f,27,267,10,0.75,0.5,0.5,18,5.703782474656201
Downtown/Civic Center,37.7884146,-122.4215935,Private room,2,0,0.0,f,30,365,34,0.5,0.5,0.5,10,5.736572297479192
Downtown/Civic Center,37.7884146,-122.4215935,Private room,2,3,3.33,f,30,365,34,0.5,0.5,0.5,10,5.572154032177765
Downtown/Civic Center,37.7884146,-122.4215935,Private room,2,1,4.0,f,30,365,34,0.5,0.5,0.5,10,5.736572297479192
Downtown/Civic Center,37.7884146,-122.4215935,Private room,2,1,2.0,f,30,365,34,0.5,0.5,0.5,10,5.572154032177765
Downtown/Civic Center,37.7884146,-122.4215935,Private room,2,2,5.0,f,30,365,34,0.5,0.5,0.5,10,5.572154032177765
Downtown/Civic Center,37.7884146,-122.4215935,Private room,2,0,0.0,f,30,365,34,0.5,0.5,0.5,10,5.572154032177765
Downtown/Civic Center,37.7884146,-122.4215935,Private room,2,1,5.0,f,30,365,34,0.5,0.5,0.5,10,5.572154032177765
Downtown/Civic Center,37.7884146,-122.4215935,Private room,2,0,0.0,f,30,365,34,0.5,0.5,0.5,10,5.736572297479192
Downtown/Civic Center,37.7884146,-122.4215935,Private room,2,0,0.0,f,30,365,34,0.5,0.5,0.5,10,5.572154032177765
Downtown/Civic Center,37.7884146,-122.4215935,Private room,2,1,3.0,f,30,365,35,0.5,0.5,0.5,10,5.572154032177765
Downtown/Civic Center,37.7884146,-122.4215935,Private room,2,0,0.0,f,30,365,34,0.5,0.5,0.5,10,5.572154032177765
Outer Mission,37.73241,-122.44172,Entire home/apt,3,76,4.97,t,6,147,58,0.6666666666666666,0.6666666666666666,0.6666666666666666,5,5.2832037287379885
South of Market,37.78530364848695,-122.39630624548307,Private room,1,0,0.0,f,18,258,33,1.0,1.0,1.0,1,4.31748811353631
Downtown/Civic Center,37.7884146,-122.4215935,Private room,2,1,2.0,f,30,365,34,0.5,0.5,0.5,10,5.572154032177765
Downtown/Civic Center,37.7884146,-122.4215935,Private room,2,0,0.0,f,30,365,34,0.5,0.5,0.5,10,5.572154032177765
Downtown/Civic Center,37.7884146,-122.4215935,Private room,2,0,0.0,f,30,365,34,0.5,0.5,0.5,10,5.572154032177765
Downtown/Civic Center,37.7884146,-122.4215935,Private room,2,1,5.0,f,30,365,34,0.5,0.5,0.5,10,5.572154032177765
Downtown/Civic Center,37.7884146,-122.4215935,Private room,2,0,0.0,f,30,365,35,0.5,0.5,0.5,10,5.572154032177765
Downtown/Civic Center,37.7884146,-122.4215935,Private room,2,0,0.0,f,30,365,34,0.5,0.5,0.5,10,5.572154032177765
Downtown/Civic Center,37.7884146,-122.4215935,Private room,2,3,3.67,f,30,365,34,0.5,0.5,0.5,10,5.736572297479192
Downtown/Civic Center,37.7884146,-122.4215935,Private room,2,0,0.0,f,30,365,34,0.5,0.5,0.5,10,5.572154032177765
Russian Hill,37.80133,-122.41418,Private room,4,38,4.79,f,24,119,24,0.5,0.25,0.75,18,4.941642422609304
Western Addition,37.7774,-122.43294,Private room,2,35,5.0,f,14,156,46,0.5,0.75,0.5,6,4.836281906951478
Western Addition,37.77797807960713,-122.43296696395308,Private room,4,0,0.0,f,7,247,60,0.75,0.25,0.75,6,6.48768401848461
Financial District,37.79724,-122.39888,Entire home/apt,4,0,0.0,f,28,268,5,0.5,0.5,0.5,4,5.407171771460119
South of Market,37.7873984,-122.3923904,Entire home/apt,5,28,4.79,f,2,47,60,0.4,0.4,0.4,1,6.606650186198215
Downtown/Civic Center,37.7884146,-122.4215935,Private room,2,0,0.0,f,30,365,35,0.5,0.5,0.5,10,5.572154032177765
Nob Hill,37.7893,-122.42078,Private room,2,0,0.0,f,30,365,18,0.5,0.5,0.5,10,5.572154032177765
Downtown/Civic Center,37.7884146,-122.4215935,Private room,2,0,0.0,f,30,365,35,0.5,0.5,0.5,10,5.572154032177765
Downtown/Civic Center,37.7884146,-122.4215935,Private room,2,1,5.0,f,30,365,35,0.5,0.5,0.5,10,5.572154032177765
Inner Sunset,37.76234173272096,-122.45339341537212,Entire home/apt,2,0,0.0,f,23,263,8,0.5,0.5,0.5,21,4.836281906951478
Downtown/Civic Center,37.7884146,-122.4215935,Private room,2,0,0.0,f,30,365,35,0.5,0.5,0.5,10,5.572154032177765
Downtown/Civic Center,37.7884146,-122.4215935,Private room,2,0,0.0,f,30,365,34,0.5,0.5,0.5,10,5.572154032177765
Downtown/Civic Center,37.78748,-122.42046,Private room,2,0,0.0,f,30,358,35,0.5,0.5,0.5,10,5.572154032177765
Western Addition,37.78786946960004,-122.42277571862827,Private room,2,0,0.0,f,30,365,34,0.5,0.5,0.5,10,5.572154032177765
Downtown/Civic Center,37.7884146,-122.4215935,Private room,2,0,0.0,f,30,365,34,0.5,0.5,0.5,10,5.572154032177765
Downtown/Civic Center,37.7884146,-122.4215935,Private room,2,0,0.0,f,30,365,34,0.5,0.5,0.5,10,5.572154032177765
Outer Sunset,37.75783037301577,-122.4994291606441,Private room,2,75,4.93,t,18,256,11,0.5,0.5,0.5,17,4.07753744390572
Downtown/Civic Center,37.7884146,-122.4215935,Private room,2,0,0.0,f,30,365,35,0.5,0.5,0.5,10,5.572154032177765
Outer Sunset,37.756784,-122.5005196,Private room,2,49,4.78,t,16,252,11,0.5,0.25,0.5,17,4.060443010546419
Outer Sunset,37.756784,-122.5005196,Private room,2,50,4.86,t,16,251,10,0.5,0.75,1.0,17,4.04305126783455
Downtown/Civic Center,37.7884146,-122.4215935,Private room,2,0,0.0,f,30,365,35,0.5,0.5,0.5,10,5.572154032177765
Downtown/Civic Center,37.7884146,-122.4215935,Private room,2,0,0.0,f,30,365,35,0.5,0.5,0.5,10,5.572154032177765
Potrero Hill,37.75474,-122.39201,Entire home/apt,8,3,5.0,f,0,62,52,0.25,0.375,0.25,7,5.278114659230517
Downtown/Civic Center,37.78777,-122.42042,Private room,2,1,5.0,f,30,365,34,0.5,0.5,0.5,10,5.736572297479192
Downtown/Civic Center,37.7884146,-122.4215935,Private room,2,0,0.0,f,30,365,34,0.5,0.5,0.5,10,5.572154032177765
Downtown/Civic Center,37.7884146,-122.4215935,Private room,2,0,0.0,f,30,365,34,0.5,0.5,0.5,10,5.572154032177765
Downtown/Civic Center,37.7884146,-122.4215935,Private room,2,0,0.0,f,30,365,34,0.5,0.5,0.5,10,5.572154032177765
Downtown/Civic Center,37.7884146,-122.4215935,Private room,2,2,4.0,f,30,365,34,0.5,0.5,0.5,10,5.572154032177765
Downtown/Civic Center,37.7884146,-122.4215935,Private room,2,0,0.0,f,30,365,34,0.5,0.5,0.5,10,5.736572297479192
Downtown/Civic Center,37.7884146,-122.4215935,Private room,2,0,0.0,f,30,365,35,0.5,0.5,0.5,10,5.572154032177765
Downtown/Civic Center,37.7884146,-122.4215935,Private room,2,0,0.0,f,30,365,35,0.5,0.5,0.5,10,5.572154032177765
Downtown/Civic Center,37.7884146,-122.4215935,Private room,2,0,0.0,f,30,365,35,0.5,0.5,0.5,10,5.572154032177765
Downtown/Civic Center,37.7884146,-122.4215935,Private room,2,1,4.0,f,30,365,35,0.5,0.5,0.5,10,5.572154032177765
Downtown/Civic Center,37.7884146,-122.4215935,Private room,2,0,0.0,f,30,365,35,0.5,0.5,0.5,10,5.572154032177765
Downtown/Civic Center,37.7884146,-122.4215935,Private room,2,0,0.0,f,30,365,35,0.5,0.5,0.5,10,5.572154032177765
Downtown/Civic Center,37.7884146,-122.4215935,Private room,2,1,4.0,f,30,365,35,0.5,0.5,0.5,10,5.572154032177765
Downtown/Civic Center,37.7884146,-122.4215935,Private room,2,2,3.0,f,30,365,35,0.5,0.5,0.5,10,5.572154032177765
Downtown/Civic Center,37.7884146,-122.4215935,Private room,2,0,0.0,f,30,365,35,0.5,0.5,0.5,10,5.572154032177765
Downtown/Civic Center,37.7884146,-122.4215935,Private room,2,0,0.0,f,30,365,22,0.5,0.5,0.5,10,5.572154032177765
Downtown/Civic Center,37.7884146,-122.4215935,Private room,2,1,4.0,f,30,365,35,0.5,0.5,0.5,10,5.572154032177765
Downtown/Civic Center,37.7884146,-122.4215935,Private room,2,0,0.0,f,30,365,35,0.5,0.5,0.5,10,5.572154032177765
Downtown/Civic Center,37.7884146,-122.4215935,Private room,2,2,3.0,f,30,365,35,0.5,0.5,0.5,10,5.572154032177765
Downtown/Civic Center,37.7884146,-122.4215935,Private room,2,0,0.0,f,30,365,35,0.5,0.5,0.5,10,5.572154032177765
Downtown/Civic Center,37.7884146,-122.4215935,Private room,2,0,0.0,f,30,365,35,0.5,0.5,0.5,10,5.572154032177765
Downtown/Civic Center,37.7884146,-122.4215935,Private room,2,0,0.0,f,30,365,35,0.5,0.5,0.5,10,5.572154032177765
Downtown/Civic Center,37.7884146,-122.4215935,Private room,2,0,0.0,f,30,365,35,0.5,0.5,0.5,10,5.572154032177765
Downtown/Civic Center,37.7884146,-122.4215935,Private room,2,0,0.0,f,30,365,35,0.5,0.5,0.5,10,5.572154032177765
Downtown/Civic Center,37.7884146,-122.4215935,Private room,2,0,0.0,f,30,365,35,0.5,0.5,0.5,10,5.572154032177765
Downtown/Civic Center,37.7884146,-122.4215935,Private room,2,2,4.0,f,30,365,35,0.5,0.5,0.5,10,5.736572297479192
Downtown/Civic Center,37.7884146,-122.4215935,Private room,2,0,0.0,f,30,365,35,0.5,0.5,0.5,10,5.572154032177765
Downtown/Civic Center,37.7884146,-122.4215935,Private room,2,0,0.0,f,30,365,35,0.5,0.5,0.5,10,5.572154032177765
Downtown/Civic Center,37.7884146,-122.4215935,Private room,2,0,0.0,f,30,365,35,0.5,0.5,0.5,10,5.572154032177765
Downtown/Civic Center,37.7884146,-122.4215935,Private room,2,0,0.0,f,30,365,35,0.5,0.5,0.5,10,5.572154032177765
Downtown/Civic Center,37.7884146,-122.4215935,Private room,2,0,0.0,f,30,365,35,0.5,0.5,0.5,10,5.572154032177765
Downtown/Civic Center,37.7884146,-122.4215935,Private room,2,0,0.0,f,30,365,36,0.5,0.5,0.5,10,5.572154032177765
Downtown/Civic Center,37.7884146,-122.4215935,Private room,2,0,0.0,f,30,365,35,0.5,0.5,0.5,10,5.572154032177765
Downtown/Civic Center,37.7884146,-122.4215935,Private room,2,0,0.0,f,30,365,35,0.5,0.5,0.5,10,5.572154032177765
Downtown/Civic Center,37.7884146,-122.4215935,Private room,2,1,4.0,f,30,365,35,0.5,0.5,0.5,10,5.572154032177765
Downtown/Civic Center,37.7884146,-122.4215935,Private room,2,0,0.0,f,30,365,35,0.5,0.5,0.5,10,5.572154032177765
Downtown/Civic Center,37.7884146,-122.4215935,Private room,2,0,0.0,f,30,365,35,0.5,0.5,0.5,10,5.572154032177765
Downtown/Civic Center,37.7884146,-122.4215935,Private room,2,4,4.0,f,30,365,36,0.5,0.5,0.5,10,5.736572297479192
Mission,37.7577214,-122.4159662,Entire home/apt,2,72,4.93,t,4,237,42,0.5,0.5,0.5,20,5.220355825078324
Downtown/Civic Center,37.7884146,-122.4215935,Private room,2,1,3.0,f,30,365,33,0.5,0.5,0.5,10,5.572154032177765
Downtown/Civic Center,37.7884146,-122.4215935,Private room,2,0,0.0,f,30,365,35,0.5,0.5,0.5,10,5.572154032177765
Downtown/Civic Center,37.7884146,-122.4215935,Private room,2,0,0.0,f,30,365,35,0.5,0.5,0.5,10,5.572154032177765
Downtown/Civic Center,37.7884146,-122.4215935,Private room,2,0,0.0,f,30,365,35,0.5,0.5,0.5,10,5.572154032177765
Downtown/Civic Center,37.7884146,-122.4215935,Private room,2,0,0.0,f,30,365,35,0.5,0.5,0.5,10,5.572154032177765
Russian Hill,37.8023752,-122.4144885,Entire home/apt,2,5,5.0,t,0,238,21,0.5,0.5,0.5,18,5.298317366548036
Downtown/Civic Center,37.7884146,-122.4215935,Private room,2,0,0.0,f,30,365,35,0.5,0.5,0.5,10,5.572154032177765
Downtown/Civic Center,37.7884146,-122.4215935,Private room,2,0,0.0,f,30,365,35,0.5,0.5,0.5,10,5.572154032177765
Downtown/Civic Center,37.7884146,-122.4215935,Private room,2,1,5.0,f,30,365,36,0.5,0.5,0.5,10,5.572154032177765
Downtown/Civic Center,37.7884146,-122.4215935,Private room,2,1,5.0,f,30,365,35,0.5,0.5,0.5,10,5.572154032177765
Downtown/Civic Center,37.7884146,-122.4215935,Private room,2,0,0.0,f,30,365,35,0.5,0.5,0.5,10,5.736572297479192
Downtown/Civic Center,37.7884146,-122.4215935,Private room,2,0,0.0,f,30,365,35,0.5,0.5,0.5,10,5.572154032177765
Downtown/Civic Center,37.7884146,-122.4215935,Private room,2,0,0.0,f,30,365,35,0.5,0.5,0.5,10,5.572154032177765
Downtown/Civic Center,37.7884146,-122.4215935,Private room,2,1,2.0,f,30,365,35,0.5,0.5,0.5,10,5.572154032177765
Downtown/Civic Center,37.7884146,-122.4215935,Private room,2,0,0.0,f,30,365,35,0.5,0.5,0.5,10,5.572154032177765
Downtown/Civic Center,37.7884146,-122.4215935,Private room,2,0,0.0,f,30,365,35,0.5,0.5,0.5,10,5.572154032177765
Downtown/Civic Center,37.7884146,-122.4215935,Private room,2,1,4.0,f,30,365,35,0.5,0.5,0.5,10,5.572154032177765
Downtown/Civic Center,37.7884146,-122.4215935,Private room,2,0,0.0,f,30,365,35,0.5,0.5,0.5,10,5.572154032177765
Downtown/Civic Center,37.7884146,-122.4215935,Private room,2,1,5.0,f,30,365,35,0.5,0.5,0.5,10,5.572154032177765
Downtown/Civic Center,37.7884146,-122.4215935,Private room,2,0,0.0,f,30,365,35,0.5,0.5,0.5,10,5.572154032177765
Bernal Heights,37.7406507,-122.4086543,Entire home/apt,4,50,4.96,t,7,139,60,0.25,0.25,0.75,20,4.890349128221754
Downtown/Civic Center,37.7884146,-122.4215935,Private room,2,5,4.0,f,30,365,35,0.5,0.5,0.5,10,5.736572297479192
Downtown/Civic Center,37.7884146,-122.4215935,Private room,2,0,0.0,f,30,365,35,0.5,0.5,0.5,10,5.572154032177765
Downtown/Civic Center,37.7884146,-122.4215935,Private room,2,0,0.0,f,30,365,36,0.5,0.5,0.5,10,5.572154032177765
Downtown/Civic Center,37.7884146,-122.4215935,Private room,2,0,0.0,f,30,365,35,0.5,0.5,0.5,10,5.572154032177765
Downtown/Civic Center,37.7884146,-122.4215935,Private room,2,0,0.0,f,30,365,35,0.5,0.5,0.5,10,5.572154032177765
Downtown/Civic Center,37.7884146,-122.4215935,Private room,2,4,4.25,f,30,365,35,0.5,0.5,0.5,10,5.572154032177765
Downtown/Civic Center,37.7884146,-122.4215935,Private room,2,2,3.0,f,30,365,36,0.5,0.5,0.5,10,5.572154032177765
Downtown/Civic Center,37.7884146,-122.4215935,Private room,2,1,3.0,f,30,365,35,0.5,0.5,0.5,10,5.572154032177765
Downtown/Civic Center,37.7884146,-122.4215935,Private room,2,0,0.0,f,30,365,35,0.5,0.5,0.5,10,5.572154032177765
Downtown/Civic Center,37.7884146,-122.4215935,Private room,2,0,0.0,f,30,365,35,0.5,0.5,0.5,10,5.572154032177765
Downtown/Civic Center,37.7884146,-122.4215935,Private room,2,0,0.0,f,30,365,35,0.5,0.5,0.5,10,5.572154032177765
Downtown/Civic Center,37.7884146,-122.4215935,Private room,2,0,0.0,f,30,365,35,0.5,0.5,0.5,10,5.572154032177765
Downtown/Civic Center,37.7884146,-122.4215935,Private room,2,0,0.0,f,30,365,35,0.5,0.5,0.5,10,5.572154032177765
Downtown/Civic Center,37.7884146,-122.4215935,Private room,2,0,0.0,f,30,365,35,0.5,0.5,0.5,10,5.572154032177765
Downtown/Civic Center,37.7884146,-122.4215935,Private room,2,0,0.0,f,30,365,35,0.5,0.5,0.5,10,5.572154032177765
Downtown/Civic Center,37.7884146,-122.4215935,Private room,2,0,0.0,f,30,365,35,0.5,0.5,0.5,10,5.572154032177765
Downtown/Civic Center,37.7884146,-122.4215935,Private room,2,0,0.0,f,30,365,35,0.5,0.5,0.5,10,5.572154032177765
Downtown/Civic Center,37.7884146,-122.4215935,Private room,2,0,0.0,f,30,365,35,0.5,0.5,0.5,10,5.572154032177765
Downtown/Civic Center,37.7884146,-122.4215935,Private room,2,0,0.0,f,30,365,35,0.5,0.5,0.5,10,5.572154032177765
Downtown/Civic Center,37.7884146,-122.4215935,Private room,2,0,0.0,f,30,365,35,0.5,0.5,0.5,10,5.572154032177765
Downtown/Civic Center,37.7884146,-122.4215935,Private room,2,0,0.0,f,30,365,35,0.5,0.5,0.5,10,5.572154032177765
Downtown/Civic Center,37.7884146,-122.4215935,Private room,2,0,0.0,f,30,365,35,0.5,0.5,0.5,10,5.572154032177765
Downtown/Civic Center,37.7884146,-122.4215935,Private room,2,0,0.0,f,30,365,35,0.5,0.5,0.5,10,5.572154032177765
Downtown/Civic Center,37.7884146,-122.4215935,Private room,2,0,0.0,f,30,365,35,0.5,0.5,0.5,10,5.572154032177765
Downtown/Civic Center,37.7884146,-122.4215935,Private room,2,0,0.0,f,30,365,35,0.5,0.5,0.5,10,5.572154032177765
Downtown/Civic Center,37.7884146,-122.4215935,Private room,2,0,0.0,f,30,365,35,0.5,0.5,0.5,10,5.572154032177765
Downtown/Civic Center,37.7884146,-122.4215935,Private room,2,0,0.0,f,30,365,35,0.5,0.5,0.5,10,5.572154032177765
Downtown/Civic Center,37.7884146,-122.4215935,Private room,2,7,4.29,f,30,365,35,0.5,0.5,0.5,10,5.572154032177765
Downtown/Civic Center,37.7884146,-122.4215935,Private room,2,0,0.0,f,30,365,35,0.5,0.5,0.5,10,5.572154032177765
Downtown/Civic Center,37.7884146,-122.4215935,Private room,2,6,4.0,f,30,365,36,0.5,0.5,0.5,10,5.736572297479192
Downtown/Civic Center,37.7884146,-122.4215935,Private room,2,0,0.0,f,30,365,35,0.5,0.5,0.5,10,5.572154032177765
Downtown/Civic Center,37.7884146,-122.4215935,Private room,2,2,2.5,f,30,365,35,0.5,0.5,0.5,10,5.572154032177765
Downtown/Civic Center,37.7884146,-122.4215935,Private room,2,9,4.0,f,30,365,35,0.5,0.5,0.5,10,5.736572297479192
Downtown/Civic Center,37.7884146,-122.4215935,Private room,2,0,0.0,f,30,365,35,0.5,0.5,0.5,10,5.572154032177765
Downtown/Civic Center,37.7884146,-122.4215935,Private room,2,0,0.0,f,30,365,35,0.5,0.5,0.5,10,5.572154032177765
Downtown/Civic Center,37.7884146,-122.4215935,Private room,2,0,0.0,f,30,365,35,0.5,0.5,0.5,10,5.572154032177765
Downtown/Civic Center,37.7884146,-122.4215935,Private room,2,3,2.67,f,30,365,35,0.5,0.5,0.5,10,5.572154032177765
Downtown/Civic Center,37.7884146,-122.4215935,Private room,2,0,0.0,f,30,365,35,0.5,0.5,0.5,10,5.572154032177765
Downtown/Civic Center,37.7884146,-122.4215935,Private room,2,0,0.0,f,30,365,35,0.5,0.5,0.5,10,5.572154032177765
Downtown/Civic Center,37.7884146,-122.4215935,Private room,2,0,0.0,f,30,365,35,0.5,0.5,0.5,10,5.572154032177765
Downtown/Civic Center,37.7884146,-122.4215935,Private room,2,0,0.0,f,30,365,35,0.5,0.5,0.5,10,5.572154032177765
Downtown/Civic Center,37.7884146,-122.4215935,Private room,2,0,0.0,f,30,365,27,0.5,0.5,0.5,10,5.572154032177765
Downtown/Civic Center,37.7884146,-122.4215935,Private room,2,0,0.0,f,30,365,35,0.5,0.5,0.5,10,5.572154032177765
Downtown/Civic Center,37.7884146,-122.4215935,Private room,2,0,0.0,f,30,365,35,0.5,0.5,0.5,10,5.572154032177765
Downtown/Civic Center,37.7884146,-122.4215935,Private room,2,3,4.0,f,30,365,35,0.5,0.5,0.5,10,5.572154032177765
Downtown/Civic Center,37.7884146,-122.4215935,Private room,2,1,5.0,f,30,365,36,0.5,0.5,0.5,10,5.572154032177765
Downtown/Civic Center,37.7884146,-122.4215935,Private room,2,1,4.0,f,30,365,36,0.5,0.5,0.5,10,5.572154032177765
Downtown/Civic Center,37.7884146,-122.4215935,Private room,2,2,5.0,f,30,365,36,0.5,0.5,0.5,10,5.572154032177765
Downtown/Civic Center,37.7884146,-122.4215935,Private room,2,0,0.0,f,30,365,35,0.5,0.5,0.5,10,5.572154032177765
Downtown/Civic Center,37.7884146,-122.4215935,Private room,2,5,3.2,f,30,365,36,0.5,0.5,0.5,10,5.572154032177765
Downtown/Civic Center,37.7884146,-122.4215935,Private room,2,0,0.0,f,30,365,35,0.5,0.5,0.5,10,5.572154032177765
Downtown/Civic Center,37.7884146,-122.4215935,Private room,2,0,0.0,f,30,365,35,0.5,0.5,0.5,10,5.572154032177765
Financial District,37.78723390866295,-122.39483082562457,Entire home/apt,5,0,0.0,f,6,327,44,0.4,0.4,0.4,1,5.356586274672012
Chinatown,37.79263380311506,-122.40922071948631,Entire home/apt,4,6,4.83,t,0,47,45,0.25,0.25,0.5,4,5.579729825986222
Chinatown,37.79222,-122.40815,Entire home/apt,4,6,5.0,t,2,148,45,0.25,0.25,0.5,4,5.71042701737487
Castro/Upper Market,37.762606645450525,-122.44389295578004,Private room,2,15,5.0,f,0,236,62,0.5,0.5,0.0,21,5.170483995038151
Chinatown,37.7923007905047,-122.40773406199897,Entire home/apt,4,0,0.0,t,5,30,45,0.25,0.25,0.5,4,5.579729825986222
Nob Hill,37.7904,-122.41349,Private room,2,134,4.61,f,7,59,59,0.5,0.5,0.5,4,4.356708826689592
Nob Hill,37.79048,-122.40901,Entire home/apt,4,3,5.0,t,0,27,46,0.25,0.25,0.5,4,5.579729825986222
Nob Hill,37.79184,-122.40995,Entire home/apt,2,4,5.0,t,0,47,43,0.5,0.5,0.5,4,5.3706380281276624
Nob Hill,37.79065874932188,-122.40967174066937,Entire home/apt,2,1,5.0,t,0,47,44,0.5,0.5,0.5,4,5.3706380281276624
Visitacion Valley,37.71333240907241,-122.40670166028256,Entire home/apt,2,18,4.72,t,2,58,36,0.5,0.5,0.5,14,4.634728988229636
Western Addition,37.77963380797718,-122.44346064817722,Entire home/apt,6,3,5.0,t,10,250,61,0.3333333333333333,0.3333333333333333,0.5,24,5.652489180268651
Outer Mission,37.73214,-122.44671,Entire home/apt,10,29,4.86,t,7,289,50,0.5,0.5,0.5,5,5.886104031450156
Downtown/Civic Center,37.7884146,-122.4215935,Private room,2,0,0.0,f,30,365,36,0.5,0.5,0.5,10,5.572154032177765
Russian Hill,37.80360727392149,-122.4236033371483,Entire home/apt,2,47,4.83,t,14,246,47,0.5,0.5,0.5,18,4.990432586778736
Inner Richmond,37.7758218,-122.4737761,Entire home/apt,1,2,5.0,t,0,223,45,0.0,1.0,1.0,15,5.043425116919247
Excelsior,37.7316,-122.41374,Entire home/apt,4,3,5.0,f,0,319,44,0.75,0.5,1.25,2,5.41610040220442
Mission,37.76101549164206,-122.40708940786892,Entire home/apt,7,26,5.0,t,8,17,64,0.5714285714285714,0.2857142857142857,0.5714285714285714,7,6.045005314036012
Haight Ashbury,37.7620402,-122.4470998,Entire home/apt,8,41,4.98,t,11,17,72,0.375,0.1875,0.625,21,5.808142489980444
Castro/Upper Market,37.76765420599813,-122.43855620447458,Entire home/apt,6,98,4.99,t,11,224,53,0.5,0.4166666666666667,0.5,6,6.220590170099739
Excelsior,37.71733791370965,-122.42930708586908,Entire home/apt,6,126,4.91,t,4,208,29,0.5,0.3333333333333333,0.5,12,5.476463551931511
Western Addition,37.7772,-122.42697,Entire home/apt,4,5,5.0,t,0,262,36,0.25,0.25,0.5,6,4.941642422609304
Potrero Hill,37.75956,-122.40095,Entire home/apt,5,18,4.94,t,0,141,48,0.6,0.4,0.6,7,6.113682179832232
Marina,37.79943080854957,-122.43218213875129,Private room,2,5,5.0,t,0,329,22,0.5,0.5,0.5,3,4.060443010546419
Outer Sunset,37.7614995,-122.4933131,Entire home/apt,4,47,4.94,t,6,170,32,0.5,0.25,0.5,17,4.990432586778736
Visitacion Valley,37.7166389,-122.4038752,Entire home/apt,4,9,5.0,t,30,365,44,0.5,0.25,0.5,14,4.962844630259907
South of Market,37.78696,-122.39198,Entire home/apt,1,0,0.0,f,0,194,20,1.0,1.0,1.0,1,5.337538079701318
Haight Ashbury,37.771184,-122.448471,Entire home/apt,3,69,4.94,t,3,126,52,0.3333333333333333,0.3333333333333333,0.6666666666666666,24,5.44673737166631
Crocker Amazon,37.71144272570382,-122.43546379666296,Entire home/apt,4,107,4.93,t,10,224,25,0.5,0.375,0.5,12,5.0689042022202315
Noe Valley,37.7547,-122.43121,Entire home/apt,2,4,4.5,f,2,2,52,0.5,0.5,0.5,13,5.123963979403259
Western Addition,37.77874,-122.44568,Entire home/apt,8,55,4.78,f,0,31,59,0.375,0.25,0.5,24,6.045005314036012
Western Addition,37.77617589654695,-122.43614255421149,Entire home/apt,4,4,5.0,f,4,105,53,0.5,0.5,0.75,6,5.703782474656201
Pacific Heights,37.79726588865923,-122.42440674973751,Entire home/apt,4,1,5.0,f,1,47,27,0.25,0.25,0.5,10,4.564348191467836
Bernal Heights,37.74065196,-122.40872144,Entire home/apt,9,31,4.97,t,0,0,69,0.3333333333333333,0.3333333333333333,0.6666666666666666,20,5.857933154483459
Bernal Heights,37.73786,-122.42468,Entire home/apt,2,13,5.0,t,19,79,36,0.5,0.5,1.0,2,5.225746673713202
South of Market,37.78519318342673,-122.39400662299776,Entire home/apt,5,3,4.33,f,6,327,43,0.4,0.4,0.4,1,5.356586274672012
Western Addition,37.77203180732494,-122.4309531466672,Entire home/apt,2,5,5.0,f,0,195,47,0.5,0.5,0.5,6,4.59511985013459
Mission,37.75325252236132,-122.41797163005567,Entire home/apt,12,2,5.0,f,0,187,47,0.5833333333333334,0.25,0.6666666666666666,20,6.095824562432225
Outer Mission,37.7328,-122.44816,Entire home/apt,6,41,4.83,t,8,299,48,0.5,0.5,0.5,5,5.298317366548036
Mission,37.75951252708872,-122.4112781249867,Entire home/apt,6,1,5.0,f,0,195,32,0.5,0.16666666666666666,0.5,20,4.919980925828125
Excelsior,37.72191,-122.43329,Entire home/apt,6,79,4.96,f,15,345,41,0.5,0.3333333333333333,0.5,12,5.71042701737487
Downtown/Civic Center,37.7877337,-122.4107138,Private room,2,306,4.63,f,28,110,23,0.5,0.5,0.5,4,4.787491742782046
South of Market,37.784947,-122.405767,Private room,2,1016,4.77,t,24,100,20,0.5,0.5,0.5,4,5.298317366548036
South of Market,37.783497,-122.40693,Private room,2,405,4.74,f,27,108,21,0.5,0.5,0.5,4,5.181783550292085
Excelsior,37.73168,-122.4129,Entire home/apt,4,2,5.0,f,29,364,42,0.75,0.5,1.0,2,5.762051382780177
Excelsior,37.72958,-122.41213,Entire home/apt,2,4,5.0,f,30,365,44,0.5,0.5,1.0,2,5.10594547390058
Outer Mission,37.7136488,-122.4483831,Entire home/apt,4,35,4.97,t,0,209,53,0.5,0.25,0.5,12,5.135798437050262
Mission,37.76042665539212,-122.4109100838179,Entire home/apt,3,11,5.0,t,21,21,52,0.3333333333333333,0.3333333333333333,0.6666666666666666,20,6.22455842927536
Outer Richmond,37.77327643227401,-122.4840820804244,Entire home/apt,7,69,4.93,t,12,305,55,0.42857142857142855,0.21428571428571427,0.7142857142857143,15,5.940171252720432
Mission,37.7506571,-122.4144176,Entire home/apt,4,7,5.0,f,1,188,45,0.25,0.25,0.5,20,5.19295685089021
Downtown/Civic Center,37.7884146,-122.4215935,Private room,2,1,4.0,f,30,365,35,0.5,0.5,0.5,10,5.572154032177765
Downtown/Civic Center,37.7884146,-122.4215935,Private room,2,0,0.0,f,30,365,35,0.5,0.5,0.5,10,5.572154032177765
North Beach,37.80112652606204,-122.41058333133488,Private room,2,6,4.83,f,0,88,21,0.5,0.5,0.5,18,3.828641396489095
Downtown/Civic Center,37.78866381097406,-122.411618929184,Entire home/apt,4,4,5.0,t,22,116,47,0.25,0.25,0.5,4,5.459585514144159
Downtown/Civic Center,37.78963503836604,-122.41195384044352,Entire home/apt,4,3,5.0,t,22,116,46,0.25,0.25,0.5,4,5.459585514144159
Western Addition,37.78724387104168,-122.4236031200611,Private room,2,0,0.0,t,23,358,41,0.5,0.5,0.5,10,4.553876891600541
Western Addition,37.78582327822178,-122.4240382986853,Private room,2,18,4.83,t,1,274,42,0.5,0.5,0.5,10,4.990432586778736
Western Addition,37.78639,-122.42559,Private room,2,14,4.86,t,9,339,42,0.5,0.5,0.5,10,4.736198448394496
Western Addition,37.7731,-122.424394,Entire home/apt,3,3,5.0,f,0,117,43,0.6666666666666666,0.3333333333333333,0.6666666666666666,6,5.220355825078324
Bernal Heights,37.7394424,-122.4094089,Entire home/apt,7,31,4.94,t,18,318,55,0.42857142857142855,0.14285714285714285,0.42857142857142855,2,6.246106765481563
Inner Richmond,37.78033,-122.45125,Entire home/apt,2,35,4.97,t,6,217,60,0.5,0.5,1.0,24,5.652489180268651
North Beach,37.80619,-122.41744,Private room,4,1,5.0,t,12,252,14,0.25,0.25,0.5,18,5.41610040220442
Downtown/Civic Center,37.78806436346171,-122.4128600678644,Entire home/apt,4,2,5.0,t,10,264,49,0.25,0.25,0.5,4,5.616771097666572
Financial District,37.79303350039727,-122.4032105249624,Shared room,6,10,4.8,t,28,269,26,0.16666666666666666,0.16666666666666666,1.0,4,4.343805421853684
Excelsior,37.72278557727147,-122.42586956511096,Entire home/apt,3,24,4.71,t,9,9,36,0.3333333333333333,0.3333333333333333,0.3333333333333333,2,4.382026634673881
Marina,37.79939125936368,-122.4342302005034,Private room,1,2,5.0,t,24,359,18,1.0,1.0,1.0,3,4.0943445622221
South of Market,37.78615,-122.39129,Entire home/apt,3,3,5.0,t,0,185,35,0.3333333333333333,0.3333333333333333,0.3333333333333333,1,5.075173815233827
Bernal Heights,37.73392215201952,-122.41206601489874,Private room,2,51,4.96,t,12,237,34,0.0,0.5,0.0,2,4.663439094112067
Haight Ashbury,37.773120956298285,-122.44034422701552,Private room,2,0,0.0,f,29,269,53,0.5,0.5,0.5,6,4.941642422609304
Western Addition,37.7743,-122.43032,Entire home/apt,4,27,4.89,t,0,89,33,0.5,0.5,0.0,6,5.921578419643816
Downtown/Civic Center,37.78970069014047,-122.41151782146832,Entire home/apt,4,1,5.0,t,22,119,46,0.25,0.25,0.5,4,5.459585514144159
Downtown/Civic Center,37.78825,-122.41339,Entire home/apt,4,2,5.0,t,22,119,46,0.25,0.25,0.5,4,5.459585514144159
South of Market,37.7812714,-122.4018175,Entire home/apt,2,3,4.67,f,17,257,54,0.5,0.5,0.5,1,5.241747015059643
Downtown/Civic Center,37.7879,-122.40794,Private room,2,1,5.0,t,6,198,19,0.5,0.5,0.5,4,4.6443908991413725
Bernal Heights,37.73386,-122.43005,Entire home/apt,12,4,5.0,t,1,336,61,0.3333333333333333,0.25,0.5,2,6.333279628139691
Russian Hill,37.80141395358522,-122.41254417536192,Entire home/apt,2,21,5.0,t,0,76,52,0.5,1.0,0.5,18,6.424869023905388
Pacific Heights,37.7890298,-122.4381701,Entire home/apt,4,8,4.88,t,1,103,56,0.5,0.25,0.5,3,5.298317366548036
Mission,37.75876641016437,-122.40768100906672,Entire home/apt,7,7,5.0,t,6,231,27,0.5714285714285714,0.21428571428571427,0.5714285714285714,7,5.10594547390058
Nob Hill,37.79026512890576,-122.4199741849568,Private room,1,2,4.0,f,17,352,12,1.0,1.0,1.0,10,4.343805421853684
Marina,37.800743,-122.435119,Entire home/apt,2,75,5.0,t,2,182,62,0.5,0.5,0.5,3,5.802118375377063
Parkside,37.7407279,-122.4790754,Entire home/apt,4,3,5.0,f,23,252,5,0.5,0.25,0.5,22,5.247024072160486
Downtown/Civic Center,37.7889369,-122.412607,Private room,5,1,5.0,f,29,265,22,0.2,0.2,0.4,4,6.522092798170152
Western Addition,37.77123,-122.43078,Private room,2,139,4.94,t,10,342,47,0.5,0.75,0.5,6,4.356708826689592
Excelsior,37.7301815,-122.4138755,Private room,2,24,4.83,t,4,244,26,0.5,0.5,0.5,2,3.9889840465642745
Excelsior,37.7301815,-122.4138755,Private room,2,38,4.71,t,7,143,35,0.5,0.5,0.5,2,3.912023005428146
Excelsior,37.7301815,-122.4138755,Private room,2,27,4.81,t,17,257,20,0.5,0.5,0.5,2,3.9512437185814275
Excelsior,37.7301815,-122.4138755,Private room,2,34,4.79,t,7,157,18,0.5,0.5,0.5,2,3.970291913552122
Western Addition,37.78761,-122.42391,Private room,2,8,4.88,t,29,364,43,0.5,0.5,0.5,10,5.10594547390058
Outer Richmond,37.77981,-122.47874,Private room,5,79,4.87,f,8,227,49,0.2,0.3,0.4,15,4.477336814478207
Outer Sunset,37.756859807437166,-122.4928530516987,Entire home/apt,5,192,4.92,t,1,283,45,0.4,0.2,0.4,17,5.356586274672012
Nob Hill,37.79040395232632,-122.41377837049582,Entire home/apt,2,3,5.0,f,0,180,49,0.5,0.5,0.5,4,4.997212273764115
Western Addition,37.76975,-122.4309,Private room,2,97,4.96,t,12,340,48,0.5,0.5,0.5,6,4.477336814478207
Inner Richmond,37.77887,-122.45572,Entire home/apt,4,1,5.0,f,13,221,38,0.5,0.5,0.5,24,5.187385805840755
North Beach,37.80759,-122.42041,Private room,4,1,5.0,f,29,119,31,0.25,0.25,0.25,18,6.7226297948554485
Mission,37.761438499277546,-122.41376234422766,Entire home/apt,3,6,5.0,f,6,240,41,0.6666666666666666,0.5,0.6666666666666666,9,6.075346031088684
Western Addition,37.78443396847935,-122.43758674726824,Entire home/apt,8,61,4.85,t,0,215,70,0.375,0.25,0.5,24,6.212606095751519
Downtown/Civic Center,37.7889369,-122.412607,Private room,4,0,0.0,f,29,89,12,0.25,0.25,0.5,4,5.298317366548036
South of Market,37.78782,-122.39099,Entire home/apt,2,1,5.0,t,5,177,73,0.5,0.5,0.5,1,5.407171771460119
Downtown/Civic Center,37.78671,-122.41114,Private room,2,3,5.0,f,0,0,23,0.5,0.5,0.5,4,5.43372200355424
Western Addition,37.77116,-122.4288,Private room,2,89,4.96,t,15,342,48,0.5,0.5,0.5,6,4.499809670330265
Outer Richmond,37.77771,-122.47834,Private room,3,48,4.67,f,13,249,49,0.3333333333333333,0.5,0.6666666666666666,15,4.204692619390966
Outer Richmond,37.77784,-122.47828,Private room,4,48,4.69,f,12,248,48,0.25,0.375,0.5,15,4.30406509320417
South of Market,37.78573912900136,-122.39505372805216,Private room,1,4,5.0,t,2,305,45,1.0,1.0,1.0,1,4.382026634673881
Lakeshore,37.73334,-122.47649,Private room,1,0,0.0,f,0,209,8,1.0,1.0,1.0,22,3.970291913552122
North Beach,37.80074,-122.40874,Private room,2,3,3.33,f,0,168,18,0.5,1.0,0.5,18,3.9318256327243257
Western Addition,37.77452299999999,-122.4280389,Private room,1,15,5.0,t,1,126,14,1.0,1.0,1.0,6,4.605170185988092
Western Addition,37.78582,-122.43222,Private room,2,0,0.0,t,0,118,61,0.5,0.5,0.0,10,5.123963979403259
Financial District,37.792699,-122.39212,Private room,2,22,4.68,f,25,94,23,0.5,0.5,0.5,1,5.60947179518496
Financial District,37.792699,-122.39212,Private room,2,4,4.5,f,25,92,23,0.5,0.5,0.5,1,5.799092654460526
Financial District,37.792699,-122.39212,Private room,2,7,5.0,f,25,96,23,0.5,0.5,0.5,1,5.8998973535824915
Financial District,37.7889,-122.39275,Entire home/apt,2,0,0.0,t,2,235,69,0.5,0.5,0.5,1,5.517452896464707
South of Market,37.78662,-122.39278,Entire home/apt,2,1,5.0,t,4,226,68,0.5,0.5,0.5,1,5.5909869805108565
Parkside,37.74344194366393,-122.47373141130127,Private room,2,4,5.0,t,2,337,44,0.5,0.75,0.5,22,4.0943445622221
Downtown/Civic Center,37.7878525456739,-122.41934730267464,Entire home/apt,2,35,4.89,t,0,140,71,0.5,0.5,0.5,10,5.755742213586912
Mission,37.76818854057132,-122.41864413747828,Entire home/apt,2,2,4.5,t,0,201,24,0.5,0.5,0.5,9,4.90527477843843
Western Addition,37.77145121348347,-122.43057566321148,Private room,2,112,4.95,t,3,333,48,0.5,0.75,0.5,6,4.418840607796598
Excelsior,37.72292,-122.42505,Entire home/apt,8,9,5.0,t,7,76,55,0.375,0.3125,0.375,2,5.37989735354046
Western Addition,37.7758071,-122.4306759,Entire home/apt,11,31,4.87,t,10,77,47,0.36363636363636365,0.18181818181818182,0.6363636363636364,6,6.551080335043404
Western Addition,37.787637645564175,-122.42209249455854,Private room,2,0,0.0,f,30,365,35,0.5,0.5,0.5,10,5.572154032177765
Lakeshore,37.73252,-122.47547,Entire home/apt,2,42,4.81,t,17,174,49,0.0,0.5,0.5,22,4.897839799950911
Western Addition,37.78756,-122.42263,Private room,2,6,3.83,f,30,365,35,0.5,0.5,0.5,10,5.572154032177765
Pacific Heights,37.79442,-122.44469,Entire home/apt,4,8,5.0,t,0,243,49,0.75,0.5,0.75,3,7.4377951216719325
Nob Hill,37.78876320274976,-122.42075103091068,Private room,2,8,4.38,f,30,365,35,0.5,0.5,0.5,10,5.572154032177765
Bernal Heights,37.7367426,-122.4155237,Entire home/apt,2,0,0.0,f,11,251,40,0.5,0.5,1.0,2,4.700480365792417
Pacific Heights,37.79157410833746,-122.44322161762878,Entire home/apt,2,10,4.9,f,0,289,27,0.5,0.5,0.5,3,5.476463551931511
Presidio Heights,37.78442050195479,-122.45030376390186,Entire home/apt,4,58,4.84,t,11,123,43,0.25,0.25,0.5,24,5.135798437050262
Russian Hill,37.7986859630308,-122.41604975335044,Private room,2,28,4.96,t,29,254,60,0.5,0.75,0.5,18,5.529429087511423
Inner Richmond,37.78576,-122.46474,Entire home/apt,2,6,5.0,f,0,277,43,0.5,0.5,0.5,15,5.564520407322694
Downtown/Civic Center,37.78841,-122.41127,Entire home/apt,4,0,0.0,t,8,8,34,0.0,0.25,0.5,4,5.5254529391317835
Western Addition,37.7891,-122.42912,Entire home/apt,1,0,0.0,f,0,244,7,0.0,1.0,1.0,10,4.51085950651685
Western Addition,37.771846249856985,-122.42594198531074,Private room,2,0,0.0,t,0,176,47,0.5,0.5,1.0,6,4.605170185988092
Western Addition,37.78745443461002,-122.42258285163226,Private room,2,0,0.0,f,30,365,36,0.5,0.5,0.5,10,5.572154032177765
Downtown/Civic Center,37.78724,-122.42127,Private room,2,3,3.67,f,30,365,36,0.5,0.5,0.5,10,5.736572297479192
Downtown/Civic Center,37.78793279439331,-122.4205576361458,Private room,2,0,0.0,f,30,365,36,0.5,0.5,0.5,10,5.572154032177765
Potrero Hill,37.75364440383154,-122.39969442983276,Private room,1,8,5.0,f,0,115,8,1.0,1.0,1.0,7,5.017279836814924
Downtown/Civic Center,37.78735146128014,-122.42128828410588,Private room,2,0,0.0,f,30,365,36,0.5,0.5,0.5,10,5.572154032177765
Downtown/Civic Center,37.78734786897246,-122.421222207565,Private room,2,0,0.0,f,30,365,36,0.5,0.5,0.5,10,5.572154032177765
Nob Hill,37.78930781709531,-122.42103072585452,Private room,2,0,0.0,f,30,365,36,0.5,0.5,0.5,10,5.736572297479192
Western Addition,37.78927,-122.42226,Private room,2,0,0.0,f,30,365,36,0.5,0.5,0.5,10,5.572154032177765
Parkside,37.74333556742933,-122.47670101067628,Private room,2,3,4.33,t,16,256,33,0.5,0.5,0.5,22,4.07753744390572
Nob Hill,37.79001433034162,-122.4129676379194,Entire home/apt,4,0,0.0,f,0,58,39,0.25,0.25,0.0,4,5.521460917862246
Pacific Heights,37.7932,-122.42334,Entire home/apt,4,0,0.0,f,0,243,18,0.5,0.5,0.5,10,5.429345628954441
North Beach,37.8054714,-122.4168419,Private room,2,1,5.0,f,0,3,12,0.5,0.5,0.0,18,5.978885764901122
Outer Sunset,37.7460651,-122.5073465,Entire home/apt,2,68,4.88,t,5,294,68,0.5,0.5,0.5,17,5.159055299214529
Chinatown,37.79771193020809,-122.40716610726014,Private room,1,4,3.75,f,0,264,18,1.0,2.0,1.0,18,3.6109179126442243
Downtown/Civic Center,37.78924,-122.40974,Private room,2,82,4.85,t,24,99,23,0.5,0.5,0.5,4,5.25227342804663
Lakeshore,37.7339,-122.47362,Entire home/apt,2,19,4.89,t,21,77,33,0.5,0.5,0.5,22,5.135798437050262
North Beach,37.80507,-122.41197,Entire home/apt,6,12,4.67,t,7,301,55,0.5,0.16666666666666666,0.5,18,5.8998973535824915
Bayview,37.73456214652021,-122.3910664891618,Private room,1,0,0.0,f,0,148,8,1.0,1.5,0.0,14,3.6888794541139363
Presidio Heights,37.78393573498416,-122.45335978986434,Entire home/apt,4,45,4.91,t,10,329,41,0.25,0.25,0.5,24,5.356586274672012
Bernal Heights,37.7417911,-122.4233063,Entire home/apt,10,0,0.0,f,28,363,11,0.4,0.2,0.6,2,5.700443573390687
Mission,37.76102360014311,-122.41770096868991,Private room,1,0,0.0,t,0,29,28,1.0,3.0,1.0,9,4.882801922586371
Haight Ashbury,37.77453,-122.44096,Entire home/apt,10,1,5.0,f,0,240,31,0.5,0.2,0.5,24,6.20455776256869
Mission,37.7566368,-122.4228241,Private room,2,33,4.85,f,5,55,47,0.5,0.75,0.5,9,4.727387818712341
Marina,37.7962136,-122.436793,Entire home/apt,4,4,5.0,t,0,89,49,0.5,0.25,0.75,3,5.552959584921617
Mission,37.76837,-122.41873,Entire home/apt,2,3,5.0,f,0,235,50,0.5,0.5,0.5,9,4.867534450455582
Castro/Upper Market,37.75739987522925,-122.42825929466048,Entire home/apt,4,46,5.0,t,10,56,60,0.5,0.625,0.5,13,6.202535517187923
Marina,37.804656224479885,-122.43577095101269,Entire home/apt,4,46,4.96,t,10,113,40,0.5,0.25,0.75,3,5.723585101952381
Pacific Heights,37.79103216259279,-122.42297606781348,Private room,6,5,5.0,t,7,320,49,0.3333333333333333,0.3333333333333333,0.3333333333333333,10,6.396929655216146
Outer Sunset,37.7543361,-122.5042332,Private room,2,60,4.92,t,7,56,46,0.5,0.5,0.5,17,4.430816798843313
Castro/Upper Market,37.75955,-122.43002,Entire home/apt,5,0,0.0,f,0,335,8,0.4,0.4,0.0,9,5.808142489980444
Financial District,37.78958292635906,-122.40526259585856,Private room,1,7,4.71,f,29,267,15,1.0,1.0,1.0,4,5.099866427824199
Potrero Hill,37.75923909999999,-122.3896364,Entire home/apt,2,40,4.98,t,1,288,41,0.5,0.5,0.5,7,5.272999558563747
Downtown/Civic Center,37.786764,-122.409433,Private room,2,613,4.68,f,28,96,22,0.5,0.5,0.5,4,4.442651256490317
Mission,37.767787036967455,-122.41878582481831,Entire home/apt,4,1,5.0,f,9,249,57,0.75,0.5,0.75,9,5.293304824724492
Outer Sunset,37.76274442982475,-122.5056791166482,Entire home/apt,4,71,4.94,t,14,145,28,0.5,0.25,0.75,17,5.313205979041787
Nob Hill,37.79489,-122.41388,Entire home/apt,2,1,3.0,f,7,311,40,0.5,0.5,0.5,4,4.709530201312334
Inner Richmond,37.78028715652295,-122.4558254319724,Entire home/apt,6,16,4.69,t,0,147,9,0.5,0.3333333333333333,0.6666666666666666,24,5.863631175598097
Castro/Upper Market,37.75744956289165,-122.4371049553156,Entire home/apt,2,5,5.0,t,0,118,43,0.5,0.5,0.5,21,5.3230099791384085
Mission,37.76795914914816,-122.41911353385731,Entire home/apt,2,0,0.0,t,7,342,33,0.5,0.5,0.5,9,5.783825182329737
Inner Richmond,37.78676,-122.47804,Entire home/apt,2,47,5.0,t,6,243,43,0.5,0.5,1.0,15,5.030437921392435
Parkside,37.74004,-122.48117,Entire home/apt,6,79,4.99,t,6,44,55,0.5,0.25,0.6666666666666666,22,5.8888779583328805
Western Addition,37.78638385878479,-122.44177023489937,Entire home/apt,6,23,5.0,t,4,10,50,0.5,0.3333333333333333,0.5,24,6.363028103540465
Downtown/Civic Center,37.78777,-122.41348,Entire home/apt,2,0,0.0,f,25,62,26,0.5,0.5,0.5,4,6.0330862217988015
Western Addition,37.77374,-122.42971,Private room,1,2,5.0,f,10,335,36,1.0,1.0,1.0,6,4.219507705176107
Outer Sunset,37.7474287,-122.4822149,Entire home/apt,7,14,5.0,t,7,307,66,0.5714285714285714,0.2857142857142857,0.5714285714285714,22,6.359573868672378
Twin Peaks,37.75846,-122.45072,Entire home/apt,6,33,4.94,t,10,130,50,0.3333333333333333,0.3333333333333333,0.5,21,6.486160788944089
Downtown/Civic Center,37.78402031822892,-122.40926918861058,Entire home/apt,2,1,5.0,f,30,270,40,0.5,0.5,0.0,4,5.703782474656201
Financial District,37.78933,-122.40506,Private room,1,2,5.0,f,30,270,13,1.0,1.0,1.0,4,5.093750200806762
Mission,37.75048209875331,-122.4171100440489,Private room,2,2,5.0,f,13,163,42,0.5,0.5,0.5,20,4.6443908991413725
Mission,37.74897778558141,-122.41111858132446,Entire home/apt,3,12,5.0,t,21,356,40,0.6666666666666666,0.3333333333333333,0.6666666666666666,20,5.58724865840025
Outer Mission,37.72767,-122.43281,Private room,1,8,4.5,t,26,266,10,1.0,1.0,1.0,5,4.3694478524670215
Russian Hill,37.80038,-122.41514,Private room,1,28,5.0,t,9,238,54,1.0,2.5,1.0,18,5.117993812416755
Russian Hill,37.80025332513615,-122.41621871056556,Private room,2,38,4.95,t,15,232,47,0.5,1.0,0.5,18,5.19295685089021
Haight Ashbury,37.771625293388446,-122.43757503810296,Entire home/apt,12,66,4.8,t,6,177,52,0.4166666666666667,0.20833333333333334,0.5,6,5.988961416889864
Excelsior,37.73146,-122.41371,Entire home/apt,2,0,0.0,f,29,364,42,1.0,1.0,1.0,2,5.476463551931511
Excelsior,37.73008,-122.42677,Private room,2,16,5.0,t,11,323,49,0.5,0.5,0.5,2,3.9889840465642745
Western Addition,37.78562422411069,-122.42948687743184,Entire home/apt,5,3,4.33,f,0,176,53,0.8,0.6,0.8,10,6.51471269087253
Downtown/Civic Center,37.78947409501448,-122.4075460869983,Entire home/apt,4,2,5.0,f,16,63,29,0.25,0.25,0.5,4,5.247024072160486
South of Market,37.77529,-122.39057,Entire home/apt,3,4,5.0,f,4,15,55,0.6666666666666666,0.3333333333333333,0.3333333333333333,1,6.558197802812269
Castro/Upper Market,37.7588337,-122.431693,Entire home/apt,8,69,4.99,t,7,209,65,0.375,0.25,0.75,13,5.8916442118257715
Downtown/Civic Center,37.78953257742397,-122.40713984539492,Entire home/apt,2,1,5.0,f,13,64,11,0.5,0.5,0.5,4,5.135798437050262
West of Twin Peaks,37.74274,-122.4617,Entire home/apt,3,104,4.92,t,1,22,14,0.3333333333333333,0.3333333333333333,0.3333333333333333,19,4.90527477843843
Outer Mission,37.72604445375029,-122.43453844204667,Private room,1,12,5.0,t,30,270,9,1.0,1.0,1.0,5,4.23410650459726
Nob Hill,37.79016,-122.41129,Entire home/apt,3,6,5.0,t,0,212,44,0.6666666666666666,0.6666666666666666,0.6666666666666666,4,5.19295685089021
Bernal Heights,37.74741,-122.42087,Entire home/apt,4,63,4.9,t,2,67,43,0.5,0.25,0.5,13,5.58724865840025
South of Market,37.77243410000001,-122.3972595,Entire home/apt,3,8,4.88,f,0,241,63,0.3333333333333333,0.5,0.0,1,5.8971538676367405
Downtown/Civic Center,37.78705,-122.41289,Entire home/apt,2,10,4.4,f,0,311,14,0.0,0.5,0.5,4,4.605170185988092
Western Addition,37.77845,-122.42564,Entire home/apt,2,9,4.89,t,0,304,36,0.0,0.5,0.5,6,4.787491742782046
Financial District,37.78602958403447,-122.40412189479284,Entire home/apt,2,1,5.0,f,28,363,39,0.5,0.5,1.0,4,5.8971538676367405
Chinatown,37.79042,-122.40868,Entire home/apt,2,5,4.8,f,23,358,50,0.5,0.5,0.5,4,5.407171771460119
Nob Hill,37.78872676772384,-122.42061863029782,Entire home/apt,2,11,5.0,t,7,87,62,0.5,0.5,0.5,10,5.71042701737487
Outer Mission,37.7332353,-122.4393145,Entire home/apt,4,72,4.89,t,12,333,60,0.5,0.5,0.5,5,4.941642422609304
Downtown/Civic Center,37.78837076092248,-122.40957109358742,Entire home/apt,2,1,5.0,f,28,363,49,0.5,0.5,0.5,4,5.545177444479562
Downtown/Civic Center,37.785477096172166,-122.4064138347881,Entire home/apt,2,0,0.0,f,28,363,45,0.5,0.5,0.5,4,5.666426688112432
Downtown/Civic Center,37.78794,-122.4125,Entire home/apt,2,1,5.0,f,28,363,47,0.5,0.5,0.5,4,5.342334251964811
Financial District,37.78599,-122.4035,Entire home/apt,2,0,0.0,f,28,363,48,0.5,0.5,0.5,4,6.670766320845874
Nob Hill,37.79124069413744,-122.40957875610376,Entire home/apt,2,0,0.0,f,28,363,43,0.5,0.5,0.5,4,5.817111159963204
Nob Hill,37.79053500662464,-122.41511689383056,Private room,2,92,4.77,f,8,58,58,0.5,0.5,0.0,4,4.290459441148391
Outer Sunset,37.75037,-122.50287,Private room,1,3,5.0,f,3,338,38,1.0,1.0,1.0,17,4.941642422609304
Downtown/Civic Center,37.78716649858409,-122.41138176331272,Entire home/apt,2,2,5.0,f,28,363,47,0.5,0.5,0.5,4,5.8289456176102075
Financial District,37.79543,-122.40136,Entire home/apt,2,0,0.0,f,28,363,42,0.5,0.5,0.5,4,6.60934924316738
Russian Hill,37.80132523628063,-122.4161301576603,Entire home/apt,16,0,0.0,f,29,269,5,0.0625,0.0625,0.0625,18,6.214608098422191
Mission,37.7574,-122.4237,Private room,2,16,4.75,f,10,67,38,0.5,0.75,0.5,9,4.3694478524670215
Downtown/Civic Center,37.78681152189068,-122.409675672962,Entire home/apt,2,0,0.0,f,28,363,46,0.5,0.5,0.5,4,5.950642552587727
Downtown/Civic Center,37.78887106801474,-122.40941861248297,Entire home/apt,2,0,0.0,f,28,363,50,0.5,0.5,0.5,4,6.208590026096629
Downtown/Civic Center,37.78594919915952,-122.41237247155271,Entire home/apt,2,2,4.5,f,28,363,43,0.5,0.5,0.5,4,5.768320995793772
Downtown/Civic Center,37.7888,-122.40827,Entire home/apt,2,0,0.0,f,28,363,48,0.5,0.5,0.5,4,6.077642243349034
Russian Hill,37.80633,-122.42008,Entire home/apt,2,2,5.0,f,28,363,47,0.5,0.5,0.5,18,5.950642552587727
Marina,37.79915,-122.42524,Private room,1,1,5.0,t,0,335,27,1.0,1.0,1.0,10,4.31748811353631
Financial District,37.79486,-122.3945,Entire home/apt,2,0,0.0,f,28,363,48,0.5,0.5,1.0,1,6.126869184114185
North Beach,37.80557613121212,-122.41487928361543,Entire home/apt,2,0,0.0,f,28,363,47,0.5,0.5,0.5,18,5.62040086571715
North Beach,37.80644,-122.41687,Entire home/apt,2,0,0.0,f,28,363,52,0.5,0.5,0.5,18,5.840641657373398
Downtown/Civic Center,37.78425632875975,-122.408212849108,Entire home/apt,2,0,0.0,f,28,363,46,0.5,0.5,0.5,4,5.945420608606575
Financial District,37.78695,-122.39596,Entire home/apt,2,0,0.0,f,28,363,48,0.5,0.5,0.5,1,6.184148890937483
Financial District,37.79581,-122.40504,Entire home/apt,2,0,0.0,f,28,363,50,0.5,0.5,0.5,4,6.498282149476434
Downtown/Civic Center,37.78773770354714,-122.41179360750168,Entire home/apt,2,0,0.0,f,28,363,45,0.5,0.5,0.5,4,6.429719478039138
North Beach,37.80730698663766,-122.4186641550466,Entire home/apt,2,2,5.0,f,28,363,46,0.5,0.5,0.5,18,5.583496308781699
Western Addition,37.785889236147376,-122.43009424388067,Entire home/apt,2,0,0.0,f,28,363,49,0.5,0.5,0.5,10,6.79346613258001
Chinatown,37.79125291868189,-122.40563554682409,Entire home/apt,2,0,0.0,f,28,363,44,0.5,0.5,0.5,4,5.648974238161206
North Beach,37.806732733757656,-122.41214474020258,Entire home/apt,2,2,5.0,f,28,363,49,0.5,0.5,0.5,18,5.6131281063880705
Marina,37.80087,-122.43946,Entire home/apt,2,0,0.0,f,28,363,51,0.5,0.5,0.5,3,5.857933154483459
Nob Hill,37.79062293146238,-122.410839116838,Entire home/apt,2,0,0.0,f,28,363,46,0.5,0.5,0.5,4,5.459585514144159
North Beach,37.80589592868309,-122.4160427705421,Entire home/apt,2,0,0.0,f,28,363,50,0.5,0.5,0.5,18,5.786897381366708
South of Market,37.7738,-122.38964,Entire home/apt,2,0,0.0,f,28,363,49,0.5,0.5,0.5,1,7.155396301896734
Western Addition,37.78600741730256,-122.43140722098175,Entire home/apt,2,0,0.0,f,28,363,42,0.5,0.5,0.5,10,5.986452005284438
Downtown/Civic Center,37.78473738779027,-122.41034977193326,Entire home/apt,2,0,0.0,f,28,363,48,0.5,0.5,0.5,4,6.035481432524756
Downtown/Civic Center,37.78563,-122.40728,Entire home/apt,2,0,0.0,f,28,363,46,0.5,0.5,0.5,4,5.840641657373398
South of Market,37.78165115403121,-122.40286033560672,Entire home/apt,2,0,0.0,f,28,363,39,0.5,0.5,0.5,1,6.148468295917647
North Beach,37.8066,-122.41707,Entire home/apt,2,0,0.0,f,28,363,45,0.5,0.5,0.5,18,5.886104031450156
Downtown/Civic Center,37.78444,-122.42021,Entire home/apt,2,0,0.0,f,28,363,45,0.5,0.5,0.5,10,5.8522024797744745
Financial District,37.790697984516896,-122.40274625320612,Entire home/apt,2,0,0.0,f,28,363,48,0.5,0.5,0.5,4,5.793013608384144
Nob Hill,37.79001,-122.41051,Entire home/apt,2,0,0.0,f,28,363,46,0.5,0.5,0.5,4,6.021023349349527
South of Market,37.77856833482981,-122.39153057086196,Entire home/apt,2,0,0.0,f,28,363,48,0.5,0.5,0.5,1,6.654152520183219
North Beach,37.80734,-122.41466,Entire home/apt,2,2,4.5,f,28,363,44,0.5,0.5,0.5,18,5.4510384535657
North Beach,37.805898561861554,-122.41790282424846,Entire home/apt,2,0,0.0,f,28,363,46,0.5,0.5,0.5,18,6.137727054086234
Downtown/Civic Center,37.78783165616401,-122.4092406493794,Entire home/apt,2,0,0.0,f,28,363,43,0.5,0.5,0.5,4,5.676753802268282
Downtown/Civic Center,37.78790605418728,-122.4107466785306,Entire home/apt,2,1,5.0,f,28,363,52,0.5,0.5,0.5,4,5.662960480135946
Downtown/Civic Center,37.78764,-122.41235,Entire home/apt,2,0,0.0,f,28,363,47,0.5,0.5,0.5,4,5.583496308781699
Financial District,37.78422710773132,-122.3992459502073,Entire home/apt,2,1,5.0,f,28,363,46,0.5,0.5,0.5,1,6.97354301952014
Downtown/Civic Center,37.789462805860936,-122.40777935678037,Entire home/apt,2,1,5.0,f,28,363,42,0.5,0.5,0.5,4,5.666426688112432
Visitacion Valley,37.70982,-122.40633,Private room,4,63,4.73,t,13,332,22,0.25,0.125,0.5,14,4.007333185232471
Visitacion Valley,37.71021,-122.40487,Private room,2,35,4.83,t,4,326,35,0.5,0.25,0.5,14,4.02535169073515
Haight Ashbury,37.77471166221109,-122.44614385222046,Entire home/apt,9,0,0.0,f,29,269,18,0.4444444444444444,0.2222222222222222,0.4444444444444444,24,5.583496308781699
Western Addition,37.771115004018085,-122.4320354102307,Entire home/apt,6,0,0.0,f,29,179,14,0.5,0.4166666666666667,0.6666666666666666,6,6.0867747269123065
South of Market,37.78733,-122.39025,Entire home/apt,5,4,5.0,f,0,324,60,0.4,0.4,0.6,1,6.068425588244111
North Beach,37.79961,-122.40382,Entire home/apt,2,2,5.0,t,8,343,32,0.5,0.5,0.5,18,5.5254529391317835
Excelsior,37.72987833938543,-122.4131866852987,Entire home/apt,2,0,0.0,f,0,319,44,1.0,1.0,1.5,2,5.337538079701318
Noe Valley,37.74291722977623,-122.43355256522024,Entire home/apt,4,9,5.0,f,17,145,43,0.5,0.5,0.5,13,5.521460917862246
Potrero Hill,37.75719,-122.40047,Entire home/apt,4,28,4.89,f,8,335,55,0.5,0.5,0.25,7,5.932245187448011
Marina,37.7990074,-122.4403967,Private room,4,61,4.33,f,27,354,25,0.25,0.25,0.5,3,5.081404364984463
Visitacion Valley,37.71134442681461,-122.40448795589634,Private room,2,45,4.89,t,3,318,23,0.5,0.5,0.5,14,4.0943445622221
Bayview,37.73616,-122.39013,Private room,2,1,5.0,t,24,144,38,0.5,1.0,0.5,14,3.8066624897703196
Nob Hill,37.79415324793901,-122.41314341134031,Entire home/apt,2,4,5.0,t,0,141,34,0.0,0.5,0.5,4,4.382026634673881
Outer Sunset,37.76337,-122.50549,Entire home/apt,4,86,4.53,f,15,342,22,0.5,0.25,0.75,17,4.605170185988092
North Beach,37.80407,-122.40901,Private room,5,27,4.85,t,7,301,53,0.4,0.2,0.4,18,5.860786223465865
Outer Sunset,37.75852,-122.50988,Entire home/apt,2,0,0.0,f,0,58,12,0.5,0.5,0.5,17,4.553876891600541
Castro/Upper Market,37.76120549104858,-122.44596621748576,Entire home/apt,2,40,5.0,t,3,13,46,0.5,0.5,0.5,21,5.087596335232384
Russian Hill,37.80117315176185,-122.4219342542942,Entire home/apt,4,5,5.0,t,1,84,59,0.5,0.25,0.75,18,5.389071729816501
Potrero Hill,37.7611051,-122.4026142,Entire home/apt,2,4,5.0,t,27,238,29,0.5,0.5,0.5,7,4.9344739331306915
Marina,37.80572424729636,-122.4367292708654,Entire home/apt,4,2,5.0,t,0,281,18,0.25,0.25,0.5,3,5.75890177387728
Western Addition,37.7743013,-122.4373524,Private room,3,3,4.67,f,29,269,14,0.6666666666666666,0.5,0.0,6,5.43372200355424
Outer Mission,37.72585,-122.44167,Entire home/apt,4,53,4.94,t,9,233,49,0.5,0.25,0.5,5,5.10594547390058
Marina,37.8011,-122.43895,Entire home/apt,2,0,0.0,f,0,209,11,0.5,0.5,0.5,3,4.68213122712422
Castro/Upper Market,37.76327,-122.4262,Entire home/apt,4,2,5.0,f,0,60,27,0.5,0.375,0.75,9,5.768320995793772
Noe Valley,37.74705299285206,-122.4295336277909,Entire home/apt,4,2,5.0,f,0,148,42,0.5,0.5,0.5,13,5.886104031450156
Potrero Hill,37.7551407,-122.3990095,Entire home/apt,4,1,4.0,f,0,164,14,0.5,0.5,0.0,7,5.4638318050256105
Haight Ashbury,37.77359,-122.439,Entire home/apt,4,1,5.0,f,0,221,31,0.5,0.25,0.75,6,5.517452896464707
Bayview,37.7347,-122.38893,Private room,2,0,0.0,f,18,292,5,0.5,1.0,1.0,14,4.219507705176107
Chinatown,37.79089,-122.40784,Entire home/apt,2,0,0.0,f,14,65,10,0.5,0.5,0.5,4,5.135798437050262
South of Market,37.78524,-122.39687,Private room,2,10,5.0,t,2,2,52,0.5,0.5,0.5,1,4.653960350157523
South of Market,37.77525629403078,-122.40036668506649,Entire home/apt,4,3,5.0,t,0,129,32,0.5,0.25,0.5,1,5.003946305945459
Western Addition,37.77232703791497,-122.42519329996964,Entire home/apt,4,0,0.0,f,0,150,11,1.0,1.25,0.0,6,6.591673732008658
Visitacion Valley,37.714478727899206,-122.40821325625322,Entire home/apt,2,18,4.94,t,11,57,36,0.5,0.5,0.0,14,4.543294782270004
Visitacion Valley,37.71252,-122.40809,Entire home/apt,4,38,4.92,t,14,61,38,0.5,0.25,0.5,14,4.969813299576001
Excelsior,37.72987091871386,-122.42936647427096,Entire home/apt,3,50,4.96,t,1,51,36,0.3333333333333333,0.3333333333333333,0.3333333333333333,2,4.343805421853684
Pacific Heights,37.795041,-122.4306881,Entire home/apt,2,1,5.0,f,28,268,60,0.5,0.75,0.5,3,6.416732282512326
Inner Richmond,37.775607825587,-122.45734582896584,Entire home/apt,5,9,4.78,f,30,365,17,0.6,0.2,0.8,24,5.793013608384144
Noe Valley,37.74432371151664,-122.43205493747492,Entire home/apt,6,8,5.0,f,0,47,61,0.5,0.5,0.6666666666666666,13,6.42648845745769
Inner Richmond,37.781803188331736,-122.47467697357698,Entire home/apt,6,0,0.0,f,0,92,12,0.3333333333333333,0.16666666666666666,0.5,15,5.480638923341991
Potrero Hill,37.76285,-122.39454,Entire home/apt,4,16,4.94,t,0,144,45,0.5,0.625,0.5,7,6.47543271670409
Bernal Heights,37.74184,-122.41943,Entire home/apt,4,0,0.0,f,1,61,28,0.5,0.25,0.5,2,5.303304908059076
Haight Ashbury,37.76246273094284,-122.44830300363712,Private room,1,1,5.0,f,0,92,18,1.0,2.0,3.0,21,4.477336814478207
Chinatown,37.7912563,-122.4088333,Private room,2,58,4.9,t,6,14,49,0.5,0.5,1.0,4,5.298317366548036
Downtown/Civic Center,37.7895556,-122.4122964,Entire home/apt,4,2,5.0,t,2,323,48,0.5,0.25,0.5,4,5.393627546352362
Western Addition,37.787990415430215,-122.425307633368,Private room,2,1,5.0,t,0,233,55,0.5,0.0,0.5,10,4.700480365792417
Bernal Heights,37.74475,-122.40928,Entire home/apt,3,46,5.0,f,7,264,58,0.3333333333333333,0.3333333333333333,0.6666666666666666,20,5.075173815233827
Bernal Heights,37.74051051692575,-122.415159791708,Entire home/apt,6,4,5.0,f,0,9,51,0.5,0.3333333333333333,0.6666666666666666,2,5.950642552587727
Downtown/Civic Center,37.78604159153471,-122.416805875919,Private room,3,1,5.0,f,0,243,38,0.3333333333333333,0.3333333333333333,0.6666666666666666,4,3.6888794541139363
Outer Mission,37.71918743246869,-122.44502912492766,Entire home/apt,2,0,0.0,f,17,352,3,0.0,0.5,0.5,12,4.553876891600541
Ocean View,37.71729432600352,-122.45032533681908,Entire home/apt,6,18,4.83,t,27,257,31,0.5,0.3333333333333333,0.5,12,5.476463551931511
Mission,37.75806714293561,-122.41136119415948,Private room,2,34,4.94,t,6,165,38,0.5,0.5,0.5,20,4.897839799950911
Bayview,37.71802,-122.39124,Private room,2,4,5.0,t,17,199,44,0.5,0.5,0.5,14,4.127134385045092
North Beach,37.8037354072741,-122.40431052585244,Entire home/apt,4,2,5.0,t,0,260,10,0.5,0.5,0.5,18,5.659482215759621
Haight Ashbury,37.77023,-122.44985,Entire home/apt,14,0,0.0,f,29,364,39,0.5,0.21428571428571427,0.42857142857142855,24,6.20455776256869
Twin Peaks,37.753182595029486,-122.44268274051208,Entire home/apt,4,22,4.95,t,3,18,43,0.25,0.25,0.25,21,4.836281906951478
South of Market,37.7742931,-122.3912079,Entire home/apt,3,26,4.96,t,15,257,62,0.3333333333333333,0.3333333333333333,0.3333333333333333,1,6.095824562432225
Downtown/Civic Center,37.78744,-122.42095,Private room,2,0,0.0,f,20,309,34,0.5,0.5,0.5,10,5.572154032177765
Outer Mission,37.72324516023384,-122.43978394495088,Entire home/apt,2,30,4.9,t,6,216,37,0.5,0.5,0.5,12,4.48863636973214
Castro/Upper Market,37.76899,-122.4341,Entire home/apt,4,2,5.0,t,0,101,63,0.5,0.375,0.5,6,5.313205979041787
Financial District,37.7892,-122.40673,Private room,2,28,4.18,f,30,212,15,0.5,0.5,0.5,4,4.61512051684126
Financial District,37.78927,-122.40666,Private room,1,126,4.44,f,29,211,15,1.0,1.0,1.0,4,4.465908118654584
Crocker Amazon,37.71475,-122.43975,Private room,5,41,4.78,t,12,347,41,0.2,0.2,0.4,12,4.31748811353631
Parkside,37.74199,-122.47384,Entire home/apt,4,32,5.0,t,2,15,30,0.25,0.25,0.5,22,5.147494476813453
Haight Ashbury,37.769092,-122.4436069,Entire home/apt,2,2,5.0,f,0,335,30,0.0,0.5,0.5,21,4.700480365792417
Bayview,37.7306498,-122.3862923,Private room,5,27,4.37,f,19,330,46,0.2,0.2,0.4,14,4.356708826689592
Castro/Upper Market,37.76403,-122.4327,Private room,2,8,4.38,f,27,359,44,0.5,1.0,0.5,6,4.499809670330265
Castro/Upper Market,37.76768559975337,-122.43788761670936,Entire home/apt,4,3,4.67,f,27,177,32,0.5,0.25,0.5,6,6.214608098422191
Western Addition,37.77721528506903,-122.4253565486706,Entire home/apt,2,2,5.0,t,4,183,39,0.5,0.5,0.5,6,5.123963979403259
Haight Ashbury,37.773022983376016,-122.44484202477132,Entire home/apt,8,0,0.0,f,29,269,12,0.5,0.25,0.5,24,6.38856140554563
Diamond Heights,37.73673696480192,-122.44076589764936,Entire home/apt,3,7,4.57,f,29,269,58,0.3333333333333333,0.5,0.6666666666666666,5,5.017279836814924
Excelsior,37.72416,-122.40415,Entire home/apt,2,12,5.0,t,21,226,33,0.5,0.5,1.0,14,4.770684624465665
Marina,37.8009368546741,-122.42586117976226,Private room,2,5,4.4,f,30,340,10,0.5,0.5,0.5,10,5.0689042022202315
Pacific Heights,37.7919852,-122.4331212,Entire home/apt,4,0,0.0,f,27,328,16,0.75,0.625,0.75,3,7.221105098182496
Outer Mission,37.731526,-122.4440879,Private room,2,111,4.92,t,6,49,40,0.5,0.5,1.0,5,4.634728988229636
South of Market,37.78425,-122.40735,Private room,2,7,5.0,t,27,159,22,0.5,0.5,0.5,4,5.541263545158426
South of Market,37.783617577886574,-122.40767310477533,Private room,4,13,4.77,t,14,146,22,0.25,0.25,0.5,4,5.700443573390687
Downtown/Civic Center,37.78476707123627,-122.40725543097548,Private room,2,28,4.79,t,24,156,22,0.5,0.5,0.5,4,5.402677381872279
Downtown/Civic Center,37.78728003066088,-122.4092574737874,Entire home/apt,4,2,5.0,t,27,355,13,0.0,0.25,0.5,4,5.700443573390687
Haight Ashbury,37.77453808221601,-122.44697062917122,Entire home/apt,4,0,0.0,f,29,269,5,0.5,0.25,0.5,24,5.583496308781699
Bayview,37.71757783524188,-122.38956837832151,Private room,2,1,5.0,t,1,200,40,0.5,0.5,0.5,14,4.127134385045092
Nob Hill,37.7944577,-122.4183985,Entire home/apt,2,1,5.0,f,0,132,41,0.5,0.5,0.5,10,5.003946305945459
Mission,37.766732769706486,-122.41953343080928,Private room,1,1,5.0,f,0,228,44,1.0,1.0,2.0,9,4.382026634673881
Mission,37.76115,-122.41113,Private room,2,2,5.0,f,29,269,13,0.5,0.5,0.5,20,5.703782474656201
Financial District,37.79292,-122.39199,Entire home/apt,2,0,0.0,f,28,363,40,0.5,0.5,0.5,1,6.63200177739563
Crocker Amazon,37.71485651103338,-122.43908381783832,Private room,2,30,4.77,t,16,351,35,0.5,0.5,0.5,12,4.248495242049359
Haight Ashbury,37.775145672861264,-122.43933575300974,Entire home/apt,6,0,0.0,t,29,364,52,0.5,0.5,0.5,6,6.406879986069314
Outer Mission,37.731412,-122.4406024,Entire home/apt,2,16,4.5,f,18,39,27,0.5,0.5,0.5,5,4.727387818712341
Castro/Upper Market,37.7612295,-122.444876,Entire home/apt,2,4,5.0,f,1,102,30,0.5,0.5,0.5,21,5.298317366548036
Marina,37.80094957067711,-122.42589336627044,Shared room,1,49,4.9,f,30,341,9,0.0,1.0,0.0,10,4.060443010546419
Marina,37.8009199,-122.4258129,Private room,4,5,4.2,f,13,315,9,0.25,0.25,1.0,10,5.37989735354046
Marina,37.8009199,-122.4258129,Private room,2,2,5.0,f,28,336,10,0.5,0.5,0.5,10,5.099866427824199
Marina,37.8009199,-122.4258129,Private room,2,110,4.76,f,28,337,10,0.5,0.5,0.5,10,5.099866427824199
Haight Ashbury,37.76802070862294,-122.44282790192672,Entire home/apt,2,0,0.0,f,0,335,7,0.0,0.5,0.5,21,4.882801922586371
Inner Richmond,37.778497038161575,-122.45017064847998,Entire home/apt,8,32,4.41,f,8,272,16,0.5,0.25,0.625,24,6.148468295917647
Marina,37.80403678197029,-122.43063679085571,Entire home/apt,2,4,4.75,t,4,272,45,0.5,0.5,0.5,3,4.882801922586371
Inner Richmond,37.7802079,-122.4596827,Private room,4,70,4.86,t,3,313,30,0.25,0.25,0.5,24,4.48863636973214
Inner Richmond,37.7802079,-122.4596827,Private room,2,59,4.9,t,5,322,30,0.5,0.5,0.5,24,4.290459441148391
Noe Valley,37.7487977,-122.4379514,Entire home/apt,2,14,4.93,t,5,91,41,0.5,0.0,0.5,13,5.424950017481403
North Beach,37.799582617560894,-122.40739565062812,Private room,2,1,2.0,f,0,58,18,0.5,1.0,0.5,18,3.713572066704308
Mission,37.74911,-122.41206,Entire home/apt,7,0,0.0,f,0,243,46,0.5714285714285714,0.14285714285714285,0.5714285714285714,20,5.075173815233827
South of Market,37.78256,-122.39963,Entire home/apt,4,2,5.0,t,5,340,54,0.25,0.25,0.5,1,5.627621113690637
Russian Hill,37.80244097524739,-122.4143946915865,Entire home/apt,3,3,5.0,t,0,179,28,0.3333333333333333,0.3333333333333333,0.3333333333333333,18,5.298317366548036
South of Market,37.77028,-122.4025,Entire home/apt,2,0,0.0,f,0,332,62,0.5,0.5,0.5,7,5.318119993844216
Pacific Heights,37.79027518187151,-122.44350854872016,Entire home/apt,2,15,5.0,t,0,51,31,0.5,0.5,0.5,3,6.163314804034641
Outer Sunset,37.75356,-122.50363,Entire home/apt,3,4,5.0,t,29,269,17,0.6666666666666666,0.3333333333333333,0.6666666666666666,17,5.247024072160486
Outer Richmond,37.780388746984,-122.48511893169054,Entire home/apt,4,12,4.25,f,0,180,39,0.5,0.25,0.5,15,4.718498871295094
Outer Richmond,37.77895,-122.48498,Private room,2,18,4.17,f,0,332,42,0.5,0.5,0.5,15,3.8066624897703196
Outer Richmond,37.77994,-122.48524,Private room,2,23,4.57,f,0,177,43,0.5,0.5,0.5,15,3.7376696182833684
Western Addition,37.7852234,-122.4354438,Entire home/apt,3,13,4.92,t,3,147,45,0.3333333333333333,0.3333333333333333,0.3333333333333333,3,5.429345628954441
Downtown/Civic Center,37.789494077887056,-122.4136523014412,Entire home/apt,4,0,0.0,t,30,350,11,0.25,0.25,0.5,4,5.575949103146316
Mission,37.7487,-122.4152,Private room,1,23,5.0,f,0,15,40,1.0,1.0,1.0,20,4.2626798770413155
North Beach,37.80299580201088,-122.4127358934737,Entire home/apt,6,19,4.89,t,0,42,58,0.5,0.3333333333333333,0.3333333333333333,18,5.780743515792329
Chinatown,37.79106837074182,-122.40546139054138,Private room,2,54,4.74,f,27,156,21,0.5,0.5,0.5,4,4.983606621708336
Financial District,37.79033,-122.4047,Private room,4,115,4.72,f,17,147,21,0.25,0.25,0.5,4,5.099866427824199
Excelsior,37.721,-122.42939,Entire home/apt,4,1,5.0,f,13,257,46,0.5,0.25,0.5,12,4.976733742420574
Mission,37.75355,-122.40884,Entire home/apt,8,29,4.97,t,19,188,45,0.375,0.375,0.5,20,6.030685260261263
Western Addition,37.7861631,-122.4284746,Private room,1,1,3.0,f,0,311,25,1.0,1.0,1.0,10,3.58351893845611
Western Addition,37.7861631,-122.4284746,Private room,1,1,5.0,f,0,254,26,1.0,1.0,1.0,10,4.110873864173311
Western Addition,37.7861631,-122.4284746,Entire home/apt,1,2,2.5,f,2,307,24,1.0,1.0,1.0,10,3.912023005428146
Crocker Amazon,37.7133516915,-122.43590300852584,Private room,1,0,0.0,f,0,25,28,1.0,1.5,1.0,12,3.8066624897703196
Crocker Amazon,37.71241864509212,-122.43575008711689,Private room,1,0,0.0,f,0,39,31,1.0,1.5,1.0,12,3.8066624897703196
Crocker Amazon,37.71181313859208,-122.43756816145252,Private room,1,1,5.0,f,26,118,34,1.0,1.5,1.0,12,4.330733340286331
Crocker Amazon,37.71469,-122.44124,Private room,3,28,4.82,t,8,343,27,0.3333333333333333,0.3333333333333333,0.6666666666666666,12,4.356708826689592
Marina,37.79739047653177,-122.44473638760716,Private room,2,192,4.57,f,29,170,22,0.5,0.5,0.5,3,4.77912349311153
Marina,37.799700209424834,-122.443688863813,Private room,4,295,4.54,f,28,167,22,0.25,0.25,0.5,3,4.844187086458591
Crocker Amazon,37.71316346263242,-122.43795134573016,Private room,1,0,0.0,f,12,104,28,1.0,1.5,1.0,12,3.8066624897703196
Crocker Amazon,37.71360106204386,-122.4376857727076,Entire home/apt,8,0,0.0,f,0,151,38,0.5,0.1875,0.5,12,5.1647859739235145
Potrero Hill,37.76364292751332,-122.39655990120208,Entire home/apt,4,1,5.0,f,1,305,24,0.5,0.25,0.5,7,5.043425116919247
Noe Valley,37.74442818550001,-122.4380478552319,Entire home/apt,5,0,0.0,f,28,178,28,0.4,0.4,0.2,13,5.3471075307174685
Mission,37.75188,-122.42416,Entire home/apt,5,18,4.94,t,0,96,41,0.4,0.2,0.4,13,5.66988092298052
Downtown/Civic Center,37.7852,-122.41267,Private room,3,11,4.45,f,25,233,38,0.3333333333333333,0.3333333333333333,0.6666666666666666,4,4.48863636973214
Mission,37.7664,-122.41827,Private room,1,2,5.0,t,0,120,41,1.0,1.5,1.0,9,4.007333185232471
Inner Sunset,37.75022374352377,-122.4727082628097,Entire home/apt,4,21,4.81,f,12,336,55,0.5,0.25,0.5,22,5.568344503761097
Nob Hill,37.790153382769546,-122.4097828933607,Private room,2,51,4.96,t,3,171,50,0.5,0.5,1.0,4,5.298317366548036
Western Addition,37.777975937838406,-122.44537792836356,Entire home/apt,4,13,4.85,t,17,340,38,0.5,0.5,0.5,24,6.551080335043404
Bayview,37.7304366792395,-122.40132637290942,Entire home/apt,5,32,4.97,t,18,327,54,0.4,0.2,0.8,14,4.812184355372417
Mission,37.75543,-122.41866,Entire home/apt,4,10,5.0,t,0,255,54,0.5,0.25,0.5,20,5.62040086571715
Parkside,37.74168,-122.47849,Entire home/apt,4,62,4.84,t,8,334,22,0.5,0.25,0.5,22,4.6913478822291435
Western Addition,37.78394,-122.44488,Private room,2,0,0.0,f,30,90,6,0.5,0.25,0.5,24,5.4116460518550396
Nob Hill,37.7914648,-122.4110011,Entire home/apt,4,21,4.9,f,12,262,49,0.5,0.25,0.5,4,5.8289456176102075
South of Market,37.78707,-122.38844,Private room,2,0,0.0,f,3,338,21,0.5,0.5,0.5,1,4.605170185988092
Potrero Hill,37.7611051,-122.4026142,Entire home/apt,4,2,5.0,t,15,350,6,0.5,0.25,0.5,7,5.087596335232384
Nob Hill,37.79258,-122.41016,Private room,2,35,5.0,f,12,282,41,0.5,0.5,0.5,4,5.771441123130016
Noe Valley,37.7518461,-122.4405235,Entire home/apt,4,1,5.0,f,0,147,15,0.5,0.25,0.5,21,5.66988092298052
Marina,37.7978841,-122.4242288,Entire home/apt,1,0,0.0,f,0,335,4,1.0,1.0,1.0,10,4.976733742420574
Mission,37.766638910336646,-122.4221610040382,Entire home/apt,8,19,4.89,t,3,148,19,0.25,0.25,0.25,9,6.035481432524756
North Beach,37.80547,-122.41684,Entire home/apt,4,0,0.0,t,27,361,48,0.0,0.25,0.25,18,6.315358001522335
North Beach,37.80547,-122.41684,Entire home/apt,4,1,5.0,t,25,359,48,0.0,0.25,0.25,18,6.315358001522335
North Beach,37.80547,-122.41684,Entire home/apt,4,0,0.0,t,27,361,47,0.0,0.25,0.25,18,6.315358001522335
North Beach,37.80547,-122.41684,Entire home/apt,4,0,0.0,t,27,361,47,0.0,0.25,0.25,18,6.315358001522335
Downtown/Civic Center,37.78694443313931,-122.41073077564285,Entire home/apt,2,2,5.0,f,19,55,24,0.0,0.5,1.0,4,5.43372200355424
Castro/Upper Market,37.75783433038984,-122.4351354558685,Entire home/apt,2,4,5.0,f,23,356,35,1.0,0.5,1.0,21,6.432940092739179
Castro/Upper Market,37.75912,-122.44117,Entire home/apt,4,0,0.0,f,30,365,44,1.0,0.875,1.0,21,7.01301578963963
Mission,37.76105,-122.41674,Private room,2,0,0.0,t,0,30,53,0.5,0.5,0.5,9,4.8283137373023015
Mission,37.7590737106156,-122.4178037712795,Private room,1,1,5.0,t,26,26,53,1.0,1.0,1.0,9,4.727387818712341
Downtown/Civic Center,37.78901162701573,-122.41085406619614,Entire home/apt,2,0,0.0,f,19,56,24,0.0,0.5,1.0,4,5.43372200355424
Mission,37.7600837,-122.4198861,Entire home/apt,2,4,5.0,t,0,304,32,0.5,0.5,0.5,9,5.1647859739235145
Western Addition,37.7866925,-122.445395,Entire home/apt,2,57,4.89,t,6,232,36,0.0,0.5,0.5,24,4.990432586778736
South of Market,37.78206,-122.40869,Entire home/apt,4,4,5.0,f,0,323,40,0.0,0.25,0.75,4,5.236441962829949
Downtown/Civic Center,37.78865444064736,-122.40964159550448,Entire home/apt,2,2,5.0,f,16,53,24,0.0,0.5,1.0,4,5.43372200355424
North Beach,37.80561860282386,-122.41207548663684,Entire home/apt,6,5,4.8,t,6,294,47,0.5,0.16666666666666666,0.6666666666666666,18,5.805134968916488
Noe Valley,37.74476,-122.42445,Entire home/apt,4,4,5.0,t,17,352,54,0.25,0.25,0.5,13,5.220355825078324
Bernal Heights,37.74672864231257,-122.42352316017268,Entire home/apt,3,22,4.91,t,6,140,30,0.3333333333333333,0.3333333333333333,0.3333333333333333,13,5.730099782973574
Noe Valley,37.7522574557474,-122.42660076982212,Entire home/apt,3,24,4.96,t,12,330,47,0.6666666666666666,0.3333333333333333,0.6666666666666666,13,5.75890177387728
Russian Hill,37.79745,-122.41221,Entire home/apt,4,12,5.0,f,17,326,49,0.5,0.375,0.5,18,6.7650389767805414
Inner Richmond,37.785114,-122.4734326,Entire home/apt,16,0,0.0,t,23,358,39,0.4375,0.1875,0.4375,15,7.284820912568604
Inner Richmond,37.784,-122.47453,Private room,2,2,5.0,t,24,359,33,0.5,0.5,0.5,15,4.6913478822291435
Inner Richmond,37.78620297148096,-122.472947396814,Private room,2,1,5.0,t,24,359,19,0.5,1.25,0.5,15,4.6913478822291435
Inner Richmond,37.78407989562463,-122.4745153619538,Entire home/apt,2,1,5.0,t,24,359,30,0.5,0.5,0.5,15,4.6443908991413725
Inner Richmond,37.78605,-122.47323,Private room,2,0,0.0,t,24,359,33,0.5,1.25,0.5,15,4.605170185988092
Inner Richmond,37.78554,-122.4724,Private room,2,1,5.0,t,24,359,33,0.5,1.25,0.5,15,4.653960350157523
Inner Richmond,37.78567544383781,-122.47422170631648,Private room,2,1,5.0,t,24,359,33,0.5,1.25,0.5,15,4.718498871295094
Downtown/Civic Center,37.788372883884016,-122.40935449548586,Entire home/apt,2,0,0.0,f,19,56,24,0.0,0.5,1.0,4,5.43372200355424
Mission,37.759976271074905,-122.41040812792474,Entire home/apt,4,7,5.0,t,1,130,28,0.25,0.25,0.5,20,5.030437921392435
Glen Park,37.73777,-122.43529,Entire home/apt,4,17,4.94,t,0,239,38,0.5,0.25,0.5,5,5.8664680569332965
Downtown/Civic Center,37.78672262156708,-122.4117015165329,Private room,2,52,4.87,t,27,159,22,0.5,0.5,0.5,4,5.472270673671475
Downtown/Civic Center,37.78671414259941,-122.41169615211489,Private room,2,84,4.88,t,18,148,22,0.5,0.5,0.5,4,5.3706380281276624
Downtown/Civic Center,37.786684466204846,-122.4117015165329,Private room,4,14,4.64,t,27,158,22,0.25,0.25,0.5,4,5.552959584921617
Downtown/Civic Center,37.78670566363074,-122.41170688095092,Private room,3,34,4.97,t,25,153,22,0.0,0.3333333333333333,0.6666666666666666,4,5.937536205082426
Downtown/Civic Center,37.78671244505496,-122.41169615211489,Private room,4,0,0.0,t,26,158,23,0.25,0.25,0.5,4,6.142037405587356
Inner Richmond,37.78471241946708,-122.47451560043432,Private room,2,1,5.0,t,24,359,29,0.5,1.25,0.5,15,4.7535901911063645
Parkside,37.73892746815984,-122.48192131754352,Entire home/apt,4,27,5.0,t,14,27,47,0.25,0.5,0.5,22,5.1298987149230735
Western Addition,37.77383573992192,-122.43489689616104,Entire home/apt,4,2,2.5,f,16,324,33,0.5,0.25,0.5,6,4.8283137373023015
Castro/Upper Market,37.758723879748366,-122.43554746636984,Entire home/apt,4,21,5.0,t,0,73,54,0.5,0.25,0.75,21,6.175867270105761
Nob Hill,37.79402579495571,-122.41810089491914,Entire home/apt,4,4,4.25,f,3,302,30,0.5,0.25,0.5,10,4.465908118654584
Outer Sunset,37.76185761284503,-122.48981894745432,Private room,1,2,5.0,f,17,352,9,1.0,1.0,1.0,17,4.007333185232471
Outer Sunset,37.76199,-122.48943,Private room,1,3,3.67,f,17,346,9,1.0,1.0,1.0,17,4.356708826689592
Castro/Upper Market,37.75939431375224,-122.4416070116394,Entire home/apt,2,8,5.0,t,0,295,33,0.0,0.5,0.5,21,4.700480365792417
Ocean View,37.72104,-122.44923,Entire home/apt,6,5,5.0,f,15,145,28,0.5,0.16666666666666666,0.5,12,5.783825182329737
Mission,37.75085801163599,-122.41518672210468,Private room,1,2,5.0,f,12,162,45,1.0,1.0,1.0,20,4.31748811353631
Financial District,37.78604,-122.40098,Entire home/apt,2,0,0.0,f,0,283,19,0.5,0.5,0.5,1,4.477336814478207
Mission,37.76323,-122.40749,Entire home/apt,6,58,4.97,t,10,123,54,0.3333333333333333,0.16666666666666666,0.5,7,5.332718793265369
Mission,37.75311337378681,-122.42426354438066,Entire home/apt,7,1,5.0,t,0,224,60,0.5714285714285714,0.5,0.5714285714285714,13,4.605170185988092
Inner Richmond,37.78186862636112,-122.47458271355023,Entire home/apt,6,0,0.0,f,0,92,13,0.3333333333333333,0.16666666666666666,0.5,15,5.5254529391317835
North Beach,37.8054714,-122.4168419,Entire home/apt,6,1,5.0,t,28,352,44,0.3333333333333333,0.3333333333333333,0.5,18,6.98933526597456
North Beach,37.8054714,-122.4168419,Entire home/apt,6,0,0.0,t,28,358,44,0.3333333333333333,0.3333333333333333,0.5,18,6.98933526597456
West of Twin Peaks,37.728857745184094,-122.46578438835536,Private room,4,15,4.8,t,29,179,43,0.5,0.5,0.75,19,5.342334251964811
Marina,37.799909697478775,-122.4401930845154,Private room,2,65,4.15,f,24,345,26,0.5,0.5,0.5,3,4.77912349311153
Haight Ashbury,37.76066,-122.44981,Private room,1,0,0.0,f,21,223,13,1.0,1.5,1.0,21,4.3694478524670215
Marina,37.7989985,-122.44399,Private room,2,3,5.0,f,8,312,32,0.5,0.5,0.5,3,5.68697535633982
Western Addition,37.78728,-122.42374,Private room,2,3,5.0,t,21,325,48,0.5,0.5,0.5,10,5.117993812416755
Western Addition,37.78662763613937,-122.42570429983246,Private room,4,11,4.91,t,10,321,43,0.5,0.25,0.5,10,5.41610040220442
Pacific Heights,37.79256,-122.42431,Private room,2,50,4.68,t,1,313,27,0.5,0.5,0.5,10,4.454347296253507
Western Addition,37.78606163291383,-122.42573362686416,Private room,2,13,5.0,t,14,330,37,0.5,0.5,0.5,10,4.553876891600541
Western Addition,37.78594,-122.42435,Private room,2,6,4.83,t,25,351,42,0.5,0.5,0.5,10,5.117993812416755
Parkside,37.74131,-122.47647,Private room,2,0,0.0,t,0,161,27,0.5,0.5,0.5,22,4.07753744390572
Marina,37.79792621226426,-122.44496257488518,Private room,2,3,5.0,f,6,314,38,0.5,0.5,0.5,3,5.2832037287379885
Western Addition,37.77181,-122.43041,Private room,2,3,5.0,f,0,267,53,0.5,0.5,0.5,6,4.219507705176107
Marina,37.79814,-122.44293,Private room,2,13,4.69,f,10,307,33,0.5,0.5,0.5,3,5.308267697401205
Western Addition,37.77895333742873,-122.44314243231752,Entire home/apt,3,3,4.67,t,8,329,38,0.3333333333333333,0.3333333333333333,0.3333333333333333,24,4.976733742420574
Western Addition,37.78808,-122.42574,Private room,3,17,4.88,t,18,336,36,0.3333333333333333,0.3333333333333333,0.6666666666666666,10,4.962844630259907
Chinatown,37.79723306346075,-122.40850086823392,Private room,2,0,0.0,f,0,111,19,0.0,1.0,0.5,18,3.713572066704308
Western Addition,37.78137785332376,-122.44019367210257,Entire home/apt,5,21,4.71,t,13,145,24,0.4,0.4,0.4,24,5.872117789475416
Pacific Heights,37.79240945762032,-122.42425184993807,Private room,2,15,4.8,t,2,321,31,0.5,0.5,0.5,10,4.68213122712422
Bayview,37.73527699737804,-122.3926407431253,Entire home/apt,4,4,4.25,f,25,360,28,0.5,0.375,0.5,14,5.327876168789581
North Beach,37.7994301826525,-122.40757544960564,Private room,1,0,0.0,f,6,138,19,1.0,2.0,1.0,18,3.713572066704308
Marina,37.8006,-122.43891,Entire home/apt,4,0,0.0,f,17,310,12,0.75,0.875,0.75,3,6.684611727667927
Outer Sunset,37.762110819077954,-122.49359986927132,Private room,1,0,0.0,f,29,179,8,1.0,1.0,1.0,17,4.356708826689592
Financial District,37.79857,-122.39907,Entire home/apt,4,0,0.0,f,29,364,15,0.5,0.625,0.5,4,7.244941546337007
Downtown/Civic Center,37.789541,-122.411411,Private room,2,2,5.0,f,28,76,16,0.5,0.5,0.5,4,5.181783550292085
Marina,37.799494,-122.434135,Private room,4,0,0.0,f,25,76,20,0.25,0.25,0.5,3,5.318119993844216
Marina,37.799494,-122.434135,Private room,4,0,0.0,f,28,80,21,0.25,0.25,0.5,3,5.099866427824199
North Beach,37.79988758545208,-122.40376708580412,Entire home/apt,2,10,5.0,t,0,155,38,0.5,0.5,0.5,18,5.857933154483459
Marina,37.800942079549685,-122.43517477065323,Entire home/apt,4,30,5.0,t,2,182,60,0.5,0.5,0.5,3,5.8944028342648505
Nob Hill,37.79015,-122.40915,Private room,2,0,0.0,f,27,98,20,0.5,0.5,0.5,4,4.969813299576001
Nob Hill,37.79015,-122.40915,Private room,3,0,0.0,f,27,91,20,0.3333333333333333,0.3333333333333333,0.6666666666666666,4,5.075173815233827
Ocean View,37.721746269898006,-122.45058573782444,Entire home/apt,2,0,0.0,t,0,93,37,0.0,0.5,0.5,5,4.219507705176107
Downtown/Civic Center,37.78871778669213,-122.41006444054578,Entire home/apt,2,1,5.0,f,28,363,46,0.5,0.5,0.5,4,5.8289456176102075
Western Addition,37.78408304396888,-122.42666785800412,Entire home/apt,6,0,0.0,t,12,275,54,0.5,0.3333333333333333,0.5,10,5.365976015021851
Downtown/Civic Center,37.78820222817296,-122.42167713424266,Entire home/apt,6,1,5.0,f,13,154,48,0.3333333333333333,0.3333333333333333,0.6666666666666666,10,5.351858133476067
Russian Hill,37.79890741726767,-122.4103066792622,Private room,2,1,5.0,f,0,301,16,0.5,1.0,1.0,18,3.7376696182833684
Pacific Heights,37.79141,-122.42376,Private room,2,36,4.56,t,3,321,28,0.5,0.5,0.5,10,4.454347296253507
North Beach,37.80514,-122.41139,Private room,5,30,4.93,t,6,294,14,0.2,0.2,0.6,18,5.948034989180646
Pacific Heights,37.79038,-122.42417,Private room,2,24,4.79,t,5,327,28,0.5,0.5,0.5,10,4.68213122712422
Bernal Heights,37.74073324587487,-122.42311257753936,Entire home/apt,10,0,0.0,f,30,365,10,0.4,0.2,0.4,2,5.583496308781699
Pacific Heights,37.79196,-122.42274,Private room,2,61,4.8,t,4,224,29,0.5,0.5,0.5,10,4.663439094112067
Mission,37.75025869731763,-122.41292509782014,Private room,2,29,4.93,t,1,6,40,0.5,0.5,1.0,20,4.5217885770490405
Bernal Heights,37.74311,-122.42221,Entire home/apt,5,6,4.5,f,17,346,33,0.4,0.4,0.4,2,5.568344503761097
Glen Park,37.73372761152197,-122.4346155258232,Entire home/apt,2,29,4.83,f,13,333,33,0.0,0.5,0.5,5,4.6443908991413725
Inner Richmond,37.77673,-122.46072,Private room,2,17,4.94,t,16,339,40,0.5,1.0,0.5,15,4.74493212836325
Nob Hill,37.791753,-122.409705,Private room,2,53,4.7,t,27,76,22,0.5,0.5,0.5,4,5.204006687076795
Excelsior,37.73137,-122.40812,Private room,2,10,4.4,f,24,174,33,0.5,1.0,1.0,2,3.713572066704308
Excelsior,37.73260002938201,-122.40625320673786,Private room,3,14,4.43,f,5,155,34,0.3333333333333333,0.6666666666666666,0.6666666666666666,14,4.060443010546419
Excelsior,37.73247,-122.4082,Private room,2,14,4.36,f,30,180,36,0.5,1.0,0.5,2,3.6888794541139363
Excelsior,37.73243657284324,-122.40788642298271,Private room,2,10,4.4,f,18,168,34,0.5,1.0,0.5,2,3.970291913552122
Excelsior,37.73248,-122.40603,Private room,2,12,4.67,f,20,170,37,0.5,1.0,0.5,14,3.9512437185814275
Bayview,37.71734,-122.38965,Private room,2,4,5.0,t,0,279,45,0.5,0.5,0.5,14,4.07753744390572
Outer Mission,37.72937083833482,-122.4510746446228,Entire home/apt,4,96,4.9,t,10,208,28,0.5,0.25,0.5,5,5.19295685089021
Bayview,37.71654521834261,-122.39164447453862,Private room,2,3,4.33,t,15,327,46,0.5,0.5,0.5,14,4.02535169073515
Inner Richmond,37.77891118519417,-122.45952592244328,Private room,2,12,5.0,t,17,347,42,0.5,0.5,0.5,24,4.709530201312334
Inner Richmond,37.7782,-122.46104,Private room,2,16,5.0,t,21,342,38,0.5,0.5,0.5,15,4.51085950651685
Outer Mission,37.72774,-122.43385,Entire home/apt,5,41,4.83,t,6,215,38,0.4,0.2,0.6,5,4.74493212836325
Excelsior,37.72493431405757,-122.42775033965206,Entire home/apt,2,81,4.84,t,5,56,36,0.5,0.5,0.5,2,4.382026634673881
Castro/Upper Market,37.76088425143471,-122.42677216037734,Entire home/apt,5,4,5.0,f,1,1,11,0.4,0.3,0.4,9,5.393627546352362
South of Market,37.785920529339386,-122.39312714797902,Entire home/apt,4,2,4.5,t,0,213,9,0.5,0.5,0.5,1,5.4638318050256105
Chinatown,37.79208895798596,-122.40837425733405,Private room,2,9,5.0,t,0,210,53,0.5,0.5,1.0,4,5.298317366548036
Outer Sunset,37.76149,-122.48917,Private room,1,0,0.0,f,30,365,33,1.0,1.0,1.0,17,4.3694478524670215
Marina,37.79755017562333,-122.44248270556989,Entire home/apt,6,3,5.0,f,9,310,61,0.5,0.3333333333333333,0.6666666666666666,3,6.612041034833092
Outer Sunset,37.76137309234521,-122.4896966985737,Private room,1,1,4.0,f,30,365,42,1.0,1.0,1.0,17,4.356708826689592
Downtown/Civic Center,37.7885796,-122.4159416,Private room,2,17,4.41,f,28,147,26,0.5,0.5,0.5,4,4.6913478822291435
South of Market,37.77352881016958,-122.39180070905547,Entire home/apt,2,2,5.0,t,0,232,70,0.5,0.5,0.5,1,5.726847747587197
Excelsior,37.72506,-122.40767,Entire home/apt,4,12,5.0,f,23,239,31,0.5,0.25,0.5,14,5.10594547390058
Inner Richmond,37.780889483505625,-122.46065338657884,Private room,2,45,4.82,t,4,316,35,0.5,0.5,0.5,15,4.418840607796598
Outer Mission,37.71887,-122.44323,Entire home/apt,4,28,4.46,f,18,151,28,0.5,0.5,0.5,12,4.61512051684126
Mission,37.75656265250052,-122.41554691288752,Entire home/apt,4,7,5.0,f,17,328,48,0.75,0.375,0.75,20,6.395261598115449
Downtown/Civic Center,37.7889369,-122.412607,Private room,4,0,0.0,f,23,351,10,0.25,0.25,0.5,4,5.733341276897746
Downtown/Civic Center,37.78523111580099,-122.4110407713727,Entire home/apt,2,0,0.0,f,29,364,55,0.5,0.5,0.5,4,5.1647859739235145
Financial District,37.78948,-122.40002,Entire home/apt,2,1,5.0,t,3,156,25,0.5,0.5,0.5,1,5.517452896464707
Western Addition,37.78602579243624,-122.42745203027846,Entire home/apt,4,0,0.0,t,0,274,29,0.0,0.25,0.5,10,5.616771097666572
Western Addition,37.78685,-122.4259,Entire home/apt,4,0,0.0,t,0,322,29,0.0,0.25,0.5,10,5.5134287461649825
Western Addition,37.78814,-122.43468,Entire home/apt,4,0,0.0,t,22,327,31,0.5,0.25,0.5,3,5.703782474656201
Pacific Heights,37.79242,-122.42456,Private room,2,25,4.56,t,10,312,29,0.5,0.5,0.5,10,4.454347296253507
South of Market,37.78246,-122.39782,Private room,2,2,5.0,f,0,124,59,0.5,0.5,0.5,1,4.787491742782046
Haight Ashbury,37.77127327570863,-122.44718758568794,Private room,2,3,4.33,f,22,350,48,0.5,0.75,0.5,24,4.718498871295094
Haight Ashbury,37.77106874330383,-122.44901348306628,Private room,2,10,4.9,f,12,340,47,0.5,0.75,0.5,24,4.477336814478207
Haight Ashbury,37.77176724093043,-122.44786883585348,Private room,2,5,5.0,f,15,343,47,0.5,0.75,0.5,24,4.465908118654584
Haight Ashbury,37.77205642370808,-122.44750150525232,Private room,2,8,4.75,f,15,343,47,0.5,0.75,0.5,24,4.6443908991413725
Haight Ashbury,37.7703703866424,-122.44738795527054,Private room,1,8,4.5,f,23,351,46,1.0,1.5,1.0,24,4.330733340286331
Haight Ashbury,37.77008550396967,-122.44722767317133,Entire home/apt,9,5,5.0,f,12,340,46,0.5555555555555556,0.16666666666666666,0.5555555555555556,24,7.00850518208228
West of Twin Peaks,37.74037619798754,-122.44763467354126,Private room,3,30,4.93,t,15,61,38,0.3333333333333333,0.3333333333333333,0.3333333333333333,5,4.543294782270004
Outer Mission,37.72836,-122.45101,Entire home/apt,4,7,4.86,t,10,58,26,0.5,0.25,0.5,5,5.3471075307174685
North Beach,37.80462,-122.40615,Entire home/apt,2,3,5.0,f,0,240,50,0.5,0.5,0.5,18,5.241747015059643
Downtown/Civic Center,37.78516,-122.41563,Private room,2,17,4.18,f,14,336,26,0.5,0.5,0.5,4,4.343805421853684
South of Market,37.77781298544084,-122.39683140384156,Entire home/apt,4,4,5.0,f,0,71,32,0.5,0.5,1.0,1,6.698268054115413
Mission,37.76058345663174,-122.4167128466617,Private room,2,0,0.0,t,1,61,33,0.5,0.5,1.0,9,4.795790545596741
North Beach,37.807188,-122.42028,Private room,2,0,0.0,f,20,30,22,0.5,0.5,0.5,18,5.225746673713202
Downtown/Civic Center,37.7871,-122.41115,Private room,2,122,4.57,f,14,45,16,0.5,0.5,0.5,4,4.499809670330265
Castro/Upper Market,37.76261,-122.43615,Entire home/apt,2,55,4.98,t,8,134,49,0.5,0.5,0.5,21,5.384495062789089
Nob Hill,37.79021576799529,-122.41491833024504,Private room,2,44,4.73,f,12,246,45,0.5,0.5,0.5,4,4.442651256490317
Outer Mission,37.71941332219809,-122.44309967870302,Entire home/apt,8,65,4.92,t,14,202,64,0.375,0.3125,0.375,12,5.645446897643238
Excelsior,37.71816342755337,-122.42799722314544,Private room,2,1,5.0,f,0,139,13,0.5,0.5,0.5,12,5.298317366548036
Pacific Heights,37.79394,-122.44139,Entire home/apt,8,0,0.0,t,23,358,17,0.5,0.625,0.5,3,7.749322464660356
Nob Hill,37.7904250687204,-122.41554103734742,Entire home/apt,4,64,4.63,f,6,237,49,0.5,0.5,0.5,4,5.236441962829949
Russian Hill,37.80550789999999,-122.4206092,Entire home/apt,4,0,0.0,f,0,314,18,0.25,0.25,0.5,18,5.66988092298052
Noe Valley,37.7510135,-122.4287206,Entire home/apt,2,6,5.0,t,11,214,51,0.5,0.5,0.5,13,5.765191102784844
Western Addition,37.7724594,-122.4294394,Private room,1,25,4.72,f,6,327,34,1.0,1.0,1.0,6,4.07753744390572
Outer Mission,37.7321695,-122.4381584,Entire home/apt,4,3,5.0,f,7,7,34,0.5,0.5,0.75,5,5.808142489980444
Nob Hill,37.79171,-122.41435,Entire home/apt,3,8,4.88,f,2,2,11,0.0,0.3333333333333333,0.6666666666666666,4,5.393627546352362
Noe Valley,37.75342,-122.4357,Entire home/apt,6,3,5.0,f,0,126,36,0.5,0.25,0.6666666666666666,13,6.230481447578482
Castro/Upper Market,37.7558387,-122.437981,Entire home/apt,2,1,5.0,t,0,252,38,0.5,0.5,0.5,21,4.836281906951478
Noe Valley,37.74996948242188,-122.427734375,Entire home/apt,6,3,4.33,t,0,304,43,0.5,0.16666666666666666,0.5,13,5.332718793265369
Financial District,37.78922244195008,-122.3972301990362,Entire home/apt,3,0,0.0,f,0,274,12,0.3333333333333333,0.3333333333333333,0.3333333333333333,1,5.455321115357702
Marina,37.80438198981173,-122.44139521244624,Entire home/apt,2,24,4.46,f,9,330,39,0.0,0.5,0.5,3,4.812184355372417
Financial District,37.7882287,-122.4030647,Entire home/apt,4,0,0.0,t,16,274,42,0.25,0.25,0.5,4,6.680854678790215
Financial District,37.7882187,-122.4030532,Entire home/apt,4,0,0.0,t,16,271,42,0.25,0.25,0.5,4,6.680854678790215
Financial District,37.7882187,-122.4030532,Entire home/apt,4,0,0.0,t,16,271,42,0.25,0.25,0.5,4,6.680854678790215
Financial District,37.7882187,-122.4030532,Entire home/apt,4,0,0.0,t,16,271,42,0.25,0.25,0.5,4,6.680854678790215
Financial District,37.7882187,-122.4030532,Entire home/apt,6,1,5.0,t,4,297,42,0.3333333333333333,0.3333333333333333,0.5,4,7.007600613951853
Financial District,37.7882187,-122.4030532,Entire home/apt,6,0,0.0,t,2,291,44,0.3333333333333333,0.3333333333333333,0.5,4,7.007600613951853
Financial District,37.7882187,-122.4030532,Entire home/apt,6,0,0.0,t,2,291,44,0.3333333333333333,0.3333333333333333,0.5,4,7.007600613951853
Financial District,37.7882187,-122.4030532,Entire home/apt,6,0,0.0,t,2,291,44,0.3333333333333333,0.3333333333333333,0.5,4,7.007600613951853
Financial District,37.7882187,-122.4030532,Entire home/apt,10,0,0.0,t,2,168,46,0.3,0.3,0.5,4,7.291656209174461
Financial District,37.7882187,-122.4030532,Entire home/apt,10,0,0.0,t,2,168,46,0.3,0.3,0.5,4,7.291656209174461
Financial District,37.7882187,-122.4030532,Entire home/apt,4,1,5.0,t,16,273,43,0.25,0.25,0.5,4,6.57507584059962
Financial District,37.7882187,-122.4030532,Entire home/apt,4,0,0.0,t,16,271,43,0.25,0.25,0.5,4,6.57507584059962
Financial District,37.7882187,-122.4030532,Entire home/apt,4,0,0.0,t,16,271,43,0.25,0.25,0.5,4,6.57507584059962
Financial District,37.7882187,-122.4030532,Entire home/apt,4,0,0.0,t,16,271,41,0.25,0.25,0.5,4,6.57507584059962
Financial District,37.7882287,-122.4030647,Entire home/apt,6,0,0.0,t,2,291,43,0.3333333333333333,0.3333333333333333,0.5,4,7.007600613951853
Financial District,37.7882287,-122.4030647,Entire home/apt,10,0,0.0,t,2,168,46,0.3,0.3,0.5,4,7.291656209174461
North Beach,37.805368,-122.4168723,Entire home/apt,10,0,0.0,f,2,167,46,0.3,0.3,0.5,18,7.265429723253953
Financial District,37.7882187,-122.4030532,Entire home/apt,6,0,0.0,f,2,291,45,0.3333333333333333,0.3333333333333333,0.5,4,6.983789965258135
Financial District,37.7882187,-122.4030532,Entire home/apt,6,0,0.0,f,2,291,43,0.3333333333333333,0.3333333333333333,0.5,4,6.983789965258135
Financial District,37.7882187,-122.4030532,Entire home/apt,6,0,0.0,f,2,288,45,0.3333333333333333,0.3333333333333333,0.5,4,6.983789965258135
Financial District,37.7882187,-122.4030532,Entire home/apt,6,1,5.0,f,2,290,45,0.3333333333333333,0.3333333333333333,0.5,4,6.983789965258135
Financial District,37.7882187,-122.4030532,Entire home/apt,4,0,0.0,f,16,271,43,0.25,0.25,0.5,4,6.656726524178391
Financial District,37.7882187,-122.4030532,Entire home/apt,4,0,0.0,f,16,271,43,0.25,0.25,0.5,4,6.656726524178391
Haight Ashbury,37.76960850443492,-122.4374867965552,Entire home/apt,2,15,4.87,t,3,103,19,0.0,0.5,0.5,6,5.056245805348308
North Beach,37.79891,-122.40682,Private room,2,1,5.0,f,0,44,17,0.0,1.0,0.5,18,3.713572066704308
North Beach,37.8054714,-122.4168419,Entire home/apt,6,0,0.0,t,28,358,45,0.3333333333333333,0.3333333333333333,0.5,18,6.883462586413092
North Beach,37.8054714,-122.4168419,Entire home/apt,6,0,0.0,t,28,358,45,0.3333333333333333,0.3333333333333333,0.5,18,6.883462586413092
North Beach,37.8054714,-122.4168419,Entire home/apt,6,0,0.0,t,28,353,45,0.3333333333333333,0.3333333333333333,0.5,18,6.883462586413092
North Beach,37.8054714,-122.4168419,Entire home/apt,6,0,0.0,t,28,358,45,0.3333333333333333,0.3333333333333333,0.5,18,6.883462586413092
North Beach,37.8054714,-122.4168419,Entire home/apt,6,0,0.0,t,28,358,44,0.3333333333333333,0.3333333333333333,0.5,18,6.98933526597456
North Beach,37.8054714,-122.4168419,Entire home/apt,6,1,5.0,t,28,354,42,0.3333333333333333,0.3333333333333333,0.5,18,6.98933526597456
Inner Richmond,37.78476,-122.46113,Private room,2,18,5.0,t,13,43,40,0.5,0.5,0.5,15,4.584967478670572
South of Market,37.7745,-122.39133,Entire home/apt,3,5,5.0,f,14,336,51,0.3333333333333333,0.3333333333333333,0.6666666666666666,1,6.068425588244111
Downtown/Civic Center,37.79007,-122.40792,Private room,2,10,5.0,t,4,200,54,0.5,0.5,1.0,4,5.298317366548036
Marina,37.797679941385496,-122.42782850909644,Entire home/apt,6,18,5.0,f,6,285,44,0.5,0.3333333333333333,0.5,10,6.984716320118266
Western Addition,37.77627,-122.43126,Entire home/apt,2,0,0.0,f,0,313,46,1.0,0.5,1.0,6,5.7430031878094825
Marina,37.799053621156666,-122.42792734602276,Private room,4,15,4.93,f,6,285,37,0.5,0.5,0.5,10,5.5053315359323625
Pacific Heights,37.79311,-122.4239,Entire home/apt,7,9,5.0,f,22,325,30,0.42857142857142855,0.2857142857142857,0.5714285714285714,10,6.931471805599453
South of Market,37.7871262,-122.3927426,Entire home/apt,2,9,5.0,f,3,69,52,0.5,0.5,0.5,1,5.10594547390058
Crocker Amazon,37.7134904,-122.441104,Private room,1,7,4.71,f,30,231,30,1.0,2.0,1.0,12,3.9512437185814275
Downtown/Civic Center,37.78403,-122.4092,Entire home/apt,2,4,5.0,f,7,275,46,0.5,0.5,0.5,4,4.927253685157205
Western Addition,37.77142,-122.42873,Private room,2,43,4.88,t,11,346,43,0.5,0.5,0.5,6,4.418840607796598
Western Addition,37.77135,-122.42911,Private room,2,31,4.9,t,16,345,37,0.5,0.5,0.5,6,4.442651256490317
Mission,37.75545351905445,-122.41838828678804,Entire home/apt,6,23,4.91,t,0,255,53,0.5,0.3333333333333333,0.5,20,5.41610040220442
Western Addition,37.77618392039871,-122.42824212082692,Entire home/apt,2,6,4.83,f,3,4,26,0.5,0.5,0.5,6,5.062595033026967
Bernal Heights,37.73638982421163,-122.42312358834538,Entire home/apt,5,12,5.0,t,7,217,66,0.2,0.2,0.6,2,5.117993812416755
Inner Richmond,37.77787039735457,-122.46202871759697,Entire home/apt,6,14,5.0,t,13,135,35,0.3333333333333333,0.16666666666666666,0.3333333333333333,15,5.808142489980444
Marina,37.79981,-122.42833,Private room,2,3,4.33,t,0,22,16,0.5,0.5,0.5,3,4.553876891600541
South of Market,37.77454757446024,-122.38962394331868,Entire home/apt,3,4,5.0,f,2,58,33,0.3333333333333333,0.5,0.3333333333333333,1,5.988961416889864
Inner Richmond,37.7765659,-122.4663726,Entire home/apt,4,0,0.0,f,28,57,19,0.75,0.375,1.0,15,5.123963979403259
Mission,37.76308172800447,-122.42428781780428,Entire home/apt,2,2,5.0,f,0,297,37,0.5,0.5,0.5,9,4.605170185988092
Bernal Heights,37.73767321844565,-122.4122489220224,Entire home/apt,3,20,4.65,f,15,221,46,0.3333333333333333,0.3333333333333333,0.6666666666666666,2,4.983606621708336
South of Market,37.7742931,-122.3912079,Entire home/apt,3,12,5.0,t,30,169,64,0.3333333333333333,0.3333333333333333,0.6666666666666666,1,6.278521424165844
Crocker Amazon,37.70947,-122.42849,Entire home/apt,2,30,4.7,f,22,349,41,0.5,0.5,1.0,12,4.653960350157523
Excelsior,37.7171998,-122.4391585,Entire home/apt,8,8,4.25,f,7,325,38,0.375,0.3125,0.625,12,5.583496308781699
Haight Ashbury,37.7718275,-122.4467644,Entire home/apt,2,1,5.0,t,7,282,23,0.5,0.5,0.5,24,4.442651256490317
South of Market,37.78547132256598,-122.3888469699536,Entire home/apt,2,0,0.0,f,0,71,18,0.5,0.5,0.5,1,4.624972813284271
Haight Ashbury,37.76435,-122.44793,Entire home/apt,4,3,3.67,t,15,350,8,1.0,0.75,1.0,21,5.75890177387728
Excelsior,37.725216746556015,-122.41541441812916,Entire home/apt,6,33,4.76,f,14,239,33,0.3333333333333333,0.16666666666666666,0.5,2,4.77912349311153
Excelsior,37.7171998,-122.4391585,Entire home/apt,9,5,5.0,f,7,325,38,0.4444444444444444,0.2777777777777778,0.6666666666666666,12,5.8289456176102075
Bernal Heights,37.73696563897328,-122.42252968804992,Private room,5,1,5.0,t,7,312,65,0.2,0.2,0.6,2,5.135798437050262
Western Addition,37.77007,-122.43105,Private room,2,36,4.94,t,18,342,13,0.5,0.5,0.5,6,4.394449154672439
Western Addition,37.77368628146201,-122.4290060529302,Private room,2,0,0.0,f,0,243,52,0.5,0.5,0.5,6,4.290459441148391
Nob Hill,37.7949866,-122.4183572,Entire home/apt,2,2,4.5,t,2,325,17,0.5,0.5,0.5,10,4.727387818712341
Mission,37.75543682853956,-122.41683411038645,Entire home/apt,12,0,0.0,f,0,282,47,0.5833333333333334,0.25,0.75,20,5.703782474656201
Downtown/Civic Center,37.78311,-122.40953,Entire home/apt,4,4,4.5,f,15,344,40,0.25,0.25,0.5,4,5.703782474656201
Haight Ashbury,37.77181201046846,-122.4496192570482,Entire home/apt,4,2,5.0,t,1,150,55,0.25,0.25,0.5,24,5.298317366548036
Excelsior,37.72108,-122.42533,Entire home/apt,4,1,5.0,t,17,46,34,0.5,0.5,0.5,12,4.700480365792417
Inner Richmond,37.78118389141877,-122.45952845994974,Private room,1,0,0.0,t,30,180,24,1.0,1.0,1.0,24,4.430816798843313
Downtown/Civic Center,37.78846120245842,-122.40848879259885,Entire home/apt,4,0,0.0,t,25,63,37,0.0,0.25,0.5,4,4.897839799950911
Downtown/Civic Center,37.78691,-122.41014,Entire home/apt,4,1,5.0,t,30,63,38,0.0,0.25,0.5,4,4.897839799950911
Downtown/Civic Center,37.78675105507602,-122.41098690231144,Entire home/apt,4,1,5.0,t,30,68,38,0.0,0.25,0.5,4,4.897839799950911
Downtown/Civic Center,37.78725,-122.40929,Entire home/apt,4,0,0.0,t,30,68,39,0.0,0.25,0.5,4,4.897839799950911
Downtown/Civic Center,37.78720699330789,-122.4093918469886,Entire home/apt,4,1,5.0,t,30,68,40,0.0,0.25,0.5,4,4.897839799950911
Downtown/Civic Center,37.78864161708727,-122.40972435548665,Entire home/apt,4,2,5.0,t,24,62,40,0.0,0.25,0.5,4,4.897839799950911
Downtown/Civic Center,37.78888,-122.41134,Entire home/apt,4,0,0.0,t,30,68,39,0.0,0.25,0.5,4,4.897839799950911
Downtown/Civic Center,37.78755545663056,-122.411390084346,Entire home/apt,4,0,0.0,t,30,68,40,0.0,0.25,0.5,4,4.897839799950911
Downtown/Civic Center,37.78931,-122.41418,Entire home/apt,6,0,0.0,t,30,68,10,0.3333333333333333,0.3333333333333333,0.5,4,5.58724865840025
Downtown/Civic Center,37.786873345353,-122.41256032992295,Shared room,4,45,4.71,f,30,242,33,0.25,0.25,1.0,4,3.5263605246161616
Nob Hill,37.7966,-122.41541,Entire home/apt,6,18,5.0,f,9,316,53,0.5,0.25,0.0,18,6.576469569048224
Downtown/Civic Center,37.789280470764446,-122.4119989864174,Entire home/apt,6,0,0.0,t,30,68,10,0.3333333333333333,0.3333333333333333,0.5,4,5.793013608384144
Downtown/Civic Center,37.78687593056161,-122.4107544192485,Entire home/apt,4,0,0.0,f,30,86,11,0.0,0.25,0.5,4,5.1298987149230735
Crocker Amazon,37.7134904,-122.441104,Private room,1,7,4.29,f,30,231,29,1.0,2.0,1.0,12,3.9512437185814275
Crocker Amazon,37.7134904,-122.441104,Private room,1,12,4.75,f,29,230,31,1.0,2.0,1.0,12,3.912023005428146
South of Market,37.77523406377216,-122.38830115646124,Entire home/apt,3,19,4.95,f,0,36,60,0.3333333333333333,0.3333333333333333,0.3333333333333333,1,6.805722553416985
Bayview,37.73069,-122.38767,Private room,4,8,3.88,f,16,347,40,0.25,0.25,0.75,14,4.07753744390572
Castro/Upper Market,37.75748,-122.43753,Private room,2,16,5.0,t,13,323,22,0.5,0.5,0.5,21,4.969813299576001
Noe Valley,37.74894,-122.43007,Entire home/apt,6,0,0.0,f,30,365,10,0.6666666666666666,0.5,0.6666666666666666,13,7.824046010856292
North Beach,37.79956666493697,-122.40726362858436,Private room,2,3,5.0,f,6,236,19,0.5,1.0,0.5,18,3.6375861597263857
Western Addition,37.7706666,-122.4299053,Private room,2,62,4.97,t,11,333,44,0.5,0.75,0.5,6,4.418840607796598
South of Market,37.77552,-122.38932,Entire home/apt,2,3,5.0,f,17,343,46,0.5,0.5,0.5,1,6.580639137284949
Marina,37.805791,-122.4376589,Entire home/apt,2,1,5.0,f,23,298,21,0.5,0.5,0.0,3,5.501258210544727
South of Market,37.7742931,-122.3912079,Entire home/apt,3,2,4.5,f,1,1,22,0.3333333333333333,0.3333333333333333,0.3333333333333333,1,5.214935757608986
Downtown/Civic Center,37.78708609335011,-122.41109262025806,Entire home/apt,4,1,5.0,t,30,90,39,0.0,0.25,0.5,4,4.912654885736052
Downtown/Civic Center,37.78703059444368,-122.4109559199263,Entire home/apt,4,2,5.0,t,30,84,39,0.0,0.25,0.5,4,4.912654885736052
Downtown/Civic Center,37.78898794396328,-122.411492549608,Entire home/apt,4,0,0.0,t,30,90,41,0.0,0.25,0.5,4,4.912654885736052
Downtown/Civic Center,37.78814,-122.41363,Entire home/apt,6,0,0.0,t,26,66,10,0.3333333333333333,0.3333333333333333,0.5,4,5.583496308781699
Downtown/Civic Center,37.78772855466519,-122.41344555016796,Entire home/apt,6,0,0.0,t,21,61,10,0.3333333333333333,0.3333333333333333,0.5,4,5.3612921657094255
Nob Hill,37.79581290219462,-122.41646860652926,Entire home/apt,6,1,5.0,f,0,241,35,0.3333333333333333,0.16666666666666666,0.3333333333333333,18,5.6937321388027
Excelsior,37.71936054106397,-122.4360967164578,Entire home/apt,4,13,4.92,t,12,282,56,0.5,0.25,0.5,12,4.844187086458591
Noe Valley,37.75095216370649,-122.44143193454596,Entire home/apt,4,0,0.0,f,0,274,10,0.5,0.25,0.5,21,6.173786103901937
Chinatown,37.790397,-122.408138,Private room,2,21,4.33,f,24,104,21,0.5,0.5,0.5,4,4.634728988229636
Western Addition,37.78665,-122.42565,Private room,2,9,4.67,t,13,344,38,0.5,0.5,0.5,10,5.0106352940962555
Haight Ashbury,37.76629,-122.4527,Entire home/apt,7,0,0.0,t,0,252,51,0.42857142857142855,0.14285714285714285,0.5714285714285714,21,5.616771097666572
Mission,37.7604222497624,-122.40844156593464,Entire home/apt,3,0,0.0,f,23,83,15,0.3333333333333333,0.3333333333333333,0.3333333333333333,7,5.298317366548036
Western Addition,37.7719,-122.43092,Private room,2,0,0.0,f,0,243,42,0.5,1.0,0.5,6,4.6913478822291435
Noe Valley,37.74899,-122.43557,Entire home/apt,2,6,4.33,f,11,346,36,0.5,0.5,0.5,13,4.882801922586371
Marina,37.7995186,-122.4425178,Entire home/apt,4,3,3.67,f,16,262,35,0.5,0.25,0.5,3,5.484796933490655
South of Market,37.78158552301912,-122.3901935984894,Entire home/apt,2,1,5.0,f,20,264,18,0.5,0.5,0.5,1,4.6443908991413725
Bayview,37.7380965,-122.3892756,Private room,1,9,5.0,t,6,59,43,1.0,1.0,1.0,14,4.343805421853684
Potrero Hill,37.7641029051133,-122.38859936627044,Entire home/apt,5,29,4.93,t,0,134,64,0.4,0.4,0.4,7,5.8289456176102075
Inner Richmond,37.78442,-122.47725,Entire home/apt,7,4,4.0,t,15,251,60,0.5714285714285714,0.5,0.5714285714285714,15,6.663132695990803
Inner Richmond,37.78614,-122.47544,Entire home/apt,9,5,4.8,t,11,173,64,0.5555555555555556,0.5,0.5555555555555556,15,6.934397209928558
Inner Richmond,37.78675,-122.47588,Entire home/apt,2,15,4.87,t,15,267,47,0.5,0.5,0.5,15,5.14166355650266
Noe Valley,37.75442,-122.43181,Entire home/apt,2,35,5.0,t,14,290,38,0.5,0.5,0.5,13,5.2832037287379885
Bayview,37.73987,-122.38913,Private room,1,0,0.0,f,30,270,36,1.0,1.0,1.0,14,4.709530201312334
Ocean View,37.72255,-122.45155,Private room,2,2,4.0,f,30,270,8,0.5,0.5,0.5,5,4.02535169073515
South of Market,37.7805,-122.39628,Private room,1,15,4.67,t,3,96,38,1.0,2.0,1.0,1,4.605170185988092
South of Market,37.77965,-122.39766,Private room,1,23,4.96,t,5,90,28,1.0,1.0,1.0,1,4.718498871295094
Outer Sunset,37.74573671614319,-122.50500180740968,Entire home/apt,4,42,4.98,t,9,114,39,0.25,0.25,0.5,17,5.209486152841421
Outer Sunset,37.75158,-122.50741,Entire home/apt,4,5,5.0,t,27,84,20,0.5,0.5,0.5,17,5.298317366548036
Financial District,37.7871,-122.4034,Entire home/apt,6,0,0.0,f,0,7,7,0.3333333333333333,0.4166666666666667,0.3333333333333333,4,6.620073206530356
Outer Sunset,37.76211,-122.50221,Entire home/apt,3,0,0.0,f,0,227,12,0.6666666666666666,0.5,0.6666666666666666,17,6.315358001522335
South of Market,37.78045,-122.39823,Private room,1,8,4.88,t,14,37,26,1.0,1.0,1.0,1,4.727387818712341
Noe Valley,37.75595,-122.43079,Entire home/apt,2,0,0.0,f,0,9,9,0.5,0.5,0.5,13,6.07073772800249
Inner Richmond,37.77503,-122.46328,Entire home/apt,4,0,0.0,t,0,221,9,0.5,0.25,0.5,15,4.770684624465665
Western Addition,37.78697,-122.44246,Private room,4,10,5.0,t,4,4,49,0.5,0.25,0.5,24,5.82600010738045
North Beach,37.79920132970702,-122.40695039250085,Private room,2,0,0.0,f,0,278,18,0.5,1.0,0.5,18,3.7376696182833684
Excelsior,37.73026548408446,-122.4244260597516,Private room,2,1,5.0,t,29,89,50,0.5,0.5,0.5,2,4.343805421853684
North Beach,37.79944304905921,-122.40883221850191,Private room,2,0,0.0,f,10,322,17,0.0,1.0,0.5,18,3.713572066704308
Visitacion Valley,37.722697165833885,-122.40274592468946,Entire home/apt,4,8,5.0,f,24,359,35,0.5,0.25,0.75,14,5.030437921392435
Noe Valley,37.7517929,-122.4406435,Entire home/apt,6,0,0.0,f,0,243,50,0.5,0.25,0.5,21,5.983936280687191
Mission,37.7574895,-122.4175807,Entire home/apt,8,1,5.0,f,0,73,10,0.5,0.4375,0.5,9,6.113682179832232
Noe Valley,37.7517929,-122.4406435,Entire home/apt,6,0,0.0,f,0,243,50,0.5,0.25,0.3333333333333333,21,6.249975242259483
Potrero Hill,37.761517431388576,-122.3875359646517,Entire home/apt,4,0,0.0,f,16,150,31,0.25,0.25,0.25,7,5.84354441703136
Western Addition,37.786561471669785,-122.44565205029652,Entire home/apt,4,0,0.0,t,23,191,10,0.5,0.375,0.5,24,7.038783541388542
Financial District,37.78577254871233,-122.39704526317465,Private room,1,1,5.0,t,3,250,45,1.0,1.0,1.0,1,4.0943445622221
West of Twin Peaks,37.7343097,-122.4589306,Entire home/apt,4,10,4.9,f,1,297,53,0.25,0.25,0.5,19,5.147494476813453
Western Addition,37.7752889,-122.426452,Entire home/apt,8,3,3.33,f,11,331,38,0.375,0.25,0.375,6,5.631211781821365
Haight Ashbury,37.774923221523785,-122.44059859696338,Entire home/apt,8,2,5.0,f,28,363,35,0.5,0.375,0.5,24,5.978885764901122
Nob Hill,37.79398,-122.41695,Entire home/apt,4,2,5.0,f,1,295,38,0.25,0.25,0.5,10,5.3471075307174685
South of Market,37.77468497081176,-122.40048410391776,Entire home/apt,5,1,5.0,f,0,35,25,0.4,0.4,0.4,1,5.313205979041787
Potrero Hill,37.75596587217742,-122.40262588381,Entire home/apt,3,32,4.94,t,0,288,42,0.3333333333333333,0.3333333333333333,0.6666666666666666,7,4.9344739331306915
Haight Ashbury,37.7691781,-122.4443989,Entire home/apt,2,6,5.0,f,2,239,37,0.5,0.5,0.5,21,4.77912349311153
Excelsior,37.73050016170305,-122.42900701855773,Entire home/apt,4,0,0.0,f,10,160,44,0.5,0.25,0.5,2,5.1647859739235145
Russian Hill,37.8043,-122.41612,Entire home/apt,4,0,0.0,f,0,5,6,0.25,0.0,0.5,18,6.0844994130751715
Western Addition,37.77648,-122.42728,Entire home/apt,8,3,4.33,f,11,332,38,0.25,0.125,0.25,6,6.008813185442595
South of Market,37.76703,-122.39691,Private room,2,8,5.0,t,0,7,73,0.5,0.5,0.5,7,5.147494476813453
South of Market,37.7726424,-122.393188,Entire home/apt,2,2,5.0,f,4,4,60,0.5,0.5,0.5,1,5.424950017481403
Inner Richmond,37.77988217826439,-122.45025113224985,Entire home/apt,2,2,5.0,t,0,294,5,0.0,0.5,0.5,24,4.248495242049359
Western Addition,37.775239132112944,-122.42515753708366,Entire home/apt,4,1,5.0,f,0,258,52,0.75,0.25,0.75,6,5.241747015059643
Marina,37.79867818868936,-122.42594038508096,Entire home/apt,4,19,5.0,t,9,103,46,0.5,0.5,0.5,10,6.51471269087253
Russian Hill,37.79822,-122.41089,Entire home/apt,7,5,5.0,f,9,307,43,0.42857142857142855,0.21428571428571427,0.5714285714285714,18,5.958424693029782
Outer Richmond,37.77822423678023,-122.48209372267512,Private room,2,1,4.0,f,10,238,30,0.5,0.5,0.5,15,4.477336814478207
Potrero Hill,37.7634366,-122.389509,Entire home/apt,2,2,5.0,t,0,273,42,0.5,0.75,0.5,7,5.25227342804663
Russian Hill,37.79762959722956,-122.40848229945504,Private room,2,1,5.0,f,0,148,17,0.0,1.0,0.5,18,3.713572066704308
Chinatown,37.79749873014501,-122.40693975860846,Private room,1,0,0.0,f,0,138,17,0.0,2.0,1.0,18,3.713572066704308
Nob Hill,37.79088520373902,-122.41212217235896,Entire home/apt,2,4,5.0,t,0,305,53,0.0,0.5,0.5,4,4.553876891600541
Downtown/Civic Center,37.7820704448836,-122.41043367978531,Entire home/apt,4,0,0.0,f,0,329,32,0.25,0.25,0.25,4,5.075173815233827
South of Market,37.77471787491844,-122.4005392887459,Entire home/apt,2,2,5.0,f,13,253,42,0.5,0.5,0.5,1,5.3706380281276624
Excelsior,37.7308308,-122.4062416,Private room,2,2,5.0,f,0,212,54,0.5,1.0,0.5,14,3.871201010907891
Excelsior,37.7308308,-122.4062416,Private room,2,1,4.0,f,0,70,45,0.5,0.5,0.5,14,4.110873864173311
South of Market,37.7670325,-122.3969054,Entire home/apt,4,9,5.0,t,11,57,65,0.5,0.5,0.5,7,5.8289456176102075
Crocker Amazon,37.7134904,-122.441104,Private room,1,12,4.5,f,30,231,29,1.0,2.0,1.0,12,3.8501476017100584
Excelsior,37.7308308,-122.4062416,Private room,2,2,4.0,f,0,327,56,0.5,1.0,0.5,14,3.871201010907891
Excelsior,37.7308308,-122.4062416,Private room,2,1,5.0,f,8,159,19,0.5,1.0,0.5,14,3.871201010907891
Outer Mission,37.72738443239043,-122.43500721195936,Private room,2,12,4.83,f,9,240,12,0.5,0.5,0.5,5,4.48863636973214
Glen Park,37.7359737,-122.4321369,Entire home/apt,4,15,4.93,t,0,191,36,0.5,0.25,0.5,5,4.852030263919617
South of Market,37.77334,-122.39216,Entire home/apt,2,1,5.0,t,0,154,67,0.5,0.5,0.5,1,5.313205979041787
Western Addition,37.7853822,-122.4350781,Entire home/apt,2,1,5.0,f,7,198,45,0.5,0.5,0.5,3,5.5909869805108565
South of Market,37.78288,-122.3982,Private room,1,1,5.0,f,0,241,7,3.0,1.0,3.0,1,3.7376696182833684
Haight Ashbury,37.7711059,-122.4375178,Entire home/apt,6,18,4.83,f,2,309,29,0.3333333333333333,0.25,0.5,6,5.3230099791384085
Financial District,37.7894506,-122.401214,Entire home/apt,8,0,0.0,f,29,364,10,0.375,0.375,0.5,4,6.946975992135418
Downtown/Civic Center,37.78726921625649,-122.4103714311627,Entire home/apt,2,0,0.0,t,30,365,34,0.5,0.5,0.5,4,5.41610040220442
Mission,37.7555593,-122.4230096,Entire home/apt,4,9,5.0,t,9,324,40,0.75,0.5,1.25,9,6.137727054086234
South of Market,37.78007,-122.39853,Private room,1,11,5.0,t,9,61,39,1.0,1.0,1.0,1,4.672828834461906
North Beach,37.803165,-122.411839,Entire home/apt,2,0,0.0,f,1,129,26,0.5,0.5,0.5,18,5.099866427824199
Excelsior,37.71858916293456,-122.4272560588548,Entire home/apt,4,21,5.0,t,22,357,33,0.5,0.25,0.5,12,5.0106352940962555
Haight Ashbury,37.76474568758332,-122.45132665064654,Entire home/apt,8,1,5.0,t,0,301,50,0.5,0.125,0.5,21,5.886104031450156
South of Market,37.77264993351197,-122.40046049528112,Entire home/apt,2,0,0.0,f,0,212,11,0.5,0.75,0.5,1,4.955827057601261
Downtown/Civic Center,37.78614958782643,-122.40925872883606,Private room,2,1,5.0,f,1,74,24,0.5,0.5,0.5,4,5.958424693029782
Marina,37.8037,-122.44263,Entire home/apt,2,3,5.0,f,18,345,55,0.5,0.5,0.5,3,5.594711379601839
Nob Hill,37.79173575307511,-122.41101044481498,Entire home/apt,2,0,0.0,t,0,127,56,0.5,0.5,0.5,4,5.288267030694535
South of Market,37.774806306253566,-122.39205667973658,Entire home/apt,2,1,5.0,t,1,200,66,0.5,0.5,0.5,1,5.337538079701318
South of Market,37.77478089216714,-122.39014926010964,Entire home/apt,2,0,0.0,t,0,265,63,0.5,0.5,0.5,1,5.327876168789581
Nob Hill,37.78971,-122.41352,Entire home/apt,4,0,0.0,t,30,68,10,0.25,0.25,0.5,4,5.3706380281276624
Mission,37.75075,-122.41788,Private room,2,24,5.0,f,0,6,17,0.5,0.5,0.5,20,4.882801922586371
South of Market,37.7690435,-122.4034142,Entire home/apt,5,10,5.0,f,0,212,37,0.4,0.4,0.4,7,5.655991810819852
Castro/Upper Market,37.76092583410389,-122.44143398359336,Private room,2,26,5.0,t,10,64,17,0.5,0.5,0.5,21,4.804021044733257
Noe Valley,37.75563,-122.42649,Private room,2,0,0.0,f,0,129,13,0.5,0.5,0.5,13,4.477336814478207
Downtown/Civic Center,37.7851394,-122.4097605,Private room,1,1,5.0,f,19,316,42,1.0,4.0,1.0,4,4.31748811353631
South of Market,37.77813842225418,-122.39227109225077,Entire home/apt,4,2,3.0,f,29,364,58,0.25,0.25,0.5,1,5.247024072160486
Outer Sunset,37.75343887203295,-122.50742437911325,Entire home/apt,8,23,4.91,f,7,292,40,0.5,0.375,0.5,17,5.424950017481403
Mission,37.76006117317912,-122.4195164414979,Private room,1,0,0.0,f,0,123,15,4.0,0.0,1.0,9,4.219507705176107
Chinatown,37.79403,-122.40885,Private room,1,0,0.0,f,0,122,17,1.0,0.0,1.0,4,4.290459441148391
Mission,37.7548389,-122.4113937,Entire home/apt,2,12,4.92,t,11,339,13,0.5,0.5,0.5,20,5.342334251964811
Mission,37.75737012736486,-122.41035743503843,Private room,1,27,4.78,f,8,39,20,1.0,0.0,1.0,20,3.7376696182833684
Inner Richmond,37.77733,-122.46394,Private room,2,0,0.0,f,1,267,17,0.5,0.5,0.5,15,4.31748811353631
Russian Hill,37.80121884525346,-122.41334618094965,Private room,2,0,0.0,t,0,234,40,0.5,0.5,2.0,18,5.356586274672012
Mission,37.7511155,-122.4225244,Private room,2,1,5.0,f,6,326,12,0.5,0.5,0.5,13,5.857933154483459
Mission,37.751722494607954,-122.42145603775538,Private room,2,0,0.0,f,6,320,12,0.5,0.5,0.5,13,5.298317366548036
Mission,37.75073081854617,-122.42371737884712,Private room,2,0,0.0,f,5,319,12,0.5,0.5,0.5,13,5.3471075307174685
Mission,37.75639068673546,-122.42203305976248,Entire home/apt,2,0,0.0,f,0,201,43,0.5,0.5,0.5,9,4.74493212836325
South of Market,37.78183133989766,-122.39822662765832,Private room,1,2,5.0,t,11,79,25,1.0,1.0,1.0,1,4.532599493153256
Bayview,37.7188123503473,-122.39544255623308,Entire home/apt,5,1,5.0,t,17,295,49,0.4,0.2,0.6,14,4.90527477843843
Financial District,37.78827,-122.39575,Entire home/apt,2,6,5.0,f,7,327,36,0.5,0.5,0.5,1,5.8805329864007
Downtown/Civic Center,37.7851394,-122.4097605,Private room,1,1,5.0,f,0,230,42,1.0,4.0,1.0,4,4.31748811353631
Potrero Hill,37.75693,-122.3995,Entire home/apt,2,1,5.0,f,30,365,10,0.5,0.5,0.5,7,4.912654885736052
West of Twin Peaks,37.74328,-122.4628,Private room,1,2,5.0,f,30,365,13,1.0,1.0,1.0,19,4.143134726391533
Excelsior,37.7308308,-122.4062416,Private room,2,2,2.5,f,0,223,50,0.5,0.5,0.5,14,3.871201010907891
Nob Hill,37.7908585,-122.412526,Private room,3,11,5.0,f,0,324,32,0.3333333333333333,0.3333333333333333,0.6666666666666666,4,5.703782474656201
Nob Hill,37.79141385609879,-122.41350514057385,Private room,4,10,4.8,f,0,320,31,0.5,0.5,0.5,4,6.135564891081739
Noe Valley,37.74391568115185,-122.42849332211118,Entire home/apt,4,3,5.0,f,5,267,40,0.5,0.375,0.5,13,6.472346294500901
Potrero Hill,37.75946,-122.40072,Private room,1,1,5.0,t,0,262,48,1.0,1.0,1.0,7,4.454347296253507
Potrero Hill,37.75968059517693,-122.4006450146926,Private room,2,0,0.0,t,0,141,47,0.5,0.5,0.5,7,4.6443908991413725
Potrero Hill,37.75846031756576,-122.39870952696882,Private room,2,0,0.0,t,10,195,49,0.5,0.75,0.5,7,4.90527477843843
Russian Hill,37.80076652425145,-122.41456643124047,Private room,2,4,5.0,t,3,335,23,0.5,0.5,0.5,18,5.087596335232384
Outer Mission,37.72363,-122.44035,Entire home/apt,6,27,4.74,f,13,220,16,0.5,0.16666666666666666,0.5,12,5.075173815233827
Western Addition,37.77107824383708,-122.43201074576127,Entire home/apt,5,7,5.0,f,4,35,45,0.6,0.3,0.4,6,5.940171252720432
Marina,37.8009199,-122.4258129,Shared room,1,3,4.33,f,27,337,10,1.0,1.0,1.0,10,4.060443010546419
Marina,37.8009199,-122.4258129,Shared room,1,4,4.5,f,30,342,10,0.0,1.0,0.0,10,3.970291913552122
Marina,37.8009199,-122.4258129,Shared room,1,47,4.45,f,29,341,6,0.0,1.0,0.0,10,3.970291913552122
Excelsior,37.7183169,-122.4290447,Entire home/apt,5,31,4.97,t,6,204,47,0.4,0.2,0.6,12,5.093750200806762
North Beach,37.8054714,-122.4168419,Entire home/apt,4,0,0.0,f,27,361,45,0.0,0.25,0.25,18,6.210600077024653
North Beach,37.8054714,-122.4168419,Entire home/apt,4,1,5.0,f,27,361,45,0.0,0.25,0.25,18,6.210600077024653
North Beach,37.8054714,-122.4168419,Entire home/apt,4,0,0.0,f,27,357,45,0.0,0.25,0.25,18,6.210600077024653
North Beach,37.8054714,-122.4168419,Entire home/apt,4,0,0.0,f,27,361,45,0.0,0.25,0.25,18,6.210600077024653
North Beach,37.8054714,-122.4168419,Entire home/apt,6,0,0.0,f,28,356,42,0.3333333333333333,0.3333333333333333,0.5,18,6.883462586413092
North Beach,37.8054714,-122.4168419,Entire home/apt,6,0,0.0,f,28,358,42,0.3333333333333333,0.3333333333333333,0.5,18,6.883462586413092
North Beach,37.8054714,-122.4168419,Entire home/apt,6,0,0.0,f,28,358,42,0.3333333333333333,0.3333333333333333,0.5,18,6.883462586413092
North Beach,37.8054714,-122.4168419,Entire home/apt,6,0,0.0,f,28,358,42,0.3333333333333333,0.3333333333333333,0.5,18,6.883462586413092
Haight Ashbury,37.768,-122.44758,Entire home/apt,6,0,0.0,f,0,274,33,0.5,0.16666666666666666,0.5,21,5.652489180268651
Downtown/Civic Center,37.7851394,-122.4097605,Private room,1,1,5.0,f,12,242,43,1.0,4.0,1.0,4,4.382026634673881
South of Market,37.77174323834394,-122.39226763084228,Entire home/apt,3,1,5.0,f,0,212,46,0.3333333333333333,0.3333333333333333,0.6666666666666666,1,5.298317366548036
Mission,37.7528452,-122.4188193,Private room,1,0,0.0,t,28,88,27,8.0,1.0,1.0,20,4.382026634673881
Crocker Amazon,37.71349,-122.4411,Private room,1,2,5.0,f,30,310,31,1.0,2.0,0.0,12,3.912023005428146
Outer Richmond,37.77871192230744,-122.48488727357166,Private room,2,3,4.67,f,0,332,45,0.5,0.75,0.5,15,3.912023005428146
South of Market,37.78178959871136,-122.39697199381926,Private room,1,0,0.0,t,24,116,24,1.0,1.0,1.0,1,4.30406509320417
Excelsior,37.716663072832695,-122.43606594631125,Private room,2,8,5.0,t,19,79,10,0.5,0.5,0.5,12,4.532599493153256
Lakeshore,37.73281,-122.48006,Entire home/apt,6,10,4.6,t,8,139,32,0.5,0.3333333333333333,0.5,22,5.030437921392435
Downtown/Civic Center,37.7851394,-122.4097605,Private room,1,2,4.5,f,0,0,43,1.0,4.0,0.0,4,4.31748811353631
Nob Hill,37.79247846910378,-122.41705102606034,Entire home/apt,6,8,4.75,t,26,354,30,0.5,0.3333333333333333,0.5,10,6.439350371100098
Russian Hill,37.79930403959026,-122.41259052390832,Private room,2,4,5.0,t,2,107,29,0.5,0.5,0.5,18,4.844187086458591
Noe Valley,37.75565786882899,-122.4397059183502,Entire home/apt,2,2,3.0,f,3,338,31,0.5,0.5,0.5,21,4.68213122712422
Bayview,37.73351,-122.38944,Private room,2,0,0.0,f,30,365,8,0.5,1.0,0.5,14,4.219507705176107
Mission,37.763948,-122.4212883,Private room,2,0,0.0,f,0,212,53,0.5,0.5,0.5,9,4.634728988229636
Mission,37.76499584614551,-122.42401163041686,Private room,1,0,0.0,f,1,328,5,1.0,1.0,1.0,9,3.970291913552122
Outer Mission,37.71871,-122.44589,Entire home/apt,3,0,0.0,f,20,80,24,0.3333333333333333,0.6666666666666666,0.6666666666666666,12,5.003946305945459
Western Addition,37.78593541197176,-122.42409998838514,Private room,1,6,5.0,t,1,336,30,1.0,1.0,1.0,10,4.672828834461906
South of Market,37.76779,-122.39769,Entire home/apt,2,0,0.0,f,21,356,24,0.5,0.5,0.5,7,6.045005314036012
Downtown/Civic Center,37.7851394,-122.4097605,Private room,1,1,5.0,f,0,285,43,1.0,4.0,1.0,4,4.31748811353631
Castro/Upper Market,37.75986,-122.43832,Entire home/apt,2,0,0.0,f,0,153,28,0.5,0.5,0.5,21,5.2832037287379885
Mission,37.7562229,-122.4147266,Private room,1,3,5.0,t,29,29,50,1.0,1.5,1.0,20,5.2832037287379885
Marina,37.7993567621276,-122.44656109612984,Entire home/apt,4,26,4.88,t,3,199,37,0.25,0.25,0.5,3,5.572154032177765
Western Addition,37.7858367,-122.4444959,Private room,2,9,5.0,f,8,331,43,0.5,0.5,0.5,24,5.583496308781699
Mission,37.7581265,-122.4137856,Entire home/apt,5,1,5.0,f,0,256,42,0.6,0.5,0.6,20,5.634789603169249
South of Market,37.7690435,-122.4034142,Entire home/apt,4,6,5.0,f,1,191,22,0.5,0.5,0.5,7,5.991464547107982
Castro/Upper Market,37.75972360376056,-122.43605785218185,Entire home/apt,2,2,5.0,t,0,299,6,0.5,0.5,0.5,21,4.969813299576001
Bayview,37.73081560492825,-122.39572028721672,Entire home/apt,4,8,5.0,f,16,351,6,0.5,0.5,0.5,14,5.049856007249537
Bayview,37.73371,-122.39944,Entire home/apt,4,2,5.0,f,6,49,27,0.5,0.25,0.5,14,4.990432586778736
North Beach,37.80632,-122.41817,Hotel room,8,17,4.88,f,20,165,24,0.25,0.25,0.5,18,6.150602768446279
North Beach,37.80780864779443,-122.41768149854884,Hotel room,4,16,4.69,f,20,165,24,0.25,0.25,0.5,18,5.459585514144159
North Beach,37.80651,-122.41813,Hotel room,2,2,4.0,f,20,166,24,0.5,0.5,0.5,18,5.62040086571715
Western Addition,37.78576,-122.42521,Private room,2,5,5.0,t,19,343,36,0.5,0.5,0.5,10,5.117993812416755
Pacific Heights,37.79033,-122.4442,Entire home/apt,4,0,0.0,f,24,359,9,0.5,0.25,0.5,3,5.68697535633982
Downtown/Civic Center,37.7851394,-122.4097605,Private room,1,3,5.0,f,0,217,43,1.0,4.0,1.0,4,4.48863636973214
North Beach,37.80615,-122.41567,Entire home/apt,4,1,5.0,f,30,270,11,0.25,0.25,0.75,18,6.520621127558696
Nob Hill,37.79082002888226,-122.41802389406564,Entire home/apt,2,2,5.0,f,8,12,33,0.0,0.5,0.5,10,5.062595033026967
Noe Valley,37.74404856166771,-122.42710137794847,Entire home/apt,6,0,0.0,f,30,270,44,0.5,0.3333333333333333,0.0,13,5.393627546352362
Downtown/Civic Center,37.7851394,-122.4097605,Private room,1,0,0.0,f,0,283,44,1.0,4.0,1.0,4,4.31748811353631
Western Addition,37.78776,-122.42369,Private room,2,1,5.0,t,14,349,34,0.5,0.5,0.5,10,5.0106352940962555
Western Addition,37.78792,-122.42423,Private room,2,3,4.0,t,14,349,32,0.5,0.5,0.5,10,4.962844630259907
Marina,37.8008076707341,-122.42745515211487,Private room,2,20,4.5,f,22,156,19,0.5,0.5,0.5,3,4.736198448394496
Marina,37.800778000000015,-122.42748200596498,Private room,4,5,4.4,f,30,164,19,0.25,0.25,0.5,3,4.867534450455582
Noe Valley,37.75284,-122.43262,Entire home/apt,2,2,5.0,f,16,335,19,0.5,0.5,0.5,13,4.859812404361672
Bernal Heights,37.73867,-122.41616,Private room,4,20,4.7,f,15,331,50,0.5,0.25,1.0,2,4.787491742782046
Marina,37.80606,-122.43573,Private room,10,0,0.0,t,16,299,66,0.5,0.5,0.6,3,7.823645930834952
Downtown/Civic Center,37.7851394,-122.4097605,Private room,1,2,2.5,f,17,314,43,1.0,4.0,1.0,4,4.31748811353631
South of Market,37.77505510565585,-122.3903226725511,Entire home/apt,2,0,0.0,t,0,284,67,0.5,0.5,0.5,1,5.438079308923196
Western Addition,37.78789,-122.42509,Private room,2,5,5.0,t,1,333,29,0.5,0.5,0.5,10,4.948759890378168
Lakeshore,37.73010749835996,-122.47342202702735,Entire home/apt,5,2,5.0,t,4,102,70,0.4,0.4,0.4,22,5.5134287461649825
North Beach,37.8076,-122.41317,Private room,2,0,0.0,t,29,99,23,0.5,0.5,0.5,18,5.247024072160486
North Beach,37.8076,-122.41317,Private room,2,0,0.0,t,29,98,23,0.5,0.5,0.5,18,5.3706380281276624
North Beach,37.8076,-122.41317,Private room,2,0,0.0,t,28,97,23,0.5,0.5,0.5,18,5.272999558563747
Outer Mission,37.722122888314175,-122.44960600774154,Private room,2,2,1.5,f,29,364,23,0.5,0.5,0.5,5,3.8501476017100584
Nob Hill,37.79383,-122.41676,Entire home/apt,2,1,5.0,f,7,303,33,0.5,0.5,0.5,10,5.1647859739235145
Bernal Heights,37.7422025254352,-122.40842203159444,Entire home/apt,6,0,0.0,f,0,153,57,0.5,0.25,0.5,20,5.365976015021851
Excelsior,37.7277532,-122.414141,Entire home/apt,5,6,4.83,f,26,266,19,0.4,0.2,0.4,2,4.875197323201151
Marina,37.79987873710253,-122.4396143487341,Entire home/apt,6,16,5.0,t,9,251,37,0.3333333333333333,0.3333333333333333,0.5,3,6.639875833826536
Downtown/Civic Center,37.7851394,-122.4097605,Private room,1,3,4.0,f,11,308,44,1.0,4.0,1.0,4,4.31748811353631
Noe Valley,37.7466149778212,-122.43179295434904,Entire home/apt,7,6,5.0,f,17,352,61,0.42857142857142855,0.2857142857142857,0.5714285714285714,13,6.744059186311348
South of Market,37.78911923517065,-122.38872358012812,Entire home/apt,4,2,5.0,f,0,305,41,0.25,0.25,0.0,1,5.272999558563747
Nob Hill,37.79225659102424,-122.41796746659706,Entire home/apt,3,0,0.0,t,0,305,13,0.3333333333333333,0.3333333333333333,0.3333333333333333,10,4.875197323201151
Haight Ashbury,37.768478615084135,-122.44618304401207,Entire home/apt,7,0,0.0,f,30,365,44,0.7142857142857143,0.7142857142857143,0.7142857142857143,21,7.075808863978387
Outer Sunset,37.76225803519646,-122.49506883869016,Entire home/apt,2,0,0.0,f,0,324,21,0.5,0.5,1.0,17,5.043425116919247
Nob Hill,37.792670664317,-122.41146864594413,Entire home/apt,5,0,0.0,t,13,139,49,0.6,0.3,0.6,4,6.0014148779611505
Visitacion Valley,37.71139672518184,-122.3985533027773,Entire home/apt,4,1,5.0,f,0,46,23,0.5,0.25,0.5,14,4.276666119016055
Western Addition,37.78801887593436,-122.42366867846886,Private room,2,1,5.0,t,30,252,35,0.5,0.5,0.5,10,5.5134287461649825
Western Addition,37.78579397633735,-122.42557328156072,Private room,2,9,5.0,t,7,335,26,0.5,0.5,0.5,10,4.948759890378168
Pacific Heights,37.78799306525279,-122.44662297326616,Entire home/apt,10,0,0.0,f,30,365,5,0.5,0.2,0.5,24,6.38856140554563
Downtown/Civic Center,37.7851394,-122.4097605,Private room,1,1,5.0,f,3,300,44,1.0,4.0,1.0,4,4.48863636973214
Chinatown,37.79143753425915,-122.40752680529803,Entire home/apt,4,2,4.5,t,5,5,25,0.25,0.25,0.5,4,5.713732805509369
Inner Sunset,37.76468,-122.45281,Entire home/apt,4,1,5.0,t,23,358,57,0.5,0.5,0.5,21,6.455198563340122
Financial District,37.79017635561755,-122.40602420669974,Entire home/apt,2,1,5.0,t,13,18,26,0.0,0.5,0.5,4,5.796057750765372
Haight Ashbury,37.76915096373144,-122.43845559591102,Entire home/apt,6,5,5.0,t,16,97,28,0.16666666666666666,0.16666666666666666,0.16666666666666666,6,5.918893854273146
Bayview,37.73767706623599,-122.3970765860968,Entire home/apt,5,10,4.8,f,22,351,8,0.4,0.2,0.4,14,5.53338948872752
Western Addition,37.7881,-122.42569,Private room,2,3,5.0,t,18,346,26,0.5,0.5,0.5,10,4.700480365792417
Downtown/Civic Center,37.7851394,-122.4097605,Private room,1,1,4.0,f,1,298,44,1.0,4.0,1.0,4,4.31748811353631
Bernal Heights,37.747478859476615,-122.41460050818846,Private room,4,1,4.0,t,24,359,68,0.5,0.375,0.5,20,5.4638318050256105
Outer Mission,37.7326028545306,-122.43546791111062,Entire home/apt,6,1,5.0,f,13,163,41,0.5,0.25,0.5,5,5.4680601411351315
Chinatown,37.79109,-122.40773,Entire home/apt,4,0,0.0,t,8,8,25,0.25,0.5,0.5,4,6.263398262591624
Nob Hill,37.78928,-122.41585,Entire home/apt,2,0,0.0,f,10,345,52,0.5,0.5,0.5,4,4.948759890378168
Financial District,37.78975,-122.40695,Private room,2,23,4.61,f,30,212,16,0.5,0.5,0.5,4,4.5217885770490405
Downtown/Civic Center,37.7876407,-122.4202681,Entire home/apt,2,1,5.0,f,0,90,22,0.5,0.5,0.5,10,5.3706380281276624
Russian Hill,37.80612,-122.41929,Entire home/apt,6,0,0.0,f,30,365,10,0.5,0.3333333333333333,0.6666666666666666,18,6.1092475827643655
Outer Sunset,37.7515,-122.50272,Private room,1,0,0.0,t,30,365,18,1.0,1.0,1.0,17,4.204692619390966
Castro/Upper Market,37.7593231,-122.4313174,Entire home/apt,4,14,5.0,t,8,146,43,0.5,0.25,0.5,9,5.7430031878094825
Mission,37.752159870788816,-122.42296844809216,Private room,2,0,0.0,f,6,308,12,0.5,0.5,0.5,13,5.652489180268651
Mission,37.75087329580528,-122.42371354128962,Private room,2,0,0.0,f,6,310,12,0.5,0.5,0.5,13,5.652489180268651
Marina,37.804222928760296,-122.44025591013455,Entire home/apt,2,1,5.0,f,0,59,15,0.0,0.5,0.5,3,5.220355825078324
South of Market,37.77895,-122.40278,Entire home/apt,5,9,5.0,f,5,50,38,0.2,0.2,0.0,1,5.8944028342648505
Outer Mission,37.72703,-122.43481,Entire home/apt,1,1,4.0,t,30,270,10,1.0,0.0,1.0,5,4.77912349311153
Visitacion Valley,37.7198,-122.40119,Entire home/apt,2,24,4.96,t,8,134,38,0.5,0.5,0.5,14,5.10594547390058
Excelsior,37.72084,-122.42878,Entire home/apt,4,0,0.0,f,11,346,49,0.5,0.5,0.5,12,5.4638318050256105
Outer Sunset,37.74711938416012,-122.5023629568661,Entire home/apt,2,0,0.0,f,30,365,9,0.5,0.5,0.5,17,5.0106352940962555
Downtown/Civic Center,37.7851394,-122.4097605,Private room,1,0,0.0,f,0,294,43,1.0,4.0,1.0,4,4.189654742026425
South of Market,37.7690435,-122.4034142,Entire home/apt,2,8,5.0,f,0,10,24,0.0,0.5,0.5,7,5.476463551931511
Chinatown,37.79428517862773,-122.40864578405552,Private room,1,0,0.0,f,0,113,16,1.0,0.0,1.0,4,4.0943445622221
Chinatown,37.79404185768942,-122.40875751422416,Private room,1,0,0.0,f,0,164,17,1.0,0.0,1.0,4,4.0943445622221
Downtown/Civic Center,37.78514,-122.40976,Private room,1,0,0.0,f,0,267,42,1.0,4.0,1.0,4,4.634728988229636
North Beach,37.804908014800525,-122.41241281605566,Entire home/apt,2,0,0.0,f,23,173,24,0.5,0.5,0.5,18,5.327876168789581
Pacific Heights,37.79076323999546,-122.4226014985341,Private room,2,20,4.85,t,5,287,25,0.5,0.5,0.5,10,4.454347296253507
Western Addition,37.78591,-122.42569,Private room,2,3,4.67,t,9,344,29,0.5,0.5,0.5,10,4.700480365792417
Western Addition,37.78578242691809,-122.42381305892476,Private room,2,6,4.83,t,14,343,27,0.5,0.5,0.5,10,4.700480365792417
Western Addition,37.79028,-122.42276,Private room,2,6,4.83,t,12,333,28,0.5,0.5,0.5,10,4.68213122712422
Castro/Upper Market,37.7590926,-122.4415197,Entire home/apt,7,5,5.0,f,0,11,41,0.5714285714285714,0.35714285714285715,0.5714285714285714,21,6.960347729101308
Mission,37.75841971875468,-122.42526367306712,Private room,2,3,5.0,f,3,47,34,0.5,0.5,1.0,9,5.181783550292085
North Beach,37.8054714,-122.4168419,Entire home/apt,2,0,0.0,t,16,16,18,0.0,0.5,0.5,18,6.284134161070802
North Beach,37.80547,-122.41684,Entire home/apt,4,1,5.0,t,16,16,18,0.0,0.25,0.5,18,6.171700597410915
North Beach,37.8054714,-122.4168419,Entire home/apt,6,0,0.0,t,11,11,18,0.3333333333333333,0.3333333333333333,0.6666666666666666,18,6.86484777797086
Mission,37.75139435697348,-122.4235290560743,Private room,2,0,0.0,f,1,225,12,0.5,0.5,0.5,13,5.501258210544727
Western Addition,37.7782525,-122.4442989,Entire home/apt,3,3,5.0,t,5,297,25,0.3333333333333333,0.3333333333333333,0.3333333333333333,24,4.90527477843843
Downtown/Civic Center,37.7885796,-122.4159416,Hotel room,4,0,0.0,t,30,325,22,0.25,0.25,0.0,4,5.545177444479562
Downtown/Civic Center,37.78858,-122.41594,Hotel room,2,0,0.0,t,28,326,22,0.5,0.5,0.0,4,5.170483995038151
Downtown/Civic Center,37.7885796,-122.4159416,Hotel room,8,0,0.0,t,30,324,22,0.25,0.25,0.0,4,6.236369590203704
Downtown/Civic Center,37.78858,-122.41594,Hotel room,8,0,0.0,t,30,331,22,0.25,0.25,0.0,4,6.2878585601617845
Downtown/Civic Center,37.78858,-122.41594,Hotel room,2,0,0.0,t,30,328,22,0.5,0.5,0.0,4,5.356586274672012
Downtown/Civic Center,37.7885796,-122.4159416,Hotel room,4,0,0.0,t,30,331,22,0.25,0.25,0.0,4,5.594711379601839
Glen Park,37.73666874078191,-122.43412417688664,Entire home/apt,5,13,5.0,t,2,273,15,0.4,0.2,0.4,5,5.384495062789089
Mission,37.7662071,-122.4201693,Entire home/apt,4,1,5.0,f,0,178,56,0.5,0.25,0.75,9,5.123963979403259
North Beach,37.8068427,-122.4170605,Hotel room,2,0,0.0,f,18,156,24,0.5,0.5,0.5,18,5.564520407322694
Outer Mission,37.73309,-122.44195,Entire home/apt,4,15,4.93,t,4,16,29,0.5,0.25,0.5,5,5.117993812416755
Parkside,37.74374,-122.47556,Private room,2,0,0.0,t,0,148,44,0.5,0.75,0.5,22,3.912023005428146
Downtown/Civic Center,37.78616,-122.41166,Hotel room,4,1,5.0,f,13,285,21,0.25,0.25,0.0,4,5.293304824724492
Downtown/Civic Center,37.78616,-122.41166,Hotel room,2,3,3.67,f,13,285,21,0.5,0.5,0.0,4,5.0106352940962555
Bayview,37.73642847128387,-122.3881127597044,Private room,1,0,0.0,f,0,335,11,1.0,1.0,1.0,14,4.174387269895637
Presidio Heights,37.78336,-122.45879,Entire home/apt,2,2,5.0,f,23,164,20,0.5,0.5,0.5,24,5.6131281063880705
North Beach,37.8054714,-122.4168419,Entire home/apt,4,0,0.0,t,16,16,18,0.0,0.25,0.5,18,6.284134161070802
Inner Richmond,37.782802326695965,-122.46573694161842,Entire home/apt,2,0,0.0,t,0,304,50,0.5,0.5,0.5,15,4.290459441148391
South of Market,37.782206013574765,-122.3981937088378,Private room,1,0,0.0,f,0,247,10,1.0,1.0,1.0,1,4.174387269895637
Inner Richmond,37.7828,-122.46575,Entire home/apt,2,1,5.0,t,1,299,52,0.5,0.5,0.5,15,4.110873864173311
South of Market,37.77243410000001,-122.3972595,Entire home/apt,2,0,0.0,t,12,313,54,0.5,0.5,0.5,1,5.14166355650266
Noe Valley,37.7504524,-122.4270782,Entire home/apt,4,4,5.0,f,21,116,35,0.5,0.25,0.0,13,5.831882477283517
Outer Mission,37.722516084840336,-122.45106218718682,Private room,2,0,0.0,f,1,336,10,0.5,0.5,0.5,5,4.356708826689592
South of Market,37.7792313,-122.4038531,Entire home/apt,2,0,0.0,t,0,276,41,0.5,0.5,1.0,1,4.976733742420574
Castro/Upper Market,37.76193,-122.42987,Private room,1,19,5.0,t,21,231,28,1.0,1.5,1.0,9,4.8283137373023015
Haight Ashbury,37.76761,-122.44926,Private room,1,13,5.0,t,0,294,55,3.0,1.5,3.0,21,4.59511985013459
Haight Ashbury,37.76892,-122.44925,Private room,1,12,4.92,t,0,212,55,3.0,1.5,1.0,24,4.477336814478207
Nob Hill,37.790632697430816,-122.41944124085576,Entire home/apt,6,2,5.0,t,2,289,14,0.5,0.3333333333333333,0.5,10,6.118097198041348
Inner Richmond,37.77685,-122.46878,Private room,2,0,0.0,t,0,253,53,0.5,0.75,0.5,15,4.356708826689592
South of Market,37.76703236803918,-122.39690534770487,Entire home/apt,3,6,5.0,f,0,164,52,0.3333333333333333,0.3333333333333333,0.6666666666666666,7,5.723585101952381
Outer Richmond,37.77852,-122.48508,Private room,2,1,3.0,f,5,337,38,0.5,0.5,1.0,15,3.7612001156935624
Castro/Upper Market,37.75663,-122.44134,Entire home/apt,8,0,0.0,f,7,271,67,0.25,0.125,0.375,21,5.44673737166631
Castro/Upper Market,37.76038423944253,-122.42865639034336,Private room,1,10,5.0,t,16,65,20,1.0,1.5,1.0,9,4.762173934797756
Castro/Upper Market,37.76345,-122.42713,Entire home/apt,4,5,4.8,f,0,222,33,0.5,0.25,0.5,9,5.886104031450156
Inner Richmond,37.7810806,-122.4703533,Entire home/apt,4,37,4.92,t,30,272,34,0.25,0.25,0.25,15,4.836281906951478
Inner Richmond,37.7810806,-122.4703533,Entire home/apt,2,121,4.93,t,30,275,36,0.5,0.5,0.5,15,4.68213122712422
Downtown/Civic Center,37.7886655763782,-122.40923582031648,Entire home/apt,4,0,0.0,t,0,3,6,0.0,0.25,0.5,4,5.231108616854587
Castro/Upper Market,37.76495,-122.43061,Private room,2,1,5.0,t,12,274,14,0.5,0.5,0.5,6,4.624972813284271
Russian Hill,37.79826356008102,-122.41689396177962,Private room,1,0,0.0,f,0,119,30,2.0,1.0,3.0,18,4.927253685157205
Castro/Upper Market,37.76119,-122.42858,Private room,1,9,5.0,t,23,238,25,1.0,1.5,1.0,9,4.836281906951478
Castro/Upper Market,37.763149,-122.427876,Entire home/apt,6,5,5.0,t,12,316,37,0.6666666666666666,0.3333333333333333,0.6666666666666666,9,6.3784261836515865
Marina,37.80303,-122.43687,Entire home/apt,6,1,5.0,f,0,268,37,0.5,0.3333333333333333,0.6666666666666666,3,6.802394763324311
Inner Richmond,37.77799,-122.4778,Entire home/apt,4,1,4.0,t,0,304,26,0.5,0.25,0.5,15,5.214935757608986
Castro/Upper Market,37.75903,-122.43025,Private room,2,0,0.0,t,8,317,38,0.5,0.5,0.5,9,5.521460917862246
Castro/Upper Market,37.76520938350094,-122.43091111325222,Private room,1,0,0.0,t,1,306,31,1.0,1.0,1.0,6,4.442651256490317
Marina,37.8050118,-122.4389453,Entire home/apt,2,3,5.0,f,0,137,51,0.5,0.5,0.5,3,6.021023349349527
Western Addition,37.77780547395286,-122.44301545788832,Entire home/apt,2,0,0.0,t,4,76,3,0.5,0.5,0.5,24,4.442651256490317
Downtown/Civic Center,37.78450600835756,-122.41906794841996,Entire home/apt,6,1,1.0,f,1,336,45,0.3333333333333333,0.25,0.6666666666666666,10,5.424950017481403
Potrero Hill,37.765709155113264,-122.4045669409728,Entire home/apt,4,0,0.0,f,30,365,30,0.5,0.75,0.5,7,6.396929655216146
Ocean View,37.71923330271012,-122.45004237135372,Private room,1,0,0.0,t,0,240,45,1.0,1.0,1.0,12,4.1588830833596715
Castro/Upper Market,37.76684410243335,-122.43080372767454,Private room,1,0,0.0,t,0,324,15,1.0,1.0,1.0,6,4.442651256490317
Castro/Upper Market,37.765401961864725,-122.43096959597648,Private room,1,0,0.0,t,0,255,13,1.0,1.0,1.0,6,4.219507705176107
Inner Richmond,37.78000445673688,-122.47138555144578,Entire home/apt,2,4,5.0,t,17,251,35,0.5,0.5,0.5,15,4.68213122712422
North Beach,37.80001566466058,-122.40721507601026,Entire home/apt,2,0,0.0,t,3,213,28,0.5,0.5,0.5,18,5.062595033026967
Downtown/Civic Center,37.7876055,-122.4214594,Entire home/apt,4,1,5.0,f,30,268,10,0.25,0.25,0.5,10,5.793013608384144
Visitacion Valley,37.71647,-122.40656,Entire home/apt,4,0,0.0,f,29,364,23,0.5,0.5,0.5,14,5.303304908059076
Castro/Upper Market,37.76328882373894,-122.43850325992526,Entire home/apt,6,0,0.0,t,20,108,36,0.5,0.5,1.0,21,5.986452005284438
Marina,37.8009199,-122.4258129,Private room,6,6,4.33,f,27,339,9,0.0,0.16666666666666666,0.0,10,5.707110264748875
Outer Richmond,37.776207954102446,-122.4811103773057,Private room,2,1,5.0,t,29,179,42,0.5,0.5,0.5,15,5.0689042022202315
Mission,37.75232,-122.41382,Private room,2,0,0.0,f,1,83,31,0.5,0.5,0.5,20,4.890349128221754
Chinatown,37.7905509,-122.4069285,Private room,2,0,0.0,f,1,101,13,0.0,0.5,0.5,4,4.875197323201151
North Beach,37.80368,-122.40616,Entire home/apt,2,0,0.0,t,2,299,12,0.5,0.5,0.5,18,5.459585514144159
Russian Hill,37.79761,-122.41331,Private room,4,1,5.0,f,17,324,50,0.5,0.375,0.0,18,6.052089168924417
Ocean View,37.72239601526199,-122.45185151108709,Private room,2,0,0.0,f,30,365,20,0.5,0.5,0.5,5,4.30406509320417
Inner Richmond,37.7789918,-122.4741372,Entire home/apt,4,2,5.0,f,15,104,49,0.5,0.25,0.75,15,6.118097198041348
Noe Valley,37.753690305624616,-122.43672862698362,Entire home/apt,4,1,5.0,f,0,206,24,0.25,0.25,0.5,13,4.927253685157205
Financial District,37.7917955,-122.3923567,Private room,1,0,0.0,f,30,90,12,0.0,0.5,1.0,1,4.564348191467836
Outer Sunset,37.76308055337613,-122.48965072165548,Private room,1,2,5.0,f,17,352,42,1.0,1.0,1.0,17,3.9889840465642745
South of Market,37.77544368562704,-122.38783948123456,Entire home/apt,3,6,5.0,t,0,12,97,0.3333333333333333,0.3333333333333333,0.6666666666666666,1,5.288267030694535
South of Market,37.77568,-122.3891846,Entire home/apt,5,1,5.0,t,21,356,13,0.4,0.4,0.6,1,7.32052696227274
South of Market,37.78201223617674,-122.39354042885898,Private room,1,1,5.0,t,18,228,38,1.0,1.0,1.0,1,5.293304824724492
Bayview,37.73026435131016,-122.38961562565734,Entire home/apt,4,3,5.0,t,18,78,12,0.5,0.25,0.5,14,4.804021044733257
Western Addition,37.78316,-122.44654,Entire home/apt,4,0,0.0,f,0,254,30,0.5,0.25,1.0,24,5.214935757608986
Outer Sunset,37.76202,-122.48911,Entire home/apt,2,6,5.0,f,13,331,36,0.5,0.5,0.5,17,4.553876891600541
South of Market,37.7690435,-122.4034142,Entire home/apt,3,6,5.0,f,0,50,51,0.3333333333333333,0.3333333333333333,0.6666666666666666,7,5.652489180268651
Outer Richmond,37.78198,-122.48242,Entire home/apt,4,0,0.0,t,0,335,26,0.5,0.5,0.5,15,5.19295685089021
Outer Mission,37.72916,-122.44822,Entire home/apt,4,3,4.67,f,9,162,55,0.5,0.25,0.75,5,5.537334267018537
Visitacion Valley,37.71801683757508,-122.40847111903224,Entire home/apt,6,2,5.0,f,30,365,7,0.5,0.5,0.6666666666666666,14,5.598421958998375
Haight Ashbury,37.76631425667963,-122.45145443622046,Private room,2,12,4.92,f,18,62,8,0.5,0.5,0.5,21,4.859812404361672
Mission,37.75402,-122.41845,Private room,1,0,0.0,t,28,363,26,3.0,1.0,1.0,20,4.382026634673881
Mission,37.7519,-122.41935,Private room,1,0,0.0,t,28,363,26,10.0,1.0,1.0,20,4.382026634673881
Mission,37.7566368,-122.4228241,Private room,2,2,4.5,f,10,67,42,0.5,0.5,0.5,9,4.59511985013459
Mission,37.7566368,-122.4228241,Entire home/apt,8,4,5.0,f,3,32,46,0.5,0.5625,0.5,9,6.075346031088684
Mission,37.75046,-122.4151,Entire home/apt,2,0,0.0,t,0,112,39,0.5,0.5,1.0,20,5.10594547390058
Outer Mission,37.7192069,-122.4464474,Entire home/apt,4,7,5.0,f,10,226,45,0.5,0.25,0.75,12,5.123963979403259
Inner Sunset,37.75025,-122.47528,Entire home/apt,6,0,0.0,f,27,274,27,0.3333333333333333,0.3333333333333333,0.3333333333333333,22,5.241747015059643
Mission,37.75736,-122.42503,Private room,1,0,0.0,f,0,146,10,1.0,0.5,1.0,9,4.290459441148391
Bayview,37.71644,-122.39482,Private room,2,7,5.0,f,9,344,31,0.5,0.5,1.0,14,4.564348191467836
Nob Hill,37.7928604,-122.4187308,Private room,4,10,4.7,f,9,325,54,0.25,0.25,0.5,10,5.662960480135946
Downtown/Civic Center,37.7873567864354,-122.42062060562448,Shared room,1,25,4.56,f,30,365,9,1.0,0.0,1.0,10,3.5263605246161616
Downtown/Civic Center,37.787470237357056,-122.4191606642628,Shared room,1,33,4.64,f,27,362,9,1.0,0.0,1.0,10,3.58351893845611
Nob Hill,37.78958,-122.42033,Shared room,1,1,5.0,f,29,364,8,1.0,1.0,1.0,10,3.5263605246161616
Downtown/Civic Center,37.78774141208885,-122.42021013613792,Shared room,1,8,5.0,f,29,364,7,1.0,1.0,1.0,10,3.5553480614894135
Nob Hill,37.78929,-122.41845,Shared room,1,3,5.0,f,30,363,6,1.0,0.0,1.0,10,3.8501476017100584
Nob Hill,37.78957,-122.41864,Shared room,1,7,4.57,f,24,355,8,1.0,0.0,1.0,10,3.8501476017100584
Mission,37.75041,-122.40685,Entire home/apt,4,0,0.0,f,16,140,12,0.25,0.25,0.25,20,5.135798437050262
Castro/Upper Market,37.75994,-122.42787,Entire home/apt,2,0,0.0,t,0,159,9,1.0,0.5,1.0,9,5.267858159063328
South of Market,37.78275787773772,-122.398280085573,Private room,1,0,0.0,f,21,356,19,1.0,1.0,1.0,1,4.394449154672439
Castro/Upper Market,37.76069,-122.4306,Entire home/apt,8,2,5.0,t,13,333,43,0.5,0.1875,0.5,9,6.51471269087253
West of Twin Peaks,37.73972,-122.44835,Private room,5,3,5.0,t,15,61,38,0.4,0.2,0.4,5,5.1647859739235145
Mission,37.749974848253295,-122.42281892519424,Private room,2,0,0.0,f,5,300,12,0.5,0.5,0.5,13,5.501258210544727
Inner Richmond,37.7761,-122.45831,Entire home/apt,2,1,5.0,f,1,254,42,0.5,0.5,0.5,24,5.209486152841421
Haight Ashbury,37.77002,-122.44164,Private room,5,0,0.0,f,18,53,38,0.6,0.4,0.6,6,6.021023349349527
Haight Ashbury,37.77023226004279,-122.44338039218157,Private room,6,0,0.0,f,17,48,22,0.5,0.4166666666666667,0.5,24,5.940171252720432
Twin Peaks,37.75803,-122.44565,Entire home/apt,4,0,0.0,f,23,358,5,0.25,0.25,0.25,21,5.517452896464707
Bernal Heights,37.73451,-122.4122,Entire home/apt,6,8,4.5,t,27,362,36,0.5,0.16666666666666666,0.6666666666666666,2,5.66988092298052
Western Addition,37.7877,-122.42401,Private room,2,1,5.0,t,28,259,11,0.5,0.5,0.5,10,5.117993812416755
Noe Valley,37.75375,-122.43372,Entire home/apt,2,1,5.0,f,7,238,37,0.5,0.5,0.5,13,5.493061443340548
Pacific Heights,37.79078,-122.44592,Entire home/apt,6,2,5.0,t,13,319,45,0.5,0.3333333333333333,0.6666666666666666,3,6.45833828334479
Castro/Upper Market,37.7648221,-122.4364275,Entire home/apt,6,0,0.0,f,28,363,66,0.5,0.3333333333333333,0.5,6,7.629489916393995
Nob Hill,37.7961162,-122.415967,Private room,2,8,4.88,f,4,48,12,0.5,0.5,0.5,18,4.727387818712341
Haight Ashbury,37.76992120173736,-122.44549379410874,Shared room,2,6,4.83,t,14,56,15,0.0,0.5,0.5,24,4.07753744390572
Outer Mission,37.71267,-122.44828,Entire home/apt,2,1,5.0,t,0,69,6,0.5,0.5,0.5,12,4.219507705176107
South of Market,37.78815781244441,-122.39261353444928,Entire home/apt,2,0,0.0,t,1,274,65,0.5,0.5,0.5,1,5.365976015021851
Russian Hill,37.8013746,-122.4145776,Entire home/apt,4,2,5.0,f,0,31,13,0.5,0.25,0.5,18,6.396929655216146
Haight Ashbury,37.7709967,-122.4490853,Entire home/apt,8,0,0.0,f,30,365,8,0.5,0.5,0.5,24,6.2285110035911835
Downtown/Civic Center,37.78959571670164,-122.41093162497124,Entire home/apt,2,0,0.0,t,0,285,52,0.5,0.5,0.5,4,5.313205979041787
Nob Hill,37.790149134622034,-122.41097581287328,Entire home/apt,2,0,0.0,t,23,330,52,0.5,0.5,0.5,4,5.181783550292085
Twin Peaks,37.75172,-122.44466,Entire home/apt,4,0,0.0,t,0,304,48,0.5,0.25,0.5,21,5.147494476813453
Bayview,37.73543,-122.40194,Entire home/apt,4,6,5.0,f,1,316,9,0.5,0.25,0.5,14,4.90527477843843
Bayview,37.73686,-122.40348,Entire home/apt,2,0,0.0,f,1,336,17,0.0,0.5,0.5,14,4.574710978503383
Bayview,37.7352,-122.40411,Entire home/apt,2,1,5.0,f,17,295,17,0.0,0.5,0.5,14,4.219507705176107
Downtown/Civic Center,37.78802,-122.41185,Private room,4,0,0.0,f,30,365,13,0.25,0.25,0.25,4,5.8664680569332965
South of Market,37.7871274,-122.3930498,Entire home/apt,4,3,5.0,t,20,74,38,0.5,0.5,0.5,1,6.3835066348840055
Downtown/Civic Center,37.78655534460459,-122.40899857706628,Private room,2,0,0.0,f,23,318,22,0.5,0.5,0.5,4,4.736198448394496
Downtown/Civic Center,37.78551,-122.40752,Private room,2,0,0.0,f,7,286,22,0.5,0.5,0.5,4,4.6443908991413725
Bernal Heights,37.7477,-122.4223,Entire home/apt,6,5,4.8,t,7,296,39,0.3333333333333333,0.3333333333333333,0.6666666666666666,13,5.723585101952381
Marina,37.798700840025575,-122.43259197915724,Entire home/apt,1,1,5.0,t,0,305,26,0.0,1.0,1.0,3,4.605170185988092
Twin Peaks,37.750922964393865,-122.44510689514402,Entire home/apt,3,1,5.0,f,29,358,50,0.3333333333333333,0.3333333333333333,0.6666666666666666,21,5.181783550292085
North Beach,37.80566,-122.4176201,Entire home/apt,2,0,0.0,t,15,15,19,0.0,0.5,0.5,18,6.061456918928017
Nob Hill,37.78904011876264,-122.4213626048342,Entire home/apt,2,0,0.0,t,2,47,41,0.5,0.5,0.5,10,5.159055299214529
Noe Valley,37.75582963994746,-122.43476974232787,Entire home/apt,6,1,5.0,f,0,8,65,0.5,0.5,0.5,13,7.063903961472068
Ocean View,37.7211974694312,-122.4497002660125,Private room,1,0,0.0,f,13,348,20,1.0,1.0,1.0,12,4.23410650459726
Castro/Upper Market,37.76357,-122.44429,Entire home/apt,3,2,5.0,f,0,111,38,0.3333333333333333,0.6666666666666666,0.6666666666666666,21,5.298317366548036
Marina,37.804902,-122.43646,Entire home/apt,5,1,5.0,t,21,332,22,0.4,0.4,0.4,3,5.942799375126701
Financial District,37.78786,-122.40353,Private room,2,2,5.0,t,23,150,21,0.5,0.5,0.5,4,5.905361848054571
Financial District,37.78708,-122.40376,Private room,4,0,0.0,t,16,119,21,0.25,0.25,0.5,4,5.796057750765372
Marina,37.79593,-122.44277,Entire home/apt,4,1,5.0,t,0,316,45,0.5,0.625,0.5,3,7.640123172695364
Marina,37.80614,-122.43857,Entire home/apt,8,0,0.0,f,29,364,58,0.375,0.3125,1.0,3,6.309918278226516
Noe Valley,37.75170388933016,-122.42744900286198,Entire home/apt,8,2,3.5,f,30,362,17,0.375,0.1875,0.375,13,5.8916442118257715
West of Twin Peaks,37.73609,-122.44816,Entire home/apt,4,1,4.0,f,18,348,8,0.25,0.25,0.0,5,4.912654885736052
Bayview,37.73013,-122.38773,Entire home/apt,4,5,5.0,f,30,365,12,0.75,0.25,0.75,14,4.8283137373023015
Noe Valley,37.7516837,-122.4258032,Private room,2,0,0.0,f,22,352,10,0.5,0.75,0.5,13,4.48863636973214
South of Market,37.7726424,-122.393188,Entire home/apt,2,11,5.0,t,4,297,56,0.5,0.5,0.5,1,5.771441123130016
Outer Richmond,37.77828269695764,-122.48160737462936,Private room,2,2,5.0,f,0,234,27,0.5,0.5,0.5,15,4.248495242049359
Downtown/Civic Center,37.78532,-122.41443,Entire home/apt,3,0,0.0,f,12,347,14,0.3333333333333333,0.3333333333333333,0.3333333333333333,4,4.709530201312334
Mission,37.75332,-122.41788,Private room,1,0,0.0,t,28,363,26,4.0,1.0,1.0,20,4.382026634673881
South of Market,37.78213,-122.40901,Private room,4,0,0.0,f,9,248,27,0.25,0.25,0.5,4,5.081404364984463
Downtown/Civic Center,37.78226,-122.41091,Private room,2,0,0.0,f,25,289,27,0.5,0.5,0.5,4,5.159055299214529
Downtown/Civic Center,37.78226,-122.41084,Private room,2,0,0.0,f,8,254,27,0.5,0.5,0.5,4,5.153291594497779
Haight Ashbury,37.77513415985184,-122.43851670674592,Entire home/apt,4,8,4.88,f,1,6,33,0.25,0.25,0.5,6,5.170483995038151
Parkside,37.74482909330186,-122.47061726838014,Entire home/apt,6,4,5.0,f,30,365,44,0.3333333333333333,0.08333333333333333,0.5,22,5.723585101952381
Western Addition,37.78660654155781,-122.4428874232788,Entire home/apt,2,3,5.0,f,2,107,8,0.5,0.5,0.5,24,5.680172609017068
North Beach,37.80555,-122.41676,Private room,2,5,4.8,f,23,165,21,0.5,0.5,0.5,18,5.062595033026967
Russian Hill,37.80574,-122.41836,Private room,2,0,0.0,f,28,171,21,0.5,0.5,0.5,18,5.117993812416755
Russian Hill,37.80597,-122.41899,Private room,4,1,4.0,f,28,165,21,0.25,0.25,0.5,18,5.247024072160486
North Beach,37.80744,-122.41854,Private room,2,2,5.0,f,28,169,21,0.5,0.5,0.5,18,4.890349128221754
North Beach,37.80598,-122.41713,Private room,2,0,0.0,f,27,167,21,0.5,0.5,0.5,18,5.420534999272286
Downtown/Civic Center,37.78698,-122.41303,Private room,2,1,3.0,f,22,88,20,0.5,0.5,0.5,4,4.948759890378168
Downtown/Civic Center,37.78698,-122.41303,Private room,2,1,1.0,f,26,94,20,0.5,0.5,0.5,4,5.117993812416755
Downtown/Civic Center,37.78698,-122.41303,Private room,2,1,5.0,f,27,96,20,0.5,0.5,0.5,4,5.017279836814924
Downtown/Civic Center,37.78698,-122.41303,Private room,2,1,3.0,f,19,84,20,0.5,0.5,0.5,4,5.0369526024136295
Downtown/Civic Center,37.78698,-122.41303,Private room,2,1,5.0,f,21,82,20,0.5,0.5,0.5,4,5.117993812416755
Financial District,37.78699,-122.40212,Entire home/apt,3,0,0.0,f,5,340,40,0.0,0.3333333333333333,0.6666666666666666,1,5.293304824724492
Western Addition,37.787003,-122.4238528,Private room,2,0,0.0,f,16,301,13,0.5,0.5,0.5,10,5.768320995793772
Western Addition,37.7881,-122.42467,Private room,2,1,5.0,f,11,280,6,0.5,0.5,0.5,10,5.869296913133774
Western Addition,37.788,-122.4245,Private room,2,3,4.67,f,19,300,6,0.5,0.5,0.5,10,5.831882477283517
Inner Richmond,37.77941,-122.45927,Private room,1,3,4.67,f,13,331,20,1.0,1.0,1.0,24,4.007333185232471
Western Addition,37.78813,-122.42275,Private room,2,0,0.0,f,9,293,7,0.5,0.5,0.5,10,5.755742213586912
Western Addition,37.78749,-122.42467,Private room,2,3,5.0,f,22,298,5,0.5,0.5,0.5,10,5.942799375126701
Western Addition,37.78747,-122.42292,Private room,2,1,5.0,f,13,286,6,0.5,0.5,0.5,10,5.703782474656201
Western Addition,37.78726,-122.4228,Private room,2,2,5.0,f,16,273,16,0.5,0.5,0.5,10,5.60947179518496
Western Addition,37.78628,-122.42465,Private room,2,1,5.0,f,14,282,6,0.5,0.5,0.5,10,5.723585101952381
Western Addition,37.78602,-122.42284,Private room,2,1,5.0,f,16,285,6,0.5,0.5,0.5,10,5.638354669333745
Western Addition,37.78644,-122.42283,Private room,2,0,0.0,f,21,317,6,0.5,0.5,0.5,10,5.662960480135946
Western Addition,37.787003,-122.4238528,Private room,2,1,5.0,f,25,317,6,0.5,0.5,0.5,10,6.302618975744905
Western Addition,37.78603,-122.42494,Private room,2,2,5.0,f,19,294,5,0.5,0.5,0.5,10,5.683579767338681
Western Addition,37.77817,-122.44336,Private room,10,0,0.0,f,9,321,6,1.0,0.2,1.0,24,4.174387269895637
Presidio,37.79271,-122.4475,Private room,2,0,0.0,t,13,319,11,0.5,0.5,0.5,3,5.541263545158426
Pacific Heights,37.79054212622437,-122.4461920298381,Private room,2,0,0.0,t,13,319,13,0.5,0.5,0.5,3,5.948034989180646
South of Market,37.78165,-122.39918,Entire home/apt,2,0,0.0,f,21,121,21,0.0,0.5,0.5,1,4.700480365792417
Downtown/Civic Center,37.78776305643432,-122.41402288630094,Private room,4,0,0.0,t,28,86,13,0.25,0.25,0.5,4,5.327876168789581
South of Market,37.78311,-122.3965,Private room,1,0,0.0,f,0,240,7,1.0,1.0,1.0,1,3.5553480614894135
Ocean View,37.7219,-122.4499,Private room,2,0,0.0,f,19,354,12,0.5,0.5,0.5,5,4.174387269895637
Outer Mission,37.72255,-122.45116,Private room,2,0,0.0,f,30,365,7,0.5,0.5,0.5,5,3.7376696182833684
Nob Hill,37.79379,-122.42093,Entire home/apt,2,0,0.0,f,0,289,10,0.5,0.5,1.0,10,4.962844630259907
Marina,37.79562,-122.44294,Entire home/apt,1,0,0.0,t,11,316,41,1.0,1.0,1.0,3,4.941642422609304
South of Market,37.78086870851519,-122.39743006843052,Entire home/apt,3,1,5.0,f,8,332,37,0.3333333333333333,0.3333333333333333,0.3333333333333333,1,5.455321115357702
Inner Richmond,37.78118,-122.46387,Entire home/apt,4,0,0.0,t,0,274,53,0.5,0.25,0.75,15,4.882801922586371
Noe Valley,37.75487,-122.43446,Private room,1,0,0.0,f,29,334,52,1.0,1.5,1.0,13,4.418840607796598
Marina,37.8015142,-122.4256185,Hotel room,4,0,0.0,f,30,365,24,0.25,0.25,0.0,10,5.093750200806762
Marina,37.8015142,-122.4256185,Hotel room,4,0,0.0,f,30,365,24,0.25,0.25,0.0,10,5.093750200806762
Marina,37.8015142,-122.4256185,Hotel room,6,0,0.0,f,27,355,24,0.16666666666666666,0.16666666666666666,0.0,10,5.739792912179234
Marina,37.80151,-122.42562,Hotel room,4,0,0.0,f,30,365,24,0.25,0.25,0.0,10,6.761572768804055
Marina,37.80151,-122.42562,Hotel room,6,0,0.0,f,27,355,24,0.16666666666666666,0.16666666666666666,0.0,10,5.739792912179234
Marina,37.8015142,-122.4256185,Hotel room,2,0,0.0,f,21,352,24,0.5,0.5,0.0,10,4.927253685157205
Marina,37.80151,-122.42562,Hotel room,2,0,0.0,f,21,352,24,0.5,0.5,0.0,10,4.927253685157205
Marina,37.8015142,-122.4256185,Hotel room,2,0,0.0,f,29,364,24,0.5,0.5,0.0,10,4.969813299576001
Marina,37.80151,-122.42562,Hotel room,2,0,0.0,f,29,364,24,0.5,0.5,0.0,10,4.969813299576001
Marina,37.8015142,-122.4256185,Hotel room,2,0,0.0,f,29,364,24,0.5,0.5,0.0,10,5.976350909297934
Marina,37.80151,-122.42562,Hotel room,2,0,0.0,f,29,364,24,0.5,0.5,0.0,10,5.976350909297934
Western Addition,37.77263811792529,-122.4306866650818,Entire home/apt,1,0,0.0,f,0,335,7,1.0,1.0,1.0,6,4.852030263919617
Russian Hill,37.79862,-122.41867,Entire home/apt,2,1,5.0,f,11,306,28,0.5,0.5,0.5,18,5.733341276897746
Mission,37.76046,-122.40664,Private room,1,0,0.0,f,0,293,12,1.0,1.5,1.0,7,4.442651256490317
Western Addition,37.77156,-122.43684,Entire home/apt,7,2,5.0,t,6,270,46,0.5714285714285714,0.14285714285714285,0.5714285714285714,6,6.1092475827643655
Excelsior,37.7157,-122.43735,Private room,4,0,0.0,f,0,331,42,0.25,0.25,0.5,12,5.1647859739235145
Bayview,37.73692,-122.38946,Entire home/apt,2,0,0.0,f,30,270,7,0.5,0.5,0.5,14,4.61512051684126
Downtown/Civic Center,37.78945,-122.41173,Private room,4,0,0.0,f,20,335,12,0.25,0.25,0.5,4,5.958424693029782
South of Market,37.77166,-122.42293,Private room,2,1,5.0,f,21,150,53,0.5,0.5,0.5,9,4.787491742782046
Bayview,37.73624,-122.39875,Private room,2,0,0.0,f,1,298,27,0.5,0.5,0.5,14,4.219507705176107
Inner Richmond,37.77942,-122.46862,Entire home/apt,16,0,0.0,f,0,295,12,0.3125,0.125,0.5,15,6.529418838262226
Bayview,37.7357570230998,-122.39869561992734,Private room,2,0,0.0,f,30,327,24,0.5,0.5,0.5,14,4.189654742026425
Noe Valley,37.74647,-122.43051,Entire home/apt,2,0,0.0,t,0,119,8,0.5,0.75,0.5,13,6.089044875446846
Nob Hill,37.79351,-122.41629,Private room,1,0,0.0,f,29,364,9,1.0,1.0,1.0,10,4.663439094112067
Western Addition,37.78835,-122.43653,Entire home/apt,2,0,0.0,f,0,182,55,0.5,0.5,0.5,3,5.298317366548036
Downtown/Civic Center,37.7889904,-122.4127915,Private room,4,0,0.0,f,20,76,35,0.25,0.25,0.5,4,5.25227342804663
Downtown/Civic Center,37.7889904,-122.4127915,Private room,6,0,0.0,f,8,55,33,0.3333333333333333,0.16666666666666666,0.5,4,5.66988092298052
Western Addition,37.78809,-122.43647,Entire home/apt,2,0,0.0,f,0,303,54,0.5,0.5,0.5,3,5.075173815233827
Pacific Heights,37.78973,-122.43878,Entire home/apt,1,0,0.0,f,0,335,54,1.0,1.0,1.0,3,5.1647859739235145
Potrero Hill,37.75765,-122.39104,Entire home/apt,2,1,5.0,f,1,39,38,0.5,0.5,0.5,7,5.60947179518496
Nob Hill,37.79693,-122.41343,Private room,1,0,0.0,f,0,335,30,0.0,1.0,1.0,18,3.9512437185814275
Russian Hill,37.7985,-122.41146,Private room,1,0,0.0,f,0,333,28,1.0,1.0,1.0,18,3.970291913552122
Castro/Upper Market,37.76574,-122.42729,Entire home/apt,2,4,5.0,f,0,34,62,0.5,0.5,0.5,9,5.455321115357702
Noe Valley,37.74725,-122.42929,Entire home/apt,4,0,0.0,f,30,271,13,0.5,0.625,0.5,13,6.1092475827643655
South of Market,37.77956,-122.40271,Entire home/apt,2,0,0.0,f,3,231,53,0.5,0.5,0.5,1,5.0689042022202315
Outer Mission,37.72257,-122.43874,Entire home/apt,4,0,0.0,f,30,365,7,0.5,0.25,0.5,12,5.10594547390058
Outer Sunset,37.75612,-122.50687,Entire home/apt,2,2,5.0,f,15,344,29,0.5,0.5,0.5,17,4.584967478670572
Downtown/Civic Center,37.7889904,-122.4127915,Entire home/apt,4,0,0.0,t,3,3,20,0.25,0.25,0.5,4,5.337538079701318
North Beach,37.8042436,-122.4054002,Entire home/apt,2,0,0.0,f,0,185,30,0.5,0.5,0.5,18,5.707110264748875
Bayview,37.71625582405476,-122.38963608970197,Private room,5,0,0.0,f,22,33,52,0.4,0.4,0.4,14,5.501258210544727
Outer Sunset,37.7470545,-122.4837614,Entire home/apt,3,0,0.0,t,15,141,7,0.3333333333333333,0.3333333333333333,0.6666666666666666,22,5.093750200806762
Downtown/Civic Center,37.7889904,-122.4127915,Entire home/apt,4,0,0.0,t,5,8,20,0.25,0.25,0.5,4,5.908082938168931
West of Twin Peaks,37.73679,-122.44727,Entire home/apt,4,0,0.0,f,21,333,25,0.25,0.25,0.25,5,4.5217885770490405
South of Market,37.7749081,-122.4013504,Entire home/apt,4,0,0.0,f,0,330,19,0.5,0.5,1.0,1,5.303304908059076
Downtown/Civic Center,37.78689782665849,-122.41168385825468,Private room,2,1,1.0,f,7,280,15,0.5,0.5,0.5,4,4.143134726391533
Downtown/Civic Center,37.78913661346961,-122.4113010972357,Private room,2,0,0.0,f,6,280,16,0.5,0.5,0.5,4,4.143134726391533
North Beach,37.80345,-122.41221,Entire home/apt,4,0,0.0,f,4,325,36,0.5,0.25,0.5,18,5.752572638825633
Downtown/Civic Center,37.78762,-122.41308,Private room,2,0,0.0,f,3,333,16,0.5,0.5,0.5,4,4.143134726391533
Downtown/Civic Center,37.78906866271574,-122.41165116266788,Private room,2,0,0.0,f,5,319,14,0.5,0.5,0.5,4,4.143134726391533
Potrero Hill,37.763298,-122.396908,Entire home/apt,4,0,0.0,f,19,268,27,0.5,0.5,0.75,7,5.655991810819852
Mission,37.75308,-122.41771,Private room,1,0,0.0,f,28,363,14,1.0,1.0,1.0,20,4.477336814478207
Mission,37.75328,-122.4178,Private room,1,0,0.0,f,28,363,14,1.0,2.0,1.0,20,4.477336814478207
Mission,37.7539415451322,-122.41980930883804,Private room,1,0,0.0,f,28,363,14,1.0,2.0,1.0,20,4.477336814478207
Downtown/Civic Center,37.78831377169704,-122.41300351056682,Private room,2,0,0.0,f,9,325,13,0.5,0.5,0.5,4,4.143134726391533
Downtown/Civic Center,37.78706350652868,-122.41080558156852,Private room,2,0,0.0,f,0,269,16,0.5,0.5,0.5,4,4.143134726391533
Russian Hill,37.80031,-122.41466,Entire home/apt,2,0,0.0,f,17,352,6,0.5,0.5,0.5,18,4.382026634673881
Downtown/Civic Center,37.78722,-122.41154,Private room,2,0,0.0,f,0,322,16,0.5,0.5,0.5,4,4.143134726391533
Downtown/Civic Center,37.7861547,-122.4116549,Hotel room,2,0,0.0,f,13,285,21,0.5,0.5,0.0,4,4.997212273764115
Downtown/Civic Center,37.7861547,-122.4116549,Hotel room,4,0,0.0,f,13,285,21,0.25,0.25,0.0,4,5.2832037287379885
Chinatown,37.79055,-122.40693,Private room,2,0,0.0,f,3,5,6,0.5,0.5,0.5,4,5.159055299214529
Marina,37.79988693830306,-122.42864748467466,Private room,2,0,0.0,t,4,82,54,1.5,0.75,1.5,3,5.176149732573829
Western Addition,37.77360377032405,-122.42564955148664,Private room,6,0,0.0,t,0,319,45,0.3333333333333333,0.3333333333333333,0.3333333333333333,6,6.139884552226255
South of Market,37.772,-122.39028,Entire home/apt,2,0,0.0,t,8,310,53,0.5,0.5,0.5,1,5.54907608489522
Visitacion Valley,37.7148139,-122.409378,Entire home/apt,12,0,0.0,f,24,253,51,0.3333333333333333,0.25,0.4166666666666667,14,6.263398262591624
Downtown/Civic Center,37.78372,-122.41085,Entire home/apt,2,0,0.0,f,10,345,45,0.5,0.5,0.5,4,5.176149732573829
Downtown/Civic Center,37.7838,-122.40929,Entire home/apt,4,0,0.0,f,0,311,46,0.25,0.25,0.5,4,5.4116460518550396
Downtown/Civic Center,37.78894340371292,-122.409917676014,Entire home/apt,4,0,0.0,t,0,3,6,0.0,0.25,0.5,4,5.214935757608986
South of Market,37.77332,-122.39009,Entire home/apt,2,0,0.0,t,0,315,50,0.5,0.5,0.5,1,5.342334251964811
Bayview,37.72193,-122.39963,Entire home/apt,7,0,0.0,f,25,175,38,0.42857142857142855,0.21428571428571427,0.5714285714285714,14,5.0238805208462765
Castro/Upper Market,37.75868,-122.43178,Entire home/apt,2,0,0.0,t,4,181,29,0.5,0.5,1.0,13,5.267858159063328
Visitacion Valley,37.7188,-122.40124,Private room,2,0,0.0,f,4,339,11,0.5,0.5,0.5,14,3.58351893845611
Chinatown,37.7953623676022,-122.40557598540651,Private room,2,0,0.0,t,0,128,12,0.5,0.5,0.5,4,3.6888794541139363
Downtown/Civic Center,37.78877620711335,-122.41230977064698,Private room,2,0,0.0,f,0,322,13,0.5,0.5,0.5,4,4.143134726391533
Downtown/Civic Center,37.78961,-122.41212,Private room,2,0,0.0,f,0,260,13,0.5,0.5,0.5,4,4.143134726391533
Russian Hill,37.79743,-122.41306,Private room,1,0,0.0,f,30,285,29,1.0,2.0,1.0,18,3.912023005428146
Pacific Heights,37.79418,-122.44501,Entire home/apt,4,0,0.0,t,28,363,42,0.5,0.625,0.5,3,7.6544432264701125
Chinatown,37.79105,-122.4071,Entire home/apt,3,0,0.0,f,11,94,25,0.6666666666666666,0.3333333333333333,0.6666666666666666,4,5.14166355650266
Potrero Hill,37.75993,-122.39251,Entire home/apt,4,0,0.0,t,0,60,9,0.5,0.25,0.5,7,5.924255797414532
Bayview,37.73791,-122.3977,Private room,2,0,0.0,f,0,250,22,0.5,0.5,0.5,14,4.110873864173311
Bayview,37.73792,-122.39878,Private room,2,0,0.0,f,1,281,23,0.5,0.5,0.5,14,4.060443010546419
Bayview,37.73575,-122.39693,Entire home/apt,8,0,0.0,f,25,357,31,0.375,0.1875,0.625,14,5.545177444479562
Bernal Heights,37.73922,-122.41159,Entire home/apt,4,0,0.0,f,15,166,38,0.5,0.5,0.5,2,5.313205979041787
Outer Sunset,37.75424,-122.50553,Entire home/apt,4,0,0.0,f,30,270,16,0.5,0.25,0.75,17,5.5053315359323625
Visitacion Valley,37.71962,-122.40233,Private room,4,0,0.0,t,20,108,72,0.5,0.5,0.5,14,5.123963979403259
Bernal Heights,37.73764534296442,-122.41239049464684,Entire home/apt,6,0,0.0,f,30,203,31,0.5,0.5,0.5,2,5.940171252720432
